ts,date_utc,entity,class,block,value_usd,status
1753552800,2025-07-26,Arbitrum,upgraded-in-place,361841511,1020215866.231344,ok
1753552800,2025-07-26,Arbitrum_L1Gateway,legacy-escrow,23004969,139783.021025,ok
1753552800,2025-07-26,Berachain,native-oft,8260914,1588983.468317,ok
1753552800,2025-07-26,Conflux,native-oft,127425882,0.000000,not-deployed
1753552800,2025-07-26,Flare,native-oft,45148798,72550472.528254,ok
1753552800,2025-07-26,HyperEVM,native-oft,9459175,95230836.991638,ok
1753552800,2025-07-26,Ink,native-oft,20054389,74747049.763367,ok
1753552800,2025-07-26,Mantle,native-oft,82711244,0.000000,not-deployed
1753552800,2025-07-26,Monad,native-oft,12542411,0.000000,not-deployed
1753552800,2025-07-26,Morph,native-oft,13424009,0.000000,not-deployed
1753552800,2025-07-26,Optimism,native-oft,138977011,0.000000,not-deployed
1753552800,2025-07-26,Optimism_L1Bridge,legacy-escrow,23004969,243195545.500923,ok
1753552800,2025-07-26,Plasma,native-oft,,0.000000,pre-history
1753552800,2025-07-26,Polygon,upgraded-in-place,74441728,1245115902.849620,ok
1753552800,2025-07-26,Polygon_ERC20Pred,legacy-escrow,23004969,0.000000,ok
1753552800,2025-07-26,Rootstock,native-oft,7820438,1987396.428145,ok
1753552800,2025-07-26,Stable,native-oft,,0.000000,pre-history
1753552800,2025-07-26,Tempo,native-oft,,0.000000,pre-history
1753552800,2025-07-26,USDT0_lockbox,collateral,23004969,1436365409.132915,ok
1753552800,2025-07-26,Unichain,native-oft,22804441,131065814.770697,ok
1753552800,2025-07-26,XLayer,native-oft,26729342,0.000000,not-deployed
1753725600,2025-07-28,Arbitrum,upgraded-in-place,362533464,1050576660.896154,ok
1753725600,2025-07-28,Arbitrum_L1Gateway,legacy-escrow,23019291,139783.021025,ok
1753725600,2025-07-28,Berachain,native-oft,8351400,1652935.586524,ok
1753725600,2025-07-28,Conflux,native-oft,127548480,0.000000,not-deployed
1753725600,2025-07-28,Flare,native-oft,45247157,68473367.462698,ok
1753725600,2025-07-28,HyperEVM,native-oft,9632240,89427315.874749,ok
1753725600,2025-07-28,Ink,native-oft,20227189,75052343.200141,ok
1753725600,2025-07-28,Mantle,native-oft,82797644,0.000000,not-deployed
1753725600,2025-07-28,Monad,native-oft,12873159,0.000000,not-deployed
1753725600,2025-07-28,Morph,native-oft,13596577,0.000000,not-deployed
1753725600,2025-07-28,Optimism,native-oft,139063411,0.000000,not-deployed
1753725600,2025-07-28,Optimism_L1Bridge,legacy-escrow,23019291,243259247.684481,ok
1753725600,2025-07-28,Plasma,native-oft,,0.000000,pre-history
1753725600,2025-07-28,Polygon,upgraded-in-place,74522841,1226771512.292230,ok
1753725600,2025-07-28,Polygon_ERC20Pred,legacy-escrow,23019291,0.000000,ok
1753725600,2025-07-28,Rootstock,native-oft,7827583,2196089.085438,ok
1753725600,2025-07-28,Stable,native-oft,,0.000000,pre-history
1753725600,2025-07-28,Tempo,native-oft,,0.000000,pre-history
1753725600,2025-07-28,USDT0_lockbox,collateral,23019291,1443592744.176232,ok
1753725600,2025-07-28,Unichain,native-oft,22977241,116153499.014641,ok
1753725600,2025-07-28,XLayer,native-oft,27148683,0.000000,not-deployed
1753898400,2025-07-30,Arbitrum,upgraded-in-place,363225512,1060192245.098985,ok
1753898400,2025-07-30,Arbitrum_L1Gateway,legacy-escrow,23033589,139763.021025,ok
1753898400,2025-07-30,Berachain,native-oft,8441598,1715577.202646,ok
1753898400,2025-07-30,Conflux,native-oft,127671908,0.000000,not-deployed
1753898400,2025-07-30,Flare,native-oft,45347412,84584608.483348,ok
1753898400,2025-07-30,HyperEVM,native-oft,9807919,91137045.822949,ok
1753898400,2025-07-30,Ink,native-oft,20399989,75662904.438863,ok
1753898400,2025-07-30,Mantle,native-oft,82884044,0.000000,not-deployed
1753898400,2025-07-30,Monad,native-oft,13217660,0.000000,not-deployed
1753898400,2025-07-30,Morph,native-oft,13766649,0.000000,not-deployed
1753898400,2025-07-30,Optimism,native-oft,139149811,0.000000,not-deployed
1753898400,2025-07-30,Optimism_L1Bridge,legacy-escrow,23033589,258260847.684481,ok
1753898400,2025-07-30,Plasma,native-oft,,0.000000,pre-history
1753898400,2025-07-30,Polygon,upgraded-in-place,74601132,1226418792.448727,ok
1753898400,2025-07-30,Polygon_ERC20Pred,legacy-escrow,23033589,0.000000,ok
1753898400,2025-07-30,Rootstock,native-oft,7834636,2323643.512530,ok
1753898400,2025-07-30,Stable,native-oft,,0.000000,pre-history
1753898400,2025-07-30,Tempo,native-oft,,0.000000,pre-history
1753898400,2025-07-30,USDT0_lockbox,collateral,23033589,1484974229.432581,ok
1753898400,2025-07-30,Unichain,native-oft,23150041,131921109.390597,ok
1753898400,2025-07-30,XLayer,native-oft,27567971,0.000000,not-deployed
1754071200,2025-08-01,Arbitrum,upgraded-in-place,363917604,1082150556.186489,ok
1754071200,2025-08-01,Arbitrum_L1Gateway,legacy-escrow,23047881,139763.021025,ok
1754071200,2025-08-01,Berachain,native-oft,8532117,11711932.057508,ok
1754071200,2025-08-01,Conflux,native-oft,127795862,0.000000,not-deployed
1754071200,2025-08-01,Flare,native-oft,45446982,79272300.440652,ok
1754071200,2025-08-01,HyperEVM,native-oft,9983599,100702631.575127,ok
1754071200,2025-08-01,Ink,native-oft,20572789,50919460.478375,ok
1754071200,2025-08-01,Mantle,native-oft,82970444,0.000000,not-deployed
1754071200,2025-08-01,Monad,native-oft,13562117,0.000000,not-deployed
1754071200,2025-08-01,Morph,native-oft,13924581,0.000000,not-deployed
1754071200,2025-08-01,Optimism,native-oft,139236211,0.000000,not-deployed
1754071200,2025-08-01,Optimism_L1Bridge,legacy-escrow,23047881,258266247.684481,ok
1754071200,2025-08-01,Plasma,native-oft,,0.000000,pre-history
1754071200,2025-08-01,Polygon,upgraded-in-place,74676643,1221057059.575127,ok
1754071200,2025-08-01,Polygon_ERC20Pred,legacy-escrow,23047881,0.000000,ok
1754071200,2025-08-01,Rootstock,native-oft,7841808,1889189.802259,ok
1754071200,2025-08-01,Stable,native-oft,,0.000000,pre-history
1754071200,2025-08-01,Tempo,native-oft,,0.000000,pre-history
1754071200,2025-08-01,USDT0_lockbox,collateral,23047881,1492000154.186465,ok
1754071200,2025-08-01,Unichain,native-oft,23322841,117234556.137717,ok
1754071200,2025-08-01,XLayer,native-oft,27987165,0.000000,not-deployed
1754244000,2025-08-03,Arbitrum,upgraded-in-place,364609320,1091842500.657382,ok
1754244000,2025-08-03,Arbitrum_L1Gateway,legacy-escrow,23062187,139738.021025,ok
1754244000,2025-08-03,Berachain,native-oft,8622548,32501957.434907,ok
1754244000,2025-08-03,Conflux,native-oft,127919257,0.000000,not-deployed
1754244000,2025-08-03,Flare,native-oft,45547716,82976245.877110,ok
1754244000,2025-08-03,HyperEVM,native-oft,10159091,109502495.115146,ok
1754244000,2025-08-03,Ink,native-oft,20745589,50907107.302878,ok
1754244000,2025-08-03,Mantle,native-oft,83056844,0.000000,not-deployed
1754244000,2025-08-03,Monad,native-oft,13906617,0.000000,not-deployed
1754244000,2025-08-03,Morph,native-oft,14095442,0.000000,not-deployed
1754244000,2025-08-03,Optimism,native-oft,139322611,0.000000,not-deployed
1754244000,2025-08-03,Optimism_L1Bridge,legacy-escrow,23062187,258533841.119432,ok
1754244000,2025-08-03,Plasma,native-oft,,0.000000,pre-history
1754244000,2025-08-03,Polygon,upgraded-in-place,74757801,1215047050.610444,ok
1754244000,2025-08-03,Polygon_ERC20Pred,legacy-escrow,23062187,0.000000,ok
1754244000,2025-08-03,Rootstock,native-oft,7848916,2292939.660619,ok
1754244000,2025-08-03,Stable,native-oft,,0.000000,pre-history
1754244000,2025-08-03,Tempo,native-oft,,0.000000,pre-history
1754244000,2025-08-03,USDT0_lockbox,collateral,23062187,1511939251.830784,ok
1754244000,2025-08-03,Unichain,native-oft,23495641,98308876.922886,ok
1754244000,2025-08-03,XLayer,native-oft,28406323,0.000000,not-deployed
1754416800,2025-08-05,Arbitrum,upgraded-in-place,365300190,1121388194.013998,ok
1754416800,2025-08-05,Arbitrum_L1Gateway,legacy-escrow,23076512,139738.021025,ok
1754416800,2025-08-05,Berachain,native-oft,8712500,47772144.441557,ok
1754416800,2025-08-05,Conflux,native-oft,128044787,0.000000,not-deployed
1754416800,2025-08-05,Flare,native-oft,45649063,82796631.209064,ok
1754416800,2025-08-05,HyperEVM,native-oft,10334771,118358010.739257,ok
1754416800,2025-08-05,Ink,native-oft,20918389,50663763.622370,ok
1754416800,2025-08-05,Mantle,native-oft,83143244,0.000000,not-deployed
1754416800,2025-08-05,Monad,native-oft,14250982,0.000000,not-deployed
1754416800,2025-08-05,Morph,native-oft,14232702,0.000000,not-deployed
1754416800,2025-08-05,Optimism,native-oft,139409011,0.000000,not-deployed
1754416800,2025-08-05,Optimism_L1Bridge,legacy-escrow,23076512,258548091.866831,ok
1754416800,2025-08-05,Plasma,native-oft,,0.000000,pre-history
1754416800,2025-08-05,Polygon,upgraded-in-place,74838689,1211693995.379860,ok
1754416800,2025-08-05,Polygon_ERC20Pred,legacy-escrow,23076512,0.000000,ok
1754416800,2025-08-05,Rootstock,native-oft,7855999,2980795.415139,ok
1754416800,2025-08-05,Stable,native-oft,,0.000000,pre-history
1754416800,2025-08-05,Tempo,native-oft,,0.000000,pre-history
1754416800,2025-08-05,USDT0_lockbox,collateral,23076512,1567474015.997771,ok
1754416800,2025-08-05,Unichain,native-oft,23668441,97173091.386858,ok
1754416800,2025-08-05,XLayer,native-oft,28793247,0.000000,not-deployed
1754589600,2025-08-07,Arbitrum,upgraded-in-place,365990877,1136209688.096136,ok
1754589600,2025-08-07,Arbitrum_L1Gateway,legacy-escrow,23090832,139738.021025,ok
1754589600,2025-08-07,Berachain,native-oft,8802404,76835674.301256,ok
1754589600,2025-08-07,Conflux,native-oft,128168876,0.000000,not-deployed
1754589600,2025-08-07,Flare,native-oft,45746279,71652726.120327,ok
1754589600,2025-08-07,HyperEVM,native-oft,10510448,124082464.324789,ok
1754589600,2025-08-07,Ink,native-oft,21091189,50570215.589579,ok
1754589600,2025-08-07,Mantle,native-oft,83229644,0.000000,not-deployed
1754589600,2025-08-07,Monad,native-oft,14595475,0.000000,not-deployed
1754589600,2025-08-07,Morph,native-oft,14290927,0.000000,not-deployed
1754589600,2025-08-07,Optimism,native-oft,139495411,0.000000,not-deployed
1754589600,2025-08-07,Optimism_L1Bridge,legacy-escrow,23090832,245155465.387133,ok
1754589600,2025-08-07,Plasma,native-oft,,0.000000,pre-history
1754589600,2025-08-07,Polygon,upgraded-in-place,74919896,1222606341.875645,ok
1754589600,2025-08-07,Polygon_ERC20Pred,legacy-escrow,23090832,0.000000,ok
1754589600,2025-08-07,Rootstock,native-oft,7863017,3641734.483384,ok
1754589600,2025-08-07,Stable,native-oft,,0.000000,pre-history
1754589600,2025-08-07,Tempo,native-oft,,0.000000,pre-history
1754589600,2025-08-07,USDT0_lockbox,collateral,23090832,1594841425.982286,ok
1754589600,2025-08-07,Unichain,native-oft,23841241,83330984.535753,ok
1754589600,2025-08-07,XLayer,native-oft,29188989,0.000000,not-deployed
1754762400,2025-08-09,Arbitrum,upgraded-in-place,366683397,1119032177.024391,ok
1754762400,2025-08-09,Arbitrum_L1Gateway,legacy-escrow,23105152,139738.021025,ok
1754762400,2025-08-09,Berachain,native-oft,8891783,84332463.039821,ok
1754762400,2025-08-09,Conflux,native-oft,128291745,0.000000,not-deployed
1754762400,2025-08-09,Flare,native-oft,45845474,73219103.900125,ok
1754762400,2025-08-09,HyperEVM,native-oft,10685971,128087965.724296,ok
1754762400,2025-08-09,Ink,native-oft,21263989,49966538.378734,ok
1754762400,2025-08-09,Mantle,native-oft,83316044,0.000000,not-deployed
1754762400,2025-08-09,Monad,native-oft,14939985,0.000000,not-deployed
1754762400,2025-08-09,Morph,native-oft,14411729,0.000000,not-deployed
1754762400,2025-08-09,Optimism,native-oft,139581811,0.000000,not-deployed
1754762400,2025-08-09,Optimism_L1Bridge,legacy-escrow,23105152,245318410.335826,ok
1754762400,2025-08-09,Plasma,native-oft,,0.000000,pre-history
1754762400,2025-08-09,Polygon,upgraded-in-place,75000986,1226883283.526538,ok
1754762400,2025-08-09,Polygon_ERC20Pred,legacy-escrow,23105152,0.000000,ok
1754762400,2025-08-09,Rootstock,native-oft,7870075,3798842.834062,ok
1754762400,2025-08-09,Stable,native-oft,,0.000000,pre-history
1754762400,2025-08-09,Tempo,native-oft,,0.000000,pre-history
1754762400,2025-08-09,USDT0_lockbox,collateral,23105152,1613619545.521807,ok
1754762400,2025-08-09,Unichain,native-oft,24014041,102848119.234294,ok
1754762400,2025-08-09,XLayer,native-oft,29577913,0.000000,not-deployed
1754935200,2025-08-11,Arbitrum,upgraded-in-place,367375774,1143516664.858005,ok
1754935200,2025-08-11,Arbitrum_L1Gateway,legacy-escrow,23119456,139738.021025,ok
1754935200,2025-08-11,Berachain,native-oft,8981422,87236791.207286,ok
1754935200,2025-08-11,Conflux,native-oft,128414100,0.000000,not-deployed
1754935200,2025-08-11,Flare,native-oft,45942391,70505237.737067,ok
1754935200,2025-08-11,HyperEVM,native-oft,10861651,135955305.364574,ok
1754935200,2025-08-11,Ink,native-oft,21436789,51095840.486697,ok
1754935200,2025-08-11,Mantle,native-oft,83402444,0.000000,not-deployed
1754935200,2025-08-11,Monad,native-oft,15284489,0.000000,not-deployed
1754935200,2025-08-11,Morph,native-oft,14576336,0.000000,not-deployed
1754935200,2025-08-11,Optimism,native-oft,139668211,0.000000,not-deployed
1754935200,2025-08-11,Optimism_L1Bridge,legacy-escrow,23119456,245417252.676593,ok
1754935200,2025-08-11,Plasma,native-oft,,0.000000,pre-history
1754935200,2025-08-11,Polygon,upgraded-in-place,75082296,1226826664.333128,ok
1754935200,2025-08-11,Polygon_ERC20Pred,legacy-escrow,23119456,0.000000,ok
1754935200,2025-08-11,Rootstock,native-oft,7877083,3764115.282982,ok
1754935200,2025-08-11,Stable,native-oft,,0.000000,pre-history
1754935200,2025-08-11,Tempo,native-oft,,0.000000,pre-history
1754935200,2025-08-11,USDT0_lockbox,collateral,23119456,1672720780.974777,ok
1754935200,2025-08-11,Unichain,native-oft,24186841,125401628.927741,ok
1754935200,2025-08-11,XLayer,native-oft,29978998,0.000000,not-deployed
1755108000,2025-08-13,Arbitrum,upgraded-in-place,368068134,1167727307.269831,ok
1755108000,2025-08-13,Arbitrum_L1Gateway,legacy-escrow,23133781,139738.021025,ok
1755108000,2025-08-13,Berachain,native-oft,9070846,82933083.764085,ok
1755108000,2025-08-13,Conflux,native-oft,128537715,0.000000,not-deployed
1755108000,2025-08-13,Flare,native-oft,46039005,70339472.650591,ok
1755108000,2025-08-13,HyperEVM,native-oft,11037331,141763213.186274,ok
1755108000,2025-08-13,Ink,native-oft,21609589,50469978.585659,ok
1755108000,2025-08-13,Mantle,native-oft,83488844,0.000000,not-deployed
1755108000,2025-08-13,Monad,native-oft,15628648,0.000000,not-deployed
1755108000,2025-08-13,Morph,native-oft,14737565,0.000000,not-deployed
1755108000,2025-08-13,Optimism,native-oft,139754611,0.000000,not-deployed
1755108000,2025-08-13,Optimism_L1Bridge,legacy-escrow,23133781,225429261.459056,ok
1755108000,2025-08-13,Plasma,native-oft,,0.000000,pre-history
1755108000,2025-08-13,Polygon,upgraded-in-place,75163579,1232641003.692524,ok
1755108000,2025-08-13,Polygon_ERC20Pred,legacy-escrow,23133781,0.000000,ok
1755108000,2025-08-13,Rootstock,native-oft,7884120,3839949.231667,ok
1755108000,2025-08-13,Stable,native-oft,,0.000000,pre-history
1755108000,2025-08-13,Tempo,native-oft,,0.000000,pre-history
1755108000,2025-08-13,USDT0_lockbox,collateral,23133781,1678820587.029969,ok
1755108000,2025-08-13,Unichain,native-oft,24359641,107651943.699104,ok
1755108000,2025-08-13,XLayer,native-oft,30367224,0.000000,not-deployed
1755280800,2025-08-15,Arbitrum,upgraded-in-place,368760596,1146612512.914203,ok
1755280800,2025-08-15,Arbitrum_L1Gateway,legacy-escrow,23148087,149970.734945,ok
1755280800,2025-08-15,Berachain,native-oft,9160189,56684781.320416,ok
1755280800,2025-08-15,Conflux,native-oft,128664401,0.000000,not-deployed
1755280800,2025-08-15,Flare,native-oft,46136492,86026243.917867,ok
1755280800,2025-08-15,HyperEVM,native-oft,11213009,148943359.472618,ok
1755280800,2025-08-15,Ink,native-oft,21782389,49844998.810584,ok
1755280800,2025-08-15,Mantle,native-oft,83575244,0.000000,not-deployed
1755280800,2025-08-15,Monad,native-oft,16059226,0.000000,not-deployed
1755280800,2025-08-15,Morph,native-oft,14910217,0.000000,not-deployed
1755280800,2025-08-15,Optimism,native-oft,139841011,0.000000,not-deployed
1755280800,2025-08-15,Optimism_L1Bridge,legacy-escrow,23148087,199851926.129621,ok
1755280800,2025-08-15,Plasma,native-oft,,0.000000,pre-history
1755280800,2025-08-15,Polygon,upgraded-in-place,75244410,1305553820.350207,ok
1755280800,2025-08-15,Polygon_ERC20Pred,legacy-escrow,23148087,0.000000,ok
1755280800,2025-08-15,Rootstock,native-oft,7891184,3436318.328119,ok
1755280800,2025-08-15,Stable,native-oft,,0.000000,pre-history
1755280800,2025-08-15,Tempo,native-oft,,0.000000,pre-history
1755280800,2025-08-15,USDT0_lockbox,collateral,23148087,1619525407.049340,ok
1755280800,2025-08-15,Unichain,native-oft,24532441,76508428.347265,ok
1755280800,2025-08-15,XLayer,native-oft,30746595,0.000000,not-deployed
1755453600,2025-08-17,Arbitrum,upgraded-in-place,369452369,1144493843.593135,ok
1755453600,2025-08-17,Arbitrum_L1Gateway,legacy-escrow,23162426,346330.941079,ok
1755453600,2025-08-17,Berachain,native-oft,9249849,57802895.053123,ok
1755453600,2025-08-17,Conflux,native-oft,128796664,0.000000,not-deployed
1755453600,2025-08-17,Flare,native-oft,46234564,86379536.683853,ok
1755453600,2025-08-17,HyperEVM,native-oft,11388568,156472953.498968,ok
1755453600,2025-08-17,Ink,native-oft,21955189,49729450.187821,ok
1755453600,2025-08-17,Mantle,native-oft,83661644,0.000000,not-deployed
1755453600,2025-08-17,Monad,native-oft,16489836,0.000000,not-deployed
1755453600,2025-08-17,Morph,native-oft,15082957,0.000000,not-deployed
1755453600,2025-08-17,Optimism,native-oft,139927411,0.000000,not-deployed
1755453600,2025-08-17,Optimism_L1Bridge,legacy-escrow,23162426,202291808.179614,ok
1755453600,2025-08-17,Plasma,native-oft,,0.000000,pre-history
1755453600,2025-08-17,Polygon,upgraded-in-place,75325608,1305614264.204906,ok
1755453600,2025-08-17,Polygon_ERC20Pred,legacy-escrow,23162426,0.000000,ok
1755453600,2025-08-17,Rootstock,native-oft,7898278,3409565.624585,ok
1755453600,2025-08-17,Stable,native-oft,,0.000000,pre-history
1755453600,2025-08-17,Tempo,native-oft,,0.000000,pre-history
1755453600,2025-08-17,USDT0_lockbox,collateral,23162426,1634819841.837574,ok
1755453600,2025-08-17,Unichain,native-oft,24705241,86140839.283103,ok
1755453600,2025-08-17,XLayer,native-oft,31069056,0.000000,not-deployed
1755626400,2025-08-19,Arbitrum,upgraded-in-place,370144330,1149046522.860386,ok
1755626400,2025-08-19,Arbitrum_L1Gateway,legacy-escrow,23176770,346330.941079,ok
1755626400,2025-08-19,Berachain,native-oft,9339577,64639264.676734,ok
1755626400,2025-08-19,Conflux,native-oft,128930879,0.000000,not-deployed
1755626400,2025-08-19,Flare,native-oft,46334252,81194910.107399,ok
1755626400,2025-08-19,HyperEVM,native-oft,11564248,165281123.868769,ok
1755626400,2025-08-19,Ink,native-oft,22127989,50756943.124465,ok
1755626400,2025-08-19,Mantle,native-oft,83748044,0.000000,not-deployed
1755626400,2025-08-19,Monad,native-oft,16920440,0.000000,not-deployed
1755626400,2025-08-19,Morph,native-oft,15254063,0.000000,not-deployed
1755626400,2025-08-19,Optimism,native-oft,140013811,0.000000,not-deployed
1755626400,2025-08-19,Optimism_L1Bridge,legacy-escrow,23176770,203980952.994898,ok
1755626400,2025-08-19,Plasma,native-oft,,0.000000,pre-history
1755626400,2025-08-19,Polygon,upgraded-in-place,75406904,1375461111.720077,ok
1755626400,2025-08-19,Polygon_ERC20Pred,legacy-escrow,23176770,0.000000,ok
1755626400,2025-08-19,Rootstock,native-oft,7905211,3161345.560577,ok
1755626400,2025-08-19,Stable,native-oft,,0.000000,pre-history
1755626400,2025-08-19,Tempo,native-oft,,0.000000,pre-history
1755626400,2025-08-19,USDT0_lockbox,collateral,23176770,1650844479.704525,ok
1755626400,2025-08-19,Unichain,native-oft,24878041,87860524.243866,ok
1755626400,2025-08-19,XLayer,native-oft,31384615,0.000000,not-deployed
1755799200,2025-08-21,Arbitrum,upgraded-in-place,370836600,910249601.720719,ok
1755799200,2025-08-21,Arbitrum_L1Gateway,legacy-escrow,23191107,346330.941079,ok
1755799200,2025-08-21,Berachain,native-oft,9428658,54207515.734870,ok
1755799200,2025-08-21,Conflux,native-oft,129068811,0.000000,not-deployed
1755799200,2025-08-21,Flare,native-oft,46428767,80037365.336510,ok
1755799200,2025-08-21,HyperEVM,native-oft,11739928,190089674.648344,ok
1755799200,2025-08-21,Ink,native-oft,22300789,63889134.682506,ok
1755799200,2025-08-21,Mantle,native-oft,83834444,0.000000,not-deployed
1755799200,2025-08-21,Monad,native-oft,17350101,0.000000,not-deployed
1755799200,2025-08-21,Morph,native-oft,15350181,0.000000,not-deployed
1755799200,2025-08-21,Optimism,native-oft,140100211,0.000000,not-deployed
1755799200,2025-08-21,Optimism_L1Bridge,legacy-escrow,23191107,207301577.290546,ok
1755799200,2025-08-21,Plasma,native-oft,,0.000000,pre-history
1755799200,2025-08-21,Polygon,upgraded-in-place,75487631,1370952893.402110,ok
1755799200,2025-08-21,Polygon_ERC20Pred,legacy-escrow,23191107,0.000000,ok
1755799200,2025-08-21,Rootstock,native-oft,7912112,2980638.059721,ok
1755799200,2025-08-21,Stable,native-oft,,0.000000,pre-history
1755799200,2025-08-21,Tempo,native-oft,,0.000000,pre-history
1755799200,2025-08-21,USDT0_lockbox,collateral,23191107,1438583182.650456,ok
1755799200,2025-08-21,Unichain,native-oft,25050841,92895553.977787,ok
1755799200,2025-08-21,XLayer,native-oft,31709562,0.000000,not-deployed
1755972000,2025-08-23,Arbitrum,upgraded-in-place,371528696,916432269.204859,ok
1755972000,2025-08-23,Arbitrum_L1Gateway,legacy-escrow,23205435,346330.941079,ok
1755972000,2025-08-23,Berachain,native-oft,9517827,38268376.407283,ok
1755972000,2025-08-23,Conflux,native-oft,129202731,0.000000,not-deployed
1755972000,2025-08-23,Flare,native-oft,46524306,66934117.706865,ok
1755972000,2025-08-23,HyperEVM,native-oft,11914902,188086859.078993,ok
1755972000,2025-08-23,Ink,native-oft,22473589,63289915.576729,ok
1755972000,2025-08-23,Mantle,native-oft,83920844,0.000000,not-deployed
1755972000,2025-08-23,Monad,native-oft,17780698,0.000000,not-deployed
1755972000,2025-08-23,Morph,native-oft,15427311,0.000000,not-deployed
1755972000,2025-08-23,Optimism,native-oft,140186611,0.000000,not-deployed
1755972000,2025-08-23,Optimism_L1Bridge,legacy-escrow,23205435,208926788.822542,ok
1755972000,2025-08-23,Plasma,native-oft,,0.000000,pre-history
1755972000,2025-08-23,Polygon,upgraded-in-place,75567247,1370960259.113327,ok
1755972000,2025-08-23,Polygon_ERC20Pred,legacy-escrow,23205435,0.000000,ok
1755972000,2025-08-23,Rootstock,native-oft,7919025,2806579.781723,ok
1755972000,2025-08-23,Stable,native-oft,,0.000000,pre-history
1755972000,2025-08-23,Tempo,native-oft,,0.000000,pre-history
1755972000,2025-08-23,USDT0_lockbox,collateral,23205435,1450113636.657040,ok
1755972000,2025-08-23,Unichain,native-oft,25223641,108688366.259350,ok
1755972000,2025-08-23,XLayer,native-oft,32047709,0.000000,not-deployed
1756144800,2025-08-25,Arbitrum,upgraded-in-place,372220876,942841058.715191,ok
1756144800,2025-08-25,Arbitrum_L1Gateway,legacy-escrow,23219773,346311.918860,ok
1756144800,2025-08-25,Berachain,native-oft,9607143,29978310.252869,ok
1756144800,2025-08-25,Conflux,native-oft,129335394,0.000000,not-deployed
1756144800,2025-08-25,Flare,native-oft,46619705,66871977.776783,ok
1756144800,2025-08-25,HyperEVM,native-oft,12090582,140975324.524167,ok
1756144800,2025-08-25,Ink,native-oft,22646389,63231759.234127,ok
1756144800,2025-08-25,Mantle,native-oft,84007244,0.000000,not-deployed
1756144800,2025-08-25,Monad,native-oft,18211259,0.000000,not-deployed
1756144800,2025-08-25,Morph,native-oft,15587333,0.000000,not-deployed
1756144800,2025-08-25,Optimism,native-oft,140273011,0.000000,not-deployed
1756144800,2025-08-25,Optimism_L1Bridge,legacy-escrow,23219773,203148747.456275,ok
1756144800,2025-08-25,Plasma,native-oft,,0.000000,pre-history
1756144800,2025-08-25,Polygon,upgraded-in-place,75646624,1378693980.078879,ok
1756144800,2025-08-25,Polygon_ERC20Pred,legacy-escrow,23219773,0.000000,ok
1756144800,2025-08-25,Rootstock,native-oft,7926041,2591315.319655,ok
1756144800,2025-08-25,Stable,native-oft,,0.000000,pre-history
1756144800,2025-08-25,Tempo,native-oft,,0.000000,pre-history
1756144800,2025-08-25,USDT0_lockbox,collateral,23219773,1384716130.154457,ok
1756144800,2025-08-25,Unichain,native-oft,25396441,71623688.604113,ok
1756144800,2025-08-25,XLayer,native-oft,32397237,0.000000,not-deployed
1756317600,2025-08-27,Arbitrum,upgraded-in-place,372913337,876429994.123259,ok
1756317600,2025-08-27,Arbitrum_L1Gateway,legacy-escrow,23234104,346311.918860,ok
1756317600,2025-08-27,Berachain,native-oft,9695039,48697724.917677,ok
1756317600,2025-08-27,Conflux,native-oft,129466131,0.000000,not-deployed
1756317600,2025-08-27,Flare,native-oft,46715423,77572371.827261,ok
1756317600,2025-08-27,HyperEVM,native-oft,12266262,154872836.183020,ok
1756317600,2025-08-27,Ink,native-oft,22819189,63459549.098730,ok
1756317600,2025-08-27,Mantle,native-oft,84093644,0.000000,not-deployed
1756317600,2025-08-27,Monad,native-oft,18638855,0.000000,not-deployed
1756317600,2025-08-27,Morph,native-oft,15718290,0.000000,not-deployed
1756317600,2025-08-27,Optimism,native-oft,140359411,0.000000,not-deployed
1756317600,2025-08-27,Optimism_L1Bridge,legacy-escrow,23234104,203186405.971658,ok
1756317600,2025-08-27,Plasma,native-oft,,0.000000,pre-history
1756317600,2025-08-27,Polygon,upgraded-in-place,75727698,1358516201.536330,ok
1756317600,2025-08-27,Polygon_ERC20Pred,legacy-escrow,23234104,0.000000,ok
1756317600,2025-08-27,Rootstock,native-oft,7932993,2706630.549022,ok
1756317600,2025-08-27,Stable,native-oft,,0.000000,pre-history
1756317600,2025-08-27,Tempo,native-oft,,0.000000,pre-history
1756317600,2025-08-27,USDT0_lockbox,collateral,23234104,2690366006.856813,ok
1756317600,2025-08-27,Unichain,native-oft,25569241,74505318.545152,ok
1756317600,2025-08-27,XLayer,native-oft,32747298,0.000000,not-deployed
1756490400,2025-08-29,Arbitrum,upgraded-in-place,373605744,896746978.298850,ok
1756490400,2025-08-29,Arbitrum_L1Gateway,legacy-escrow,23248434,346311.918860,ok
1756490400,2025-08-29,Berachain,native-oft,9783369,67553447.571273,ok
1756490400,2025-08-29,Conflux,native-oft,129592036,0.000000,not-deployed
1756490400,2025-08-29,Flare,native-oft,46812339,63290455.715158,ok
1756490400,2025-08-29,HyperEVM,native-oft,12441942,172184532.189597,ok
1756490400,2025-08-29,Ink,native-oft,22991989,63368289.068190,ok
1756490400,2025-08-29,Mantle,native-oft,84180044,0.000000,not-deployed
1756490400,2025-08-29,Monad,native-oft,19069269,0.000000,not-deployed
1756490400,2025-08-29,Morph,native-oft,15855652,0.000000,not-deployed
1756490400,2025-08-29,Optimism,native-oft,140445811,0.000000,not-deployed
1756490400,2025-08-29,Optimism_L1Bridge,legacy-escrow,23248434,204929469.947390,ok
1756490400,2025-08-29,Plasma,native-oft,,0.000000,pre-history
1756490400,2025-08-29,Polygon,upgraded-in-place,75808880,1405963960.547735,ok
1756490400,2025-08-29,Polygon_ERC20Pred,legacy-escrow,23248434,0.000000,ok
1756490400,2025-08-29,Rootstock,native-oft,7939962,2486766.888184,ok
1756490400,2025-08-29,Stable,native-oft,,0.000000,pre-history
1756490400,2025-08-29,Tempo,native-oft,,0.000000,pre-history
1756490400,2025-08-29,USDT0_lockbox,collateral,23248434,2775870043.649037,ok
1756490400,2025-08-29,Unichain,native-oft,25742041,71733869.279691,ok
1756490400,2025-08-29,XLayer,native-oft,33103908,0.000000,ok
1756663200,2025-08-31,Arbitrum,upgraded-in-place,374297713,907974642.004587,ok
1756663200,2025-08-31,Arbitrum_L1Gateway,legacy-escrow,23262777,346311.918860,ok
1756663200,2025-08-31,Berachain,native-oft,9873236,66070755.085536,ok
1756663200,2025-08-31,Conflux,native-oft,129728367,0.000000,not-deployed
1756663200,2025-08-31,Flare,native-oft,46907481,63688400.777002,ok
1756663200,2025-08-31,HyperEVM,native-oft,12617553,178297792.919302,ok
1756663200,2025-08-31,Ink,native-oft,23164789,63481188.827295,ok
1756663200,2025-08-31,Mantle,native-oft,84266444,0.000000,not-deployed
1756663200,2025-08-31,Monad,native-oft,19499817,0.000000,not-deployed
1756663200,2025-08-31,Morph,native-oft,15989500,0.000000,not-deployed
1756663200,2025-08-31,Optimism,native-oft,140532211,0.000000,not-deployed
1756663200,2025-08-31,Optimism_L1Bridge,legacy-escrow,23262777,207052545.183054,ok
1756663200,2025-08-31,Plasma,native-oft,,0.000000,pre-history
1756663200,2025-08-31,Polygon,upgraded-in-place,75889754,1407559769.672736,ok
1756663200,2025-08-31,Polygon_ERC20Pred,legacy-escrow,23262777,0.000000,ok
1756663200,2025-08-31,Rootstock,native-oft,7947026,2491151.105113,ok
1756663200,2025-08-31,Stable,native-oft,,0.000000,pre-history
1756663200,2025-08-31,Tempo,native-oft,,0.000000,pre-history
1756663200,2025-08-31,USDT0_lockbox,collateral,23262777,2784142248.457277,ok
1756663200,2025-08-31,Unichain,native-oft,25914841,66467582.546945,ok
1756663200,2025-08-31,XLayer,native-oft,33466681,0.000000,ok
1756836000,2025-09-02,Arbitrum,upgraded-in-place,374989564,909201778.334082,ok
1756836000,2025-09-02,Arbitrum_L1Gateway,legacy-escrow,23277069,346311.918860,ok
1756836000,2025-09-02,Berachain,native-oft,9962924,78212584.328443,ok
1756836000,2025-09-02,Conflux,native-oft,129864060,0.000000,not-deployed
1756836000,2025-09-02,Flare,native-oft,47005444,56564072.417492,ok
1756836000,2025-09-02,HyperEVM,native-oft,12793233,177978963.026716,ok
1756836000,2025-09-02,Ink,native-oft,23337589,63642600.527776,ok
1756836000,2025-09-02,Mantle,native-oft,84352844,0.000000,not-deployed
1756836000,2025-09-02,Monad,native-oft,19930329,0.000000,not-deployed
1756836000,2025-09-02,Morph,native-oft,16129430,0.000000,not-deployed
1756836000,2025-09-02,Optimism,native-oft,140618611,0.000000,not-deployed
1756836000,2025-09-02,Optimism_L1Bridge,legacy-escrow,23277069,209117217.903054,ok
1756836000,2025-09-02,Plasma,native-oft,,0.000000,pre-history
1756836000,2025-09-02,Polygon,upgraded-in-place,75971029,1408749548.006569,ok
1756836000,2025-09-02,Polygon_ERC20Pred,legacy-escrow,23277069,0.000000,ok
1756836000,2025-09-02,Rootstock,native-oft,7954088,2265967.383670,ok
1756836000,2025-09-02,Stable,native-oft,,0.000000,pre-history
1756836000,2025-09-02,Tempo,native-oft,,0.000000,pre-history
1756836000,2025-09-02,USDT0_lockbox,collateral,23277069,2802720719.050226,ok
1756836000,2025-09-02,Unichain,native-oft,26087641,76454981.806011,ok
1756836000,2025-09-02,XLayer,native-oft,33833015,0.000000,ok
1757008800,2025-09-04,Arbitrum,upgraded-in-place,375681535,920751179.249653,ok
1757008800,2025-09-04,Arbitrum_L1Gateway,legacy-escrow,23291396,346311.918860,ok
1757008800,2025-09-04,Berachain,native-oft,10050081,59136581.331685,ok
1757008800,2025-09-04,Conflux,native-oft,130001155,0.000000,not-deployed
1757008800,2025-09-04,Flare,native-oft,47103269,56988031.774581,ok
1757008800,2025-09-04,HyperEVM,native-oft,12968913,183980557.667755,ok
1757008800,2025-09-04,Ink,native-oft,23510389,63575190.937711,ok
1757008800,2025-09-04,Mantle,native-oft,84439244,0.000000,not-deployed
1757008800,2025-09-04,Monad,native-oft,20360761,0.000000,not-deployed
1757008800,2025-09-04,Morph,native-oft,16302189,0.000000,not-deployed
1757008800,2025-09-04,Optimism,native-oft,140705011,0.000000,not-deployed
1757008800,2025-09-04,Optimism_L1Bridge,legacy-escrow,23291396,209133687.355174,ok
1757008800,2025-09-04,Plasma,native-oft,80535,0.000000,not-deployed
1757008800,2025-09-04,Polygon,upgraded-in-place,76052178,1408262902.635037,ok
1757008800,2025-09-04,Polygon_ERC20Pred,legacy-escrow,23291396,0.000000,ok
1757008800,2025-09-04,Rootstock,native-oft,7961191,2188861.359391,ok
1757008800,2025-09-04,Stable,native-oft,,0.000000,pre-history
1757008800,2025-09-04,Tempo,native-oft,,0.000000,pre-history
1757008800,2025-09-04,USDT0_lockbox,collateral,23291396,2793572964.672196,ok
1757008800,2025-09-04,Unichain,native-oft,26260441,69908028.006508,ok
1757008800,2025-09-04,XLayer,native-oft,34201711,0.000000,ok
1757181600,2025-09-06,Arbitrum,upgraded-in-place,376373196,916958889.673237,ok
1757181600,2025-09-06,Arbitrum_L1Gateway,legacy-escrow,23305699,346191.614690,ok
1757181600,2025-09-06,Berachain,native-oft,10136481,66731189.135970,ok
1757181600,2025-09-06,Conflux,native-oft,130125087,0.000000,not-deployed
1757181600,2025-09-06,Flare,native-oft,47199323,58637171.014272,ok
1757181600,2025-09-06,HyperEVM,native-oft,13144513,187724148.813713,ok
1757181600,2025-09-06,Ink,native-oft,23683189,63743519.874494,ok
1757181600,2025-09-06,Mantle,native-oft,84525644,0.000000,not-deployed
1757181600,2025-09-06,Monad,native-oft,20791118,0.000000,not-deployed
1757181600,2025-09-06,Morph,native-oft,16474810,0.000000,not-deployed
1757181600,2025-09-06,Optimism,native-oft,140791411,0.000000,not-deployed
1757181600,2025-09-06,Optimism_L1Bridge,legacy-escrow,23305699,209079118.774423,ok
1757181600,2025-09-06,Plasma,native-oft,253335,0.000000,not-deployed
1757181600,2025-09-06,Polygon,upgraded-in-place,76133484,1436308176.638306,ok
1757181600,2025-09-06,Polygon_ERC20Pred,legacy-escrow,23305699,0.000000,ok
1757181600,2025-09-06,Rootstock,native-oft,7968233,2246109.081371,ok
1757181600,2025-09-06,Stable,native-oft,,0.000000,pre-history
1757181600,2025-09-06,Tempo,native-oft,,0.000000,pre-history
1757181600,2025-09-06,USDT0_lockbox,collateral,23305699,2817173307.738708,ok
1757181600,2025-09-06,Unichain,native-oft,26433241,56399261.347919,ok
1757181600,2025-09-06,XLayer,native-oft,34524420,171.545481,ok
1757354400,2025-09-08,Arbitrum,upgraded-in-place,377064958,868979966.515413,ok
1757354400,2025-09-08,Arbitrum_L1Gateway,legacy-escrow,23320021,346171.614690,ok
1757354400,2025-09-08,Berachain,native-oft,10222881,69100291.662353,ok
1757354400,2025-09-08,Conflux,native-oft,130258713,0.000000,not-deployed
1757354400,2025-09-08,Flare,native-oft,47296419,56936224.542064,ok
1757354400,2025-09-08,HyperEVM,native-oft,13320193,192858379.244098,ok
1757354400,2025-09-08,Ink,native-oft,23855989,63712915.428884,ok
1757354400,2025-09-08,Mantle,native-oft,84612044,0.000000,not-deployed
1757354400,2025-09-08,Monad,native-oft,21221529,0.000000,not-deployed
1757354400,2025-09-08,Morph,native-oft,16647248,0.000000,not-deployed
1757354400,2025-09-08,Optimism,native-oft,140877811,0.000000,not-deployed
1757354400,2025-09-08,Optimism_L1Bridge,legacy-escrow,23320021,197489763.051708,ok
1757354400,2025-09-08,Plasma,native-oft,426135,0.000000,ok
1757354400,2025-09-08,Polygon,upgraded-in-place,76214759,1458653698.101986,ok
1757354400,2025-09-08,Polygon_ERC20Pred,legacy-escrow,23320021,0.000000,ok
1757354400,2025-09-08,Rootstock,native-oft,7975342,2296305.086280,ok
1757354400,2025-09-08,Stable,native-oft,,0.000000,pre-history
1757354400,2025-09-08,Tempo,native-oft,,0.000000,pre-history
1757354400,2025-09-08,USDT0_lockbox,collateral,23320021,2822245160.370972,ok
1757354400,2025-09-08,Unichain,native-oft,26606041,67588398.889681,ok
1757354400,2025-09-08,XLayer,native-oft,34823162,10002181.409481,ok
1757527200,2025-09-10,Arbitrum,upgraded-in-place,377756693,870305106.150699,ok
1757527200,2025-09-10,Arbitrum_L1Gateway,legacy-escrow,23334314,346171.614690,ok
1757527200,2025-09-10,Berachain,native-oft,10309281,55717475.091919,ok
1757527200,2025-09-10,Conflux,native-oft,130390734,0.000000,not-deployed
1757527200,2025-09-10,Flare,native-oft,47391554,65611198.680817,ok
1757527200,2025-09-10,HyperEVM,native-oft,13495873,174223041.807974,ok
1757527200,2025-09-10,Ink,native-oft,24028789,63400466.866987,ok
1757527200,2025-09-10,Mantle,native-oft,84698444,0.000000,not-deployed
1757527200,2025-09-10,Monad,native-oft,21652141,0.000000,not-deployed
1757527200,2025-09-10,Morph,native-oft,16810914,0.000000,not-deployed
1757527200,2025-09-10,Optimism,native-oft,140964211,0.000000,not-deployed
1757527200,2025-09-10,Optimism_L1Bridge,legacy-escrow,23334314,197524309.306694,ok
1757527200,2025-09-10,Plasma,native-oft,598935,0.000000,ok
1757527200,2025-09-10,Polygon,upgraded-in-place,76290783,1482372418.925647,ok
1757527200,2025-09-10,Polygon_ERC20Pred,legacy-escrow,23334314,0.000000,ok
1757527200,2025-09-10,Rootstock,native-oft,7982437,2328295.245997,ok
1757527200,2025-09-10,Stable,native-oft,,0.000000,pre-history
1757527200,2025-09-10,Tempo,native-oft,,0.000000,pre-history
1757527200,2025-09-10,USDT0_lockbox,collateral,23334314,2877026683.389861,ok
1757527200,2025-09-10,Unichain,native-oft,26778841,65569040.610024,ok
1757527200,2025-09-10,XLayer,native-oft,35129282,22909640.629145,ok
1757700000,2025-09-12,Arbitrum,upgraded-in-place,378448230,877437549.136840,ok
1757700000,2025-09-12,Arbitrum_L1Gateway,legacy-escrow,23348634,139540.855695,ok
1757700000,2025-09-12,Berachain,native-oft,10395681,39452806.365348,ok
1757700000,2025-09-12,Conflux,native-oft,130527565,0.000000,not-deployed
1757700000,2025-09-12,Flare,native-oft,47486418,64614980.275849,ok
1757700000,2025-09-12,HyperEVM,native-oft,13671553,182411595.142518,ok
1757700000,2025-09-12,Ink,native-oft,24201589,63447227.862615,ok
1757700000,2025-09-12,Mantle,native-oft,84784844,0.000000,not-deployed
1757700000,2025-09-12,Monad,native-oft,22082704,0.000000,not-deployed
1757700000,2025-09-12,Morph,native-oft,16928150,0.000000,not-deployed
1757700000,2025-09-12,Optimism,native-oft,141050611,0.000000,not-deployed
1757700000,2025-09-12,Optimism_L1Bridge,legacy-escrow,23348634,197836708.295628,ok
1757700000,2025-09-12,Plasma,native-oft,771735,132.000000,ok
1757700000,2025-09-12,Polygon,upgraded-in-place,76367758,1468476924.835932,ok
1757700000,2025-09-12,Polygon_ERC20Pred,legacy-escrow,23348634,0.000000,ok
1757700000,2025-09-12,Rootstock,native-oft,7989284,2367703.236115,ok
1757700000,2025-09-12,Stable,native-oft,,0.000000,pre-history
1757700000,2025-09-12,Tempo,native-oft,,0.000000,pre-history
1757700000,2025-09-12,USDT0_lockbox,collateral,23348634,2820911656.200503,ok
1757700000,2025-09-12,Unichain,native-oft,26951641,59769422.306075,ok
1757700000,2025-09-12,XLayer,native-oft,35446764,22013911.532753,ok
1757872800,2025-09-14,Arbitrum,upgraded-in-place,379138729,893421192.990436,ok
1757872800,2025-09-14,Arbitrum_L1Gateway,legacy-escrow,23362971,139540.855695,ok
1757872800,2025-09-14,Berachain,native-oft,10482081,28592677.739874,ok
1757872800,2025-09-14,Conflux,native-oft,130653978,0.000000,not-deployed
1757872800,2025-09-14,Flare,native-oft,47581601,64467173.538810,ok
1757872800,2025-09-14,HyperEVM,native-oft,13847159,161443603.181778,ok
1757872800,2025-09-14,Ink,native-oft,24374389,63267993.527879,ok
1757872800,2025-09-14,Mantle,native-oft,84871244,0.000000,not-deployed
1757872800,2025-09-14,Monad,native-oft,22513340,0.000000,not-deployed
1757872800,2025-09-14,Morph,native-oft,16976261,0.000000,not-deployed
1757872800,2025-09-14,Optimism,native-oft,141137011,0.000000,not-deployed
1757872800,2025-09-14,Optimism_L1Bridge,legacy-escrow,23362971,199090907.598998,ok
1757872800,2025-09-14,Plasma,native-oft,944528,133.000000,ok
1757872800,2025-09-14,Polygon,upgraded-in-place,76448423,1446932499.102390,ok
1757872800,2025-09-14,Polygon_ERC20Pred,legacy-escrow,23362971,0.000000,ok
1757872800,2025-09-14,Rootstock,native-oft,7996334,2352850.929867,ok
1757872800,2025-09-14,Stable,native-oft,,0.000000,pre-history
1757872800,2025-09-14,Tempo,native-oft,,0.000000,pre-history
1757872800,2025-09-14,USDT0_lockbox,collateral,23362971,2810349041.464290,ok
1757872800,2025-09-14,Unichain,native-oft,27124441,64125789.379515,ok
1757872800,2025-09-14,XLayer,native-oft,35705650,23790972.557634,ok
1758045600,2025-09-16,Arbitrum,upgraded-in-place,379829915,900400861.984929,ok
1758045600,2025-09-16,Arbitrum_L1Gateway,legacy-escrow,23377280,139540.855695,ok
1758045600,2025-09-16,Berachain,native-oft,10568481,23525651.282558,ok
1758045600,2025-09-16,Conflux,native-oft,130770938,0.000000,not-deployed
1758045600,2025-09-16,Flare,native-oft,47681855,59633888.735355,ok
1758045600,2025-09-16,HyperEVM,native-oft,14022839,171112417.621900,ok
1758045600,2025-09-16,Ink,native-oft,24547189,83234089.273136,ok
1758045600,2025-09-16,Mantle,native-oft,84957644,0.000000,not-deployed
1758045600,2025-09-16,Monad,native-oft,22943716,0.000000,not-deployed
1758045600,2025-09-16,Morph,native-oft,17026649,0.000000,not-deployed
1758045600,2025-09-16,Optimism,native-oft,141223411,0.000000,not-deployed
1758045600,2025-09-16,Optimism_L1Bridge,legacy-escrow,23377280,200681932.676724,ok
1758045600,2025-09-16,Plasma,native-oft,1117328,133.000000,ok
1758045600,2025-09-16,Polygon,upgraded-in-place,76529019,1435392337.156045,ok
1758045600,2025-09-16,Polygon_ERC20Pred,legacy-escrow,23377280,0.000000,ok
1758045600,2025-09-16,Rootstock,native-oft,8003334,2257807.433345,ok
1758045600,2025-09-16,Stable,native-oft,,0.000000,pre-history
1758045600,2025-09-16,Tempo,native-oft,,0.000000,pre-history
1758045600,2025-09-16,USDT0_lockbox,collateral,23377280,2801267243.182590,ok
1758045600,2025-09-16,Unichain,native-oft,27297241,68493956.411819,ok
1758045600,2025-09-16,XLayer,native-oft,35956952,21017167.896406,ok
1758218400,2025-09-18,Arbitrum,upgraded-in-place,380521283,920553772.708837,ok
1758218400,2025-09-18,Arbitrum_L1Gateway,legacy-escrow,23391612,139540.855695,ok
1758218400,2025-09-18,Berachain,native-oft,10654881,49292737.312296,ok
1758218400,2025-09-18,Conflux,native-oft,130890559,0.000000,not-deployed
1758218400,2025-09-18,Flare,native-oft,47777715,64016509.987037,ok
1758218400,2025-09-18,HyperEVM,native-oft,14198519,188004590.856871,ok
1758218400,2025-09-18,Ink,native-oft,24719989,83437910.991009,ok
1758218400,2025-09-18,Mantle,native-oft,85044044,0.000000,not-deployed
1758218400,2025-09-18,Monad,native-oft,23374187,0.000000,not-deployed
1758218400,2025-09-18,Morph,native-oft,17075953,0.000000,not-deployed
1758218400,2025-09-18,Optimism,native-oft,141309811,0.000000,not-deployed
1758218400,2025-09-18,Optimism_L1Bridge,legacy-escrow,23391612,201391570.166509,ok
1758218400,2025-09-18,Plasma,native-oft,1289750,435.050212,ok
1758218400,2025-09-18,Polygon,upgraded-in-place,76609486,1418866952.160684,ok
1758218400,2025-09-18,Polygon_ERC20Pred,legacy-escrow,23391612,0.000000,ok
1758218400,2025-09-18,Rootstock,native-oft,8010253,2304207.387020,ok
1758218400,2025-09-18,Stable,native-oft,,0.000000,pre-history
1758218400,2025-09-18,Tempo,native-oft,,0.000000,pre-history
1758218400,2025-09-18,USDT0_lockbox,collateral,23391612,2866165215.642086,ok
1758218400,2025-09-18,Unichain,native-oft,27470041,79920683.255966,ok
1758218400,2025-09-18,XLayer,native-oft,36233465,23357555.713022,ok
1758391200,2025-09-20,Arbitrum,upgraded-in-place,381212746,936187483.967540,ok
1758391200,2025-09-20,Arbitrum_L1Gateway,legacy-escrow,23405922,139543.855695,ok
1758391200,2025-09-20,Berachain,native-oft,10741281,36424074.942720,ok
1758391200,2025-09-20,Conflux,native-oft,131010005,0.000000,not-deployed
1758391200,2025-09-20,Flare,native-oft,47872561,65256701.985716,ok
1758391200,2025-09-20,HyperEVM,native-oft,14374199,166236107.173266,ok
1758391200,2025-09-20,Ink,native-oft,24892789,83382803.225947,ok
1758391200,2025-09-20,Mantle,native-oft,85130444,0.000000,not-deployed
1758391200,2025-09-20,Monad,native-oft,23804801,0.000000,not-deployed
1758391200,2025-09-20,Morph,native-oft,17123291,0.000000,not-deployed
1758391200,2025-09-20,Optimism,native-oft,141396211,0.000000,not-deployed
1758391200,2025-09-20,Optimism_L1Bridge,legacy-escrow,23405922,201522268.984623,ok
1758391200,2025-09-20,Plasma,native-oft,1462340,1265.546900,ok
1758391200,2025-09-20,Polygon,upgraded-in-place,76690669,1414907686.741626,ok
1758391200,2025-09-20,Polygon_ERC20Pred,legacy-escrow,23405922,0.000000,ok
1758391200,2025-09-20,Rootstock,native-oft,8017110,2301703.191264,ok
1758391200,2025-09-20,Stable,native-oft,,0.000000,pre-history
1758391200,2025-09-20,Tempo,native-oft,,0.000000,pre-history
1758391200,2025-09-20,USDT0_lockbox,collateral,23405922,2866083965.176925,ok
1758391200,2025-09-20,Unichain,native-oft,27642841,78136644.610871,ok
1758391200,2025-09-20,XLayer,native-oft,36537755,24143886.645642,ok
1758564000,2025-09-22,Arbitrum,upgraded-in-place,381904309,975621034.120748,ok
1758564000,2025-09-22,Arbitrum_L1Gateway,legacy-escrow,23420213,139545.355695,ok
1758564000,2025-09-22,Berachain,native-oft,10827681,45171425.979124,ok
1758564000,2025-09-22,Conflux,native-oft,131132826,0.000000,not-deployed
1758564000,2025-09-22,Flare,native-oft,47969065,66109170.311195,ok
1758564000,2025-09-22,HyperEVM,native-oft,14549800,161269174.346603,ok
1758564000,2025-09-22,Ink,native-oft,25065589,68837803.093024,ok
1758564000,2025-09-22,Mantle,native-oft,85216844,0.000000,not-deployed
1758564000,2025-09-22,Monad,native-oft,24235399,0.000000,not-deployed
1758564000,2025-09-22,Morph,native-oft,17169534,0.000000,not-deployed
1758564000,2025-09-22,Optimism,native-oft,141482611,0.000000,not-deployed
1758564000,2025-09-22,Optimism_L1Bridge,legacy-escrow,23420213,207045727.479033,ok
1758564000,2025-09-22,Plasma,native-oft,1635140,3203.277788,ok
1758564000,2025-09-22,Polygon,upgraded-in-place,76771865,1405330198.543708,ok
1758564000,2025-09-22,Polygon_ERC20Pred,legacy-escrow,23420213,0.000000,ok
1758564000,2025-09-22,Rootstock,native-oft,8023939,2272216.283410,ok
1758564000,2025-09-22,Stable,native-oft,,0.000000,pre-history
1758564000,2025-09-22,Tempo,native-oft,,0.000000,pre-history
1758564000,2025-09-22,USDT0_lockbox,collateral,23420213,2844960838.006031,ok
1758564000,2025-09-22,Unichain,native-oft,27815641,63674056.994726,ok
1758564000,2025-09-22,XLayer,native-oft,36841154,21390263.417203,ok
1758736800,2025-09-24,Arbitrum,upgraded-in-place,382596990,1039114780.240142,ok
1758736800,2025-09-24,Arbitrum_L1Gateway,legacy-escrow,23434541,139045.355695,ok
1758736800,2025-09-24,Berachain,native-oft,10914081,44539167.507555,ok
1758736800,2025-09-24,Conflux,native-oft,131253813,0.000000,not-deployed
1758736800,2025-09-24,Flare,native-oft,48068448,64634614.123069,ok
1758736800,2025-09-24,HyperEVM,native-oft,14725479,146678557.039402,ok
1758736800,2025-09-24,Ink,native-oft,25238389,68946471.242742,ok
1758736800,2025-09-24,Mantle,native-oft,85303244,0.000000,not-deployed
1758736800,2025-09-24,Monad,native-oft,24655519,0.000000,not-deployed
1758736800,2025-09-24,Morph,native-oft,17217644,0.000000,not-deployed
1758736800,2025-09-24,Optimism,native-oft,141569011,0.000000,not-deployed
1758736800,2025-09-24,Optimism_L1Bridge,legacy-escrow,23434541,201597997.519428,ok
1758736800,2025-09-24,Plasma,native-oft,1807723,2032475351.048145,ok
1758736800,2025-09-24,Polygon,upgraded-in-place,76852975,1421846306.706071,ok
1758736800,2025-09-24,Polygon_ERC20Pred,legacy-escrow,23434541,0.000000,ok
1758736800,2025-09-24,Rootstock,native-oft,8030834,2173426.021961,ok
1758736800,2025-09-24,Stable,native-oft,,0.000000,pre-history
1758736800,2025-09-24,Tempo,native-oft,,0.000000,pre-history
1758736800,2025-09-24,USDT0_lockbox,collateral,23434541,4951788883.495705,ok
1758736800,2025-09-24,Unichain,native-oft,27988441,65069933.099970,ok
1758736800,2025-09-24,XLayer,native-oft,37166417,32223706.634388,ok
1758909600,2025-09-26,Arbitrum,upgraded-in-place,383290403,790752799.021254,ok
1758909600,2025-09-26,Arbitrum_L1Gateway,legacy-escrow,23448834,139045.355695,ok
1758909600,2025-09-26,Berachain,native-oft,11000481,44018424.827633,ok
1758909600,2025-09-26,Conflux,native-oft,131379514,0.000000,not-deployed
1758909600,2025-09-26,Flare,native-oft,48171561,58719235.322642,ok
1758909600,2025-09-26,HyperEVM,native-oft,14901159,163247232.181624,ok
1758909600,2025-09-26,Ink,native-oft,25411189,68942793.619471,ok
1758909600,2025-09-26,Mantle,native-oft,85389644,0.000000,not-deployed
1758909600,2025-09-26,Monad,native-oft,25085606,0.000000,not-deployed
1758909600,2025-09-26,Morph,native-oft,17306156,0.000000,not-deployed
1758909600,2025-09-26,Optimism,native-oft,141655411,0.000000,not-deployed
1758909600,2025-09-26,Optimism_L1Bridge,legacy-escrow,23448834,206162396.311016,ok
1758909600,2025-09-26,Plasma,native-oft,1980523,4431974881.685707,ok
1758909600,2025-09-26,Polygon,upgraded-in-place,76933619,1426623688.535032,ok
1758909600,2025-09-26,Polygon_ERC20Pred,legacy-escrow,23448834,0.000000,ok
1758909600,2025-09-26,Rootstock,native-oft,8037775,2290012.746620,ok
1758909600,2025-09-26,Stable,native-oft,,0.000000,pre-history
1758909600,2025-09-26,Tempo,native-oft,,0.000000,pre-history
1758909600,2025-09-26,USDT0_lockbox,collateral,23448834,7127963738.961355,ok
1758909600,2025-09-26,Unichain,native-oft,28161241,58098453.579023,ok
1758909600,2025-09-26,XLayer,native-oft,37498759,35496653.818849,ok
1759082400,2025-09-28,Arbitrum,upgraded-in-place,383982777,776516217.697560,ok
1759082400,2025-09-28,Arbitrum_L1Gateway,legacy-escrow,23463141,139045.355695,ok
1759082400,2025-09-28,Berachain,native-oft,11086882,40347671.828760,ok
1759082400,2025-09-28,Conflux,native-oft,131508939,0.000000,not-deployed
1759082400,2025-09-28,Flare,native-oft,48269612,55115746.622406,ok
1759082400,2025-09-28,HyperEVM,native-oft,15076751,171907340.291870,ok
1759082400,2025-09-28,Ink,native-oft,25583989,69248345.998119,ok
1759082400,2025-09-28,Mantle,native-oft,85476044,0.000000,not-deployed
1759082400,2025-09-28,Monad,native-oft,25515864,0.000000,not-deployed
1759082400,2025-09-28,Morph,native-oft,17366255,0.000000,not-deployed
1759082400,2025-09-28,Optimism,native-oft,141741811,0.000000,not-deployed
1759082400,2025-09-28,Optimism_L1Bridge,legacy-escrow,23463141,207279239.528416,ok
1759082400,2025-09-28,Plasma,native-oft,2153218,4891791786.508820,ok
1759082400,2025-09-28,Polygon,upgraded-in-place,77014815,1403097452.388191,ok
1759082400,2025-09-28,Polygon_ERC20Pred,legacy-escrow,23463141,0.000000,ok
1759082400,2025-09-28,Rootstock,native-oft,8044714,2494978.504841,ok
1759082400,2025-09-28,Stable,native-oft,,0.000000,pre-history
1759082400,2025-09-28,Tempo,native-oft,,0.000000,pre-history
1759082400,2025-09-28,USDT0_lockbox,collateral,23463141,7544119946.839702,ok
1759082400,2025-09-28,Unichain,native-oft,28334041,55910002.571150,ok
1759082400,2025-09-28,XLayer,native-oft,37839648,37520161.972408,ok
1759255200,2025-09-30,Arbitrum,upgraded-in-place,384674869,820987801.835563,ok
1759255200,2025-09-30,Arbitrum_L1Gateway,legacy-escrow,23477454,139045.355695,ok
1759255200,2025-09-30,Berachain,native-oft,11173281,47167276.230437,ok
1759255200,2025-09-30,Conflux,native-oft,131641770,0.000000,not-deployed
1759255200,2025-09-30,Flare,native-oft,48369100,61312368.212592,ok
1759255200,2025-09-30,HyperEVM,native-oft,15252431,187960913.000687,ok
1759255200,2025-09-30,Ink,native-oft,25756789,68684841.028512,ok
1759255200,2025-09-30,Mantle,native-oft,85562444,0.000000,not-deployed
1759255200,2025-09-30,Monad,native-oft,25946396,0.000000,not-deployed
1759255200,2025-09-30,Morph,native-oft,17416617,0.000000,not-deployed
1759255200,2025-09-30,Optimism,native-oft,141828211,0.000000,not-deployed
1759255200,2025-09-30,Optimism_L1Bridge,legacy-escrow,23477454,207342395.267001,ok
1759255200,2025-09-30,Plasma,native-oft,2326018,4839905265.154123,ok
1759255200,2025-09-30,Polygon,upgraded-in-place,77095871,1370540683.542058,ok
1759255200,2025-09-30,Polygon_ERC20Pred,legacy-escrow,23477454,0.000000,ok
1759255200,2025-09-30,Rootstock,native-oft,8051604,2110773.431847,ok
1759255200,2025-09-30,Stable,native-oft,,0.000000,pre-history
1759255200,2025-09-30,Tempo,native-oft,,0.000000,pre-history
1759255200,2025-09-30,USDT0_lockbox,collateral,23477454,7558010375.181381,ok
1759255200,2025-09-30,Unichain,native-oft,28506841,53498170.755619,ok
1759255200,2025-09-30,XLayer,native-oft,38181811,47414683.490563,ok
1759428000,2025-10-02,Arbitrum,upgraded-in-place,385367093,892853899.405019,ok
1759428000,2025-10-02,Arbitrum_L1Gateway,legacy-escrow,23491751,139045.355695,ok
1759428000,2025-10-02,Berachain,native-oft,11259682,46606410.319938,ok
1759428000,2025-10-02,Conflux,native-oft,131775103,0.000000,not-deployed
1759428000,2025-10-02,Flare,native-oft,48470409,80282788.888123,ok
1759428000,2025-10-02,HyperEVM,native-oft,15428110,161038997.759015,ok
1759428000,2025-10-02,Ink,native-oft,25929589,68261825.779726,ok
1759428000,2025-10-02,Mantle,native-oft,85648844,0.000000,not-deployed
1759428000,2025-10-02,Monad,native-oft,26376924,0.000000,not-deployed
1759428000,2025-10-02,Morph,native-oft,17464826,0.000000,not-deployed
1759428000,2025-10-02,Optimism,native-oft,141914611,0.000000,not-deployed
1759428000,2025-10-02,Optimism_L1Bridge,legacy-escrow,23491751,210521577.532504,ok
1759428000,2025-10-02,Plasma,native-oft,2498818,4706666655.350966,ok
1759428000,2025-10-02,Polygon,upgraded-in-place,77177165,861551474.128418,ok
1759428000,2025-10-02,Polygon_ERC20Pred,legacy-escrow,23491751,0.000000,ok
1759428000,2025-10-02,Rootstock,native-oft,8058525,1980631.369048,ok
1759428000,2025-10-02,Stable,native-oft,,0.000000,pre-history
1759428000,2025-10-02,Tempo,native-oft,,0.000000,pre-history
1759428000,2025-10-02,USDT0_lockbox,collateral,23491751,6998116590.316795,ok
1759428000,2025-10-02,Unichain,native-oft,28679641,54548580.479426,ok
1759428000,2025-10-02,XLayer,native-oft,38530246,32066696.307363,ok
1759600800,2025-10-04,Arbitrum,upgraded-in-place,386058635,959787071.334785,ok
1759600800,2025-10-04,Arbitrum_L1Gateway,legacy-escrow,23506060,139045.355695,ok
1759600800,2025-10-04,Berachain,native-oft,11346081,48847384.518434,ok
1759600800,2025-10-04,Conflux,native-oft,131911537,0.000000,not-deployed
1759600800,2025-10-04,Flare,native-oft,48571483,77685639.306294,ok
1759600800,2025-10-04,HyperEVM,native-oft,15603790,148995708.322747,ok
1759600800,2025-10-04,Ink,native-oft,26102389,68327895.295737,ok
1759600800,2025-10-04,Mantle,native-oft,85735244,0.000000,not-deployed
1759600800,2025-10-04,Monad,native-oft,26807451,0.000000,not-deployed
1759600800,2025-10-04,Morph,native-oft,17518528,0.000000,not-deployed
1759600800,2025-10-04,Optimism,native-oft,142001011,0.000000,not-deployed
1759600800,2025-10-04,Optimism_L1Bridge,legacy-escrow,23506060,217610231.459230,ok
1759600800,2025-10-04,Plasma,native-oft,2671618,4383719703.013592,ok
1759600800,2025-10-04,Polygon,upgraded-in-place,77258431,875359474.051711,ok
1759600800,2025-10-04,Polygon_ERC20Pred,legacy-escrow,23506060,0.000000,ok
1759600800,2025-10-04,Rootstock,native-oft,8065476,2058289.780135,ok
1759600800,2025-10-04,Stable,native-oft,,0.000000,pre-history
1759600800,2025-10-04,Tempo,native-oft,,0.000000,pre-history
1759600800,2025-10-04,USDT0_lockbox,collateral,23506060,6709807478.875230,ok
1759600800,2025-10-04,Unichain,native-oft,28852441,58731863.608378,ok
1759600800,2025-10-04,XLayer,native-oft,38865290,25165731.422006,ok
1759773600,2025-10-06,Arbitrum,upgraded-in-place,386750890,939565397.673999,ok
1759773600,2025-10-06,Arbitrum_L1Gateway,legacy-escrow,23520372,139045.355695,ok
1759773600,2025-10-06,Berachain,native-oft,11432481,50906438.379887,ok
1759773600,2025-10-06,Conflux,native-oft,132046165,0.000000,not-deployed
1759773600,2025-10-06,Flare,native-oft,48666387,76574152.614557,ok
1759773600,2025-10-06,HyperEVM,native-oft,15779470,160176003.807427,ok
1759773600,2025-10-06,Ink,native-oft,26275189,59205461.122394,ok
1759773600,2025-10-06,Mantle,native-oft,85821644,0.000000,not-deployed
1759773600,2025-10-06,Monad,native-oft,27238011,0.000000,not-deployed
1759773600,2025-10-06,Morph,native-oft,17564842,0.000000,not-deployed
1759773600,2025-10-06,Optimism,native-oft,142087411,0.000000,not-deployed
1759773600,2025-10-06,Optimism_L1Bridge,legacy-escrow,23520372,221015025.005817,ok
1759773600,2025-10-06,Plasma,native-oft,2844418,4167614972.260384,ok
1759773600,2025-10-06,Polygon,upgraded-in-place,77339616,875198257.222919,ok
1759773600,2025-10-06,Polygon_ERC20Pred,legacy-escrow,23520372,0.000000,ok
1759773600,2025-10-06,Rootstock,native-oft,8072364,2197266.107482,ok
1759773600,2025-10-06,Stable,native-oft,,0.000000,pre-history
1759773600,2025-10-06,Tempo,native-oft,,0.000000,pre-history
1759773600,2025-10-06,USDT0_lockbox,collateral,23520372,6456279698.241311,ok
1759773600,2025-10-06,Unichain,native-oft,29025241,58724538.122251,ok
1759773600,2025-10-06,XLayer,native-oft,39209027,26586635.139668,ok
1759946400,2025-10-08,Arbitrum,upgraded-in-place,387443775,971688923.211655,ok
1759946400,2025-10-08,Arbitrum_L1Gateway,legacy-escrow,23534672,139045.355695,ok
1759946400,2025-10-08,Berachain,native-oft,11518881,51765555.122707,ok
1759946400,2025-10-08,Conflux,native-oft,132180160,0.000000,not-deployed
1759946400,2025-10-08,Flare,native-oft,48763507,80855272.751158,ok
1759946400,2025-10-08,HyperEVM,native-oft,15955150,177464231.896987,ok
1759946400,2025-10-08,Ink,native-oft,26447989,59798126.954657,ok
1759946400,2025-10-08,Mantle,native-oft,85908044,0.000000,not-deployed
1759946400,2025-10-08,Monad,native-oft,27668575,0.000000,not-deployed
1759946400,2025-10-08,Morph,native-oft,17611057,0.000000,not-deployed
1759946400,2025-10-08,Optimism,native-oft,142173811,0.000000,not-deployed
1759946400,2025-10-08,Optimism_L1Bridge,legacy-escrow,23534672,228355853.886244,ok
1759946400,2025-10-08,Plasma,native-oft,3017218,5348745581.698323,ok
1759946400,2025-10-08,Polygon,upgraded-in-place,77421089,887882393.847542,ok
1759946400,2025-10-08,Polygon_ERC20Pred,legacy-escrow,23534672,0.000000,ok
1759946400,2025-10-08,Rootstock,native-oft,8079267,2491499.725203,ok
1759946400,2025-10-08,Stable,native-oft,,0.000000,pre-history
1759946400,2025-10-08,Tempo,native-oft,,0.000000,pre-history
1759946400,2025-10-08,USDT0_lockbox,collateral,23534672,7699277863.490938,ok
1759946400,2025-10-08,Unichain,native-oft,29198041,56196087.126514,ok
1759946400,2025-10-08,XLayer,native-oft,39541499,26673315.914027,ok
1760119200,2025-10-10,Arbitrum,upgraded-in-place,388136224,987780588.612869,ok
1760119200,2025-10-10,Arbitrum_L1Gateway,legacy-escrow,23548974,139045.355695,ok
1760119200,2025-10-10,Berachain,native-oft,11605281,50903998.163335,ok
1760119200,2025-10-10,Conflux,native-oft,132312363,0.000000,not-deployed
1760119200,2025-10-10,Flare,native-oft,48861681,81863628.643957,ok
1760119200,2025-10-10,HyperEVM,native-oft,16130830,160916685.990289,ok
1760119200,2025-10-10,Ink,native-oft,26620789,60187526.467131,ok
1760119200,2025-10-10,Mantle,native-oft,85994444,0.000000,not-deployed
1760119200,2025-10-10,Monad,native-oft,28099089,0.000000,not-deployed
1760119200,2025-10-10,Morph,native-oft,17658950,0.000000,not-deployed
1760119200,2025-10-10,Optimism,native-oft,142260211,0.000000,not-deployed
1760119200,2025-10-10,Optimism_L1Bridge,legacy-escrow,23548974,228526155.092935,ok
1760119200,2025-10-10,Plasma,native-oft,3189794,4627589932.261878,ok
1760119200,2025-10-10,Polygon,upgraded-in-place,77507288,889818516.946720,ok
1760119200,2025-10-10,Polygon_ERC20Pred,legacy-escrow,23548974,0.000000,ok
1760119200,2025-10-10,Rootstock,native-oft,8086155,2427531.831880,ok
1760119200,2025-10-10,Stable,native-oft,,0.000000,pre-history
1760119200,2025-10-10,Tempo,native-oft,,0.000000,pre-history
1760119200,2025-10-10,USDT0_lockbox,collateral,23548974,6992917399.659130,ok
1760119200,2025-10-10,Unichain,native-oft,29370841,55572516.527937,ok
1760119200,2025-10-10,XLayer,native-oft,39861610,29968437.158238,ok
1760292000,2025-10-12,Arbitrum,upgraded-in-place,388828792,1001759725.904266,ok
1760292000,2025-10-12,Arbitrum_L1Gateway,legacy-escrow,23563293,139045.355695,ok
1760292000,2025-10-12,Berachain,native-oft,11691681,60682456.717395,ok
1760292000,2025-10-12,Conflux,native-oft,132444657,0.000000,not-deployed
1760292000,2025-10-12,Flare,native-oft,48964377,82719252.217565,ok
1760292000,2025-10-12,HyperEVM,native-oft,16306433,185771003.664931,ok
1760292000,2025-10-12,Ink,native-oft,26793589,59931490.162904,ok
1760292000,2025-10-12,Mantle,native-oft,86080844,0.000000,not-deployed
1760292000,2025-10-12,Monad,native-oft,28529650,0.000000,not-deployed
1760292000,2025-10-12,Morph,native-oft,17707109,0.000000,not-deployed
1760292000,2025-10-12,Optimism,native-oft,142346611,0.000000,not-deployed
1760292000,2025-10-12,Optimism_L1Bridge,legacy-escrow,23563293,232687191.992400,ok
1760292000,2025-10-12,Plasma,native-oft,3362594,5017496336.138373,ok
1760292000,2025-10-12,Polygon,upgraded-in-place,77593662,898283166.313414,ok
1760292000,2025-10-12,Polygon_ERC20Pred,legacy-escrow,23563293,0.000000,ok
1760292000,2025-10-12,Rootstock,native-oft,8093104,2318792.141784,ok
1760292000,2025-10-12,Stable,native-oft,,0.000000,pre-history
1760292000,2025-10-12,Tempo,native-oft,,0.000000,pre-history
1760292000,2025-10-12,USDT0_lockbox,collateral,23563293,7410266436.992901,ok
1760292000,2025-10-12,Unichain,native-oft,29543641,38732020.298568,ok
1760292000,2025-10-12,XLayer,native-oft,40191053,26518559.896061,ok
1760464800,2025-10-14,Arbitrum,upgraded-in-place,389521243,1025584056.423959,ok
1760464800,2025-10-14,Arbitrum_L1Gateway,legacy-escrow,23577585,139045.355695,ok
1760464800,2025-10-14,Berachain,native-oft,11778081,54514946.996551,ok
1760464800,2025-10-14,Conflux,native-oft,132578878,0.000000,not-deployed
1760464800,2025-10-14,Flare,native-oft,49062034,82841840.410431,ok
1760464800,2025-10-14,HyperEVM,native-oft,16482038,193744670.886512,ok
1760464800,2025-10-14,Ink,native-oft,26966389,60102344.128244,ok
1760464800,2025-10-14,Mantle,native-oft,86167244,0.000000,not-deployed
1760464800,2025-10-14,Monad,native-oft,28960169,0.000000,not-deployed
1760464800,2025-10-14,Morph,native-oft,17753832,0.000000,not-deployed
1760464800,2025-10-14,Optimism,native-oft,142433011,0.000000,not-deployed
1760464800,2025-10-14,Optimism_L1Bridge,legacy-escrow,23577585,216711185.303551,ok
1760464800,2025-10-14,Plasma,native-oft,3535394,5037574028.230734,ok
1760464800,2025-10-14,Polygon,upgraded-in-place,77680048,910858697.159584,ok
1760464800,2025-10-14,Polygon_ERC20Pred,legacy-escrow,23577585,0.000000,ok
1760464800,2025-10-14,Rootstock,native-oft,8100026,1975657.832584,ok
1760464800,2025-10-14,Stable,native-oft,,0.000000,pre-history
1760464800,2025-10-14,Tempo,native-oft,,0.000000,pre-history
1760464800,2025-10-14,USDT0_lockbox,collateral,23577585,7470526010.188381,ok
1760464800,2025-10-14,Unichain,native-oft,29716441,38967197.805560,ok
1760464800,2025-10-14,XLayer,native-oft,40530996,23855022.022953,ok
1760637600,2025-10-16,Arbitrum,upgraded-in-place,390213467,1008151875.879725,ok
1760637600,2025-10-16,Arbitrum_L1Gateway,legacy-escrow,23591869,139040.350169,ok
1760637600,2025-10-16,Berachain,native-oft,11864481,56726896.913052,ok
1760637600,2025-10-16,Conflux,native-oft,132716820,0.000000,not-deployed
1760637600,2025-10-16,Flare,native-oft,49158670,83667765.354706,ok
1760637600,2025-10-16,HyperEVM,native-oft,16657716,187526087.711588,ok
1760637600,2025-10-16,Ink,native-oft,27139189,83218292.752485,ok
1760637600,2025-10-16,Mantle,native-oft,86253644,0.000000,not-deployed
1760637600,2025-10-16,Monad,native-oft,29390592,0.000000,not-deployed
1760637600,2025-10-16,Morph,native-oft,17800081,0.000000,not-deployed
1760637600,2025-10-16,Optimism,native-oft,142519411,0.000000,not-deployed
1760637600,2025-10-16,Optimism_L1Bridge,legacy-escrow,23591869,212720558.654656,ok
1760637600,2025-10-16,Plasma,native-oft,3708194,5195450855.755157,ok
1760637600,2025-10-16,Polygon,upgraded-in-place,77766439,887526554.505019,ok
1760637600,2025-10-16,Polygon_ERC20Pred,legacy-escrow,23591869,0.000000,ok
1760637600,2025-10-16,Rootstock,native-oft,8106984,2379925.939533,ok
1760637600,2025-10-16,Stable,native-oft,,0.000000,pre-history
1760637600,2025-10-16,Tempo,native-oft,,0.000000,pre-history
1760637600,2025-10-16,USDT0_lockbox,collateral,23591869,7594880708.910347,ok
1760637600,2025-10-16,Unichain,native-oft,29889241,30393141.268860,ok
1760637600,2025-10-16,XLayer,native-oft,40882681,25753480.739105,ok
1760810400,2025-10-18,Arbitrum,upgraded-in-place,390905148,976043495.316311,ok
1760810400,2025-10-18,Arbitrum_L1Gateway,legacy-escrow,23606175,139040.350169,ok
1760810400,2025-10-18,Berachain,native-oft,11950881,57946668.730102,ok
1760810400,2025-10-18,Conflux,native-oft,132852166,0.000000,not-deployed
1760810400,2025-10-18,Flare,native-oft,49258428,85543178.991754,ok
1760810400,2025-10-18,HyperEVM,native-oft,16833323,188603630.337330,ok
1760810400,2025-10-18,Ink,native-oft,27311989,91396007.688364,ok
1760810400,2025-10-18,Mantle,native-oft,86340044,0.000000,not-deployed
1760810400,2025-10-18,Monad,native-oft,29821068,0.000000,not-deployed
1760810400,2025-10-18,Morph,native-oft,17847754,0.000000,not-deployed
1760810400,2025-10-18,Optimism,native-oft,142605811,0.000000,not-deployed
1760810400,2025-10-18,Optimism_L1Bridge,legacy-escrow,23606175,217987014.208847,ok
1760810400,2025-10-18,Plasma,native-oft,3880994,5337343137.974781,ok
1760810400,2025-10-18,Polygon,upgraded-in-place,77852832,890378434.831186,ok
1760810400,2025-10-18,Polygon_ERC20Pred,legacy-escrow,23606175,0.000000,ok
1760810400,2025-10-18,Rootstock,native-oft,8113873,2248099.035977,ok
1760810400,2025-10-18,Stable,native-oft,,0.000000,pre-history
1760810400,2025-10-18,Tempo,native-oft,,0.000000,pre-history
1760810400,2025-10-18,USDT0_lockbox,collateral,23606175,7721668711.292465,ok
1760810400,2025-10-18,Unichain,native-oft,30062041,30538267.794516,ok
1760810400,2025-10-18,XLayer,native-oft,41240112,27330793.819994,ok
1760983200,2025-10-20,Arbitrum,upgraded-in-place,391595966,991868477.439509,ok
1760983200,2025-10-20,Arbitrum_L1Gateway,legacy-escrow,23620455,139040.350169,ok
1760983200,2025-10-20,Berachain,native-oft,12037281,29124595.433562,ok
1760983200,2025-10-20,Conflux,native-oft,132986643,0.000000,not-deployed
1760983200,2025-10-20,Flare,native-oft,49354439,85825396.667582,ok
1760983200,2025-10-20,HyperEVM,native-oft,17009003,199696447.274551,ok
1760983200,2025-10-20,Ink,native-oft,27484789,83942484.110897,ok
1760983200,2025-10-20,Mantle,native-oft,86426444,0.000000,not-deployed
1760983200,2025-10-20,Monad,native-oft,30251593,0.000000,not-deployed
1760983200,2025-10-20,Morph,native-oft,17893437,0.000000,not-deployed
1760983200,2025-10-20,Optimism,native-oft,142692211,0.000000,not-deployed
1760983200,2025-10-20,Optimism_L1Bridge,legacy-escrow,23620455,219940713.719396,ok
1760983200,2025-10-20,Plasma,native-oft,4053794,5298904085.412844,ok
1760983200,2025-10-20,Polygon,upgraded-in-place,77939224,883154384.990920,ok
1760983200,2025-10-20,Polygon_ERC20Pred,legacy-escrow,23620455,0.000000,ok
1760983200,2025-10-20,Rootstock,native-oft,8120732,1957717.767910,ok
1760983200,2025-10-20,Stable,native-oft,,0.000000,pre-history
1760983200,2025-10-20,Tempo,native-oft,,0.000000,pre-history
1760983200,2025-10-20,USDT0_lockbox,collateral,23620455,7678492065.485754,ok
1760983200,2025-10-20,Unichain,native-oft,30234841,38506255.222909,ok
1760983200,2025-10-20,XLayer,native-oft,41595885,28485091.410433,ok
1761156000,2025-10-22,Arbitrum,upgraded-in-place,392287180,994818429.614069,ok
1761156000,2025-10-22,Arbitrum_L1Gateway,legacy-escrow,23634707,139040.350169,ok
1761156000,2025-10-22,Berachain,native-oft,12123681,25002037.615920,ok
1761156000,2025-10-22,Conflux,native-oft,133120204,0.000000,not-deployed
1761156000,2025-10-22,Flare,native-oft,49451451,85956258.474277,ok
1761156000,2025-10-22,HyperEVM,native-oft,17184683,191062618.548981,ok
1761156000,2025-10-22,Ink,native-oft,27657589,103913115.741004,ok
1761156000,2025-10-22,Mantle,native-oft,86512844,0.000000,not-deployed
1761156000,2025-10-22,Monad,native-oft,30682081,0.000000,not-deployed
1761156000,2025-10-22,Morph,native-oft,17941282,0.000000,not-deployed
1761156000,2025-10-22,Optimism,native-oft,142778611,0.000000,not-deployed
1761156000,2025-10-22,Optimism_L1Bridge,legacy-escrow,23634707,220026408.260685,ok
1761156000,2025-10-22,Plasma,native-oft,4226594,4695772203.176814,ok
1761156000,2025-10-22,Polygon,upgraded-in-place,78025595,878688986.593943,ok
1761156000,2025-10-22,Polygon_ERC20Pred,legacy-escrow,23634707,0.000000,ok
1761156000,2025-10-22,Rootstock,native-oft,8127611,1605726.348184,ok
1761156000,2025-10-22,Stable,native-oft,,0.000000,pre-history
1761156000,2025-10-22,Tempo,native-oft,,0.000000,pre-history
1761156000,2025-10-22,USDT0_lockbox,collateral,23634707,7084478976.374676,ok
1761156000,2025-10-22,Unichain,native-oft,30407641,37327926.216127,ok
1761156000,2025-10-22,XLayer,native-oft,41947117,30024700.311603,ok
1761328800,2025-10-24,Arbitrum,upgraded-in-place,392979566,996547919.315147,ok
1761328800,2025-10-24,Arbitrum_L1Gateway,legacy-escrow,23648969,139040.350169,ok
1761328800,2025-10-24,Berachain,native-oft,12210082,23612590.152781,ok
1761328800,2025-10-24,Conflux,native-oft,133248832,0.000000,not-deployed
1761328800,2025-10-24,Flare,native-oft,49546905,82516138.670207,ok
1761328800,2025-10-24,HyperEVM,native-oft,17360363,193032379.849940,ok
1761328800,2025-10-24,Ink,native-oft,27830389,83942255.188326,ok
1761328800,2025-10-24,Mantle,native-oft,86599244,0.000000,not-deployed
1761328800,2025-10-24,Monad,native-oft,31112677,0.000000,not-deployed
1761328800,2025-10-24,Morph,native-oft,17992160,0.000000,not-deployed
1761328800,2025-10-24,Optimism,native-oft,142865011,0.000000,not-deployed
1761328800,2025-10-24,Optimism_L1Bridge,legacy-escrow,23648969,195402211.123114,ok
1761328800,2025-10-24,Plasma,native-oft,4399394,4732392772.875814,ok
1761328800,2025-10-24,Polygon,upgraded-in-place,78111988,878941720.347231,ok
1761328800,2025-10-24,Polygon_ERC20Pred,legacy-escrow,23648969,0.000000,ok
1761328800,2025-10-24,Rootstock,native-oft,8134531,1315512.561015,ok
1761328800,2025-10-24,Stable,native-oft,,0.000000,pre-history
1761328800,2025-10-24,Tempo,native-oft,,0.000000,pre-history
1761328800,2025-10-24,USDT0_lockbox,collateral,23648969,7092938311.060946,ok
1761328800,2025-10-24,Unichain,native-oft,30580441,35695988.610920,ok
1761328800,2025-10-24,XLayer,native-oft,42296969,27862948.133376,ok
1761501600,2025-10-26,Arbitrum,upgraded-in-place,393671136,1000043870.149534,ok
1761501600,2025-10-26,Arbitrum_L1Gateway,legacy-escrow,23663282,139040.350169,ok
1761501600,2025-10-26,Berachain,native-oft,12296482,22439292.965937,ok
1761501600,2025-10-26,Conflux,native-oft,133378553,0.000000,not-deployed
1761501600,2025-10-26,Flare,native-oft,49641206,80791083.944690,ok
1761501600,2025-10-26,HyperEVM,native-oft,17535965,192058374.012715,ok
1761501600,2025-10-26,Ink,native-oft,28003189,96705076.651700,ok
1761501600,2025-10-26,Mantle,native-oft,86685644,0.000000,not-deployed
1761501600,2025-10-26,Monad,native-oft,31543281,0.000000,not-deployed
1761501600,2025-10-26,Morph,native-oft,18037521,0.000000,not-deployed
1761501600,2025-10-26,Optimism,native-oft,142951411,0.000000,not-deployed
1761501600,2025-10-26,Optimism_L1Bridge,legacy-escrow,23663282,196598072.543914,ok
1761501600,2025-10-26,Plasma,native-oft,4572194,4824486406.283140,ok
1761501600,2025-10-26,Polygon,upgraded-in-place,78198386,867503422.036979,ok
1761501600,2025-10-26,Polygon_ERC20Pred,legacy-escrow,23663282,0.000000,ok
1761501600,2025-10-26,Rootstock,native-oft,8141437,1335006.406942,ok
1761501600,2025-10-26,Stable,native-oft,,0.000000,pre-history
1761501600,2025-10-26,Tempo,native-oft,,0.000000,pre-history
1761501600,2025-10-26,USDT0_lockbox,collateral,23663282,7179360272.377757,ok
1761501600,2025-10-26,Unichain,native-oft,30753241,35572605.418401,ok
1761501600,2025-10-26,XLayer,native-oft,42649342,24721428.657426,ok
1761674400,2025-10-28,Arbitrum,upgraded-in-place,394363367,975454247.902536,ok
1761674400,2025-10-28,Arbitrum_L1Gateway,legacy-escrow,23677559,139040.350169,ok
1761674400,2025-10-28,Berachain,native-oft,12382881,18558192.590219,ok
1761674400,2025-10-28,Conflux,native-oft,133508924,0.000000,ok
1761674400,2025-10-28,Flare,native-oft,49736463,80706174.252828,ok
1761674400,2025-10-28,HyperEVM,native-oft,17711645,182986268.179553,ok
1761674400,2025-10-28,Ink,native-oft,28175989,104271858.109497,ok
1761674400,2025-10-28,Mantle,native-oft,86772044,0.000000,not-deployed
1761674400,2025-10-28,Monad,native-oft,31973851,0.000000,not-deployed
1761674400,2025-10-28,Morph,native-oft,18083521,0.000000,not-deployed
1761674400,2025-10-28,Optimism,native-oft,143037811,0.000000,not-deployed
1761674400,2025-10-28,Optimism_L1Bridge,legacy-escrow,23677559,197829015.576742,ok
1761674400,2025-10-28,Plasma,native-oft,4744994,4562739493.051299,ok
1761674400,2025-10-28,Polygon,upgraded-in-place,78284785,849548962.116038,ok
1761674400,2025-10-28,Polygon_ERC20Pred,legacy-escrow,23677559,0.000000,ok
1761674400,2025-10-28,Rootstock,native-oft,8148334,1338041.193012,ok
1761674400,2025-10-28,Stable,native-oft,,0.000000,pre-history
1761674400,2025-10-28,Tempo,native-oft,,0.000000,pre-history
1761674400,2025-10-28,USDT0_lockbox,collateral,23677559,6994571975.041646,ok
1761674400,2025-10-28,Unichain,native-oft,30926041,36058760.924800,ok
1761674400,2025-10-28,XLayer,native-oft,42905364,35512338.900948,ok
1761847200,2025-10-30,Arbitrum,upgraded-in-place,395055743,960380007.431742,ok
1761847200,2025-10-30,Arbitrum_L1Gateway,legacy-escrow,23691847,139026.864623,ok
1761847200,2025-10-30,Berachain,native-oft,12469281,27675317.673589,ok
1761847200,2025-10-30,Conflux,native-oft,133639157,0.000000,ok
1761847200,2025-10-30,Flare,native-oft,49833449,77237905.530050,ok
1761847200,2025-10-30,HyperEVM,native-oft,17887325,162477296.920828,ok
1761847200,2025-10-30,Ink,native-oft,28348789,120053404.573653,ok
1761847200,2025-10-30,Mantle,native-oft,86858444,0.000000,not-deployed
1761847200,2025-10-30,Monad,native-oft,32404334,0.000000,not-deployed
1761847200,2025-10-30,Morph,native-oft,18131175,0.000000,not-deployed
1761847200,2025-10-30,Optimism,native-oft,143124211,0.000000,not-deployed
1761847200,2025-10-30,Optimism_L1Bridge,legacy-escrow,23691847,199055303.235568,ok
1761847200,2025-10-30,Plasma,native-oft,4917794,4081096653.746530,ok
1761847200,2025-10-30,Polygon,upgraded-in-place,78371185,862279069.692062,ok
1761847200,2025-10-30,Polygon_ERC20Pred,legacy-escrow,23691847,0.000000,ok
1761847200,2025-10-30,Rootstock,native-oft,8155275,1447856.736529,ok
1761847200,2025-10-30,Stable,native-oft,,0.000000,pre-history
1761847200,2025-10-30,Tempo,native-oft,,0.000000,pre-history
1761847200,2025-10-30,USDT0_lockbox,collateral,23691847,6501874585.398019,ok
1761847200,2025-10-30,Unichain,native-oft,31098841,35003551.204629,ok
1761847200,2025-10-30,XLayer,native-oft,43078164,35445217.986912,ok
1762020000,2025-11-01,Arbitrum,upgraded-in-place,395747967,960854310.493577,ok
1762020000,2025-11-01,Arbitrum_L1Gateway,legacy-escrow,23706136,139026.864623,ok
1762020000,2025-11-01,Berachain,native-oft,12555681,29082410.094775,ok
1762020000,2025-11-01,Conflux,native-oft,133776011,0.000000,ok
1762020000,2025-11-01,Flare,native-oft,49932147,62836982.107285,ok
1762020000,2025-11-01,HyperEVM,native-oft,18062928,165289734.542883,ok
1762020000,2025-11-01,Ink,native-oft,28521589,111853800.664998,ok
1762020000,2025-11-01,Mantle,native-oft,86944844,0.000000,ok
1762020000,2025-11-01,Monad,native-oft,32834694,0.000000,not-deployed
1762020000,2025-11-01,Morph,native-oft,18176930,0.000000,not-deployed
1762020000,2025-11-01,Optimism,native-oft,143210611,0.000000,not-deployed
1762020000,2025-11-01,Optimism_L1Bridge,legacy-escrow,23706136,200093520.776310,ok
1762020000,2025-11-01,Plasma,native-oft,5090589,2774047382.741627,ok
1762020000,2025-11-01,Polygon,upgraded-in-place,78457579,869877857.537737,ok
1762020000,2025-11-01,Polygon_ERC20Pred,legacy-escrow,23706136,0.000000,ok
1762020000,2025-11-01,Rootstock,native-oft,8162156,1415282.382741,ok
1762020000,2025-11-01,Stable,native-oft,,0.000000,pre-history
1762020000,2025-11-01,Tempo,native-oft,,0.000000,pre-history
1762020000,2025-11-01,USDT0_lockbox,collateral,23706136,5082661314.548197,ok
1762020000,2025-11-01,Unichain,native-oft,31271641,34463019.050443,ok
1762020000,2025-11-01,XLayer,native-oft,43250964,36468738.517199,ok
1762192800,2025-11-03,Arbitrum,upgraded-in-place,396440044,969309115.127272,ok
1762192800,2025-11-03,Arbitrum_L1Gateway,legacy-escrow,23720447,139026.864623,ok
1762192800,2025-11-03,Berachain,native-oft,12627746,27671061.591559,ok
1762192800,2025-11-03,Conflux,native-oft,133908157,0.000000,ok
1762192800,2025-11-03,Flare,native-oft,50037309,66465338.096136,ok
1762192800,2025-11-03,HyperEVM,native-oft,18238608,167171847.296269,ok
1762192800,2025-11-03,Ink,native-oft,28694389,125652998.107319,ok
1762192800,2025-11-03,Mantle,native-oft,87031244,0.000000,ok
1762192800,2025-11-03,Monad,native-oft,33261719,0.000000,not-deployed
1762192800,2025-11-03,Morph,native-oft,18222738,0.000000,not-deployed
1762192800,2025-11-03,Optimism,native-oft,143297011,0.000000,not-deployed
1762192800,2025-11-03,Optimism_L1Bridge,legacy-escrow,23720447,200297275.742528,ok
1762192800,2025-11-03,Plasma,native-oft,5263389,2568131353.803669,ok
1762192800,2025-11-03,Polygon,upgraded-in-place,78543968,869392384.214708,ok
1762192800,2025-11-03,Polygon_ERC20Pred,legacy-escrow,23720447,0.000000,ok
1762192800,2025-11-03,Rootstock,native-oft,8169031,1375110.641735,ok
1762192800,2025-11-03,Stable,native-oft,,0.000000,pre-history
1762192800,2025-11-03,Tempo,native-oft,,0.000000,pre-history
1762192800,2025-11-03,USDT0_lockbox,collateral,23720447,4894280088.415653,ok
1762192800,2025-11-03,Unichain,native-oft,31444441,34210371.146284,ok
1762192800,2025-11-03,XLayer,native-oft,43423764,26597040.159795,ok
1762365600,2025-11-05,Arbitrum,upgraded-in-place,397132427,959260423.576329,ok
1762365600,2025-11-05,Arbitrum_L1Gateway,legacy-escrow,23734743,139026.864623,ok
1762365600,2025-11-05,Berachain,native-oft,12675441,28319862.680907,ok
1762365600,2025-11-05,Conflux,native-oft,134045048,0.000000,ok
1762365600,2025-11-05,Flare,native-oft,50147723,51325250.191501,ok
1762365600,2025-11-05,HyperEVM,native-oft,18414288,181416670.518116,ok
1762365600,2025-11-05,Ink,native-oft,28867189,134798023.218838,ok
1762365600,2025-11-05,Mantle,native-oft,87117644,0.000000,ok
1762365600,2025-11-05,Monad,native-oft,33691785,0.000000,not-deployed
1762365600,2025-11-05,Morph,native-oft,18272528,0.000000,not-deployed
1762365600,2025-11-05,Optimism,native-oft,143383411,0.000000,not-deployed
1762365600,2025-11-05,Optimism_L1Bridge,legacy-escrow,23734743,200358870.175246,ok
1762365600,2025-11-05,Plasma,native-oft,5436189,976507617.990118,ok
1762365600,2025-11-05,Polygon,upgraded-in-place,78630368,876111821.642593,ok
1762365600,2025-11-05,Polygon_ERC20Pred,legacy-escrow,23734743,0.000000,ok
1762365600,2025-11-05,Rootstock,native-oft,8175996,1207519.732116,ok
1762365600,2025-11-05,Stable,native-oft,,0.000000,pre-history
1762365600,2025-11-05,Tempo,native-oft,,0.000000,pre-history
1762365600,2025-11-05,USDT0_lockbox,collateral,23734743,3703883253.300895,ok
1762365600,2025-11-05,Unichain,native-oft,31617241,35470658.141960,ok
1762365600,2025-11-05,XLayer,native-oft,43596564,27333461.314497,ok
1762538400,2025-11-07,Arbitrum,upgraded-in-place,397824517,967391588.473381,ok
1762538400,2025-11-07,Arbitrum_L1Gateway,legacy-escrow,23749036,139026.864623,ok
1762538400,2025-11-07,Berachain,native-oft,12761841,29761173.742381,ok
1762538400,2025-11-07,Conflux,native-oft,134180112,0.000000,ok
1762538400,2025-11-07,Flare,native-oft,50253334,53033824.274451,ok
1762538400,2025-11-07,HyperEVM,native-oft,18589968,188662684.135390,ok
1762538400,2025-11-07,Ink,native-oft,29039989,125324709.677640,ok
1762538400,2025-11-07,Mantle,native-oft,87204044,0.000000,ok
1762538400,2025-11-07,Monad,native-oft,34087341,0.000000,not-deployed
1762538400,2025-11-07,Morph,native-oft,18319769,0.000000,not-deployed
1762538400,2025-11-07,Optimism,native-oft,143469811,0.000000,not-deployed
1762538400,2025-11-07,Optimism_L1Bridge,legacy-escrow,23749036,203619525.892287,ok
1762538400,2025-11-07,Plasma,native-oft,5608975,1165949918.175264,ok
1762538400,2025-11-07,Polygon,upgraded-in-place,78716767,888835733.490721,ok
1762538400,2025-11-07,Polygon_ERC20Pred,legacy-escrow,23749036,0.000000,ok
1762538400,2025-11-07,Rootstock,native-oft,8182972,1135752.256915,ok
1762538400,2025-11-07,Stable,native-oft,,0.000000,pre-history
1762538400,2025-11-07,Tempo,native-oft,,0.000000,pre-history
1762538400,2025-11-07,USDT0_lockbox,collateral,23749036,3519105125.932111,ok
1762538400,2025-11-07,Unichain,native-oft,31790041,35318654.010621,ok
1762538400,2025-11-07,XLayer,native-oft,43769364,26944656.596313,ok
1762711200,2025-11-09,Arbitrum,upgraded-in-place,398516416,975708854.980521,ok
1762711200,2025-11-09,Arbitrum_L1Gateway,legacy-escrow,23763350,139026.864623,ok
1762711200,2025-11-09,Berachain,native-oft,12848242,36536620.032498,ok
1762711200,2025-11-09,Conflux,native-oft,134317826,0.000000,ok
1762711200,2025-11-09,Flare,native-oft,50358336,52733083.587197,ok
1762711200,2025-11-09,HyperEVM,native-oft,18765571,190104506.520459,ok
1762711200,2025-11-09,Ink,native-oft,29212789,126443398.448276,ok
1762711200,2025-11-09,Mantle,native-oft,87290444,0.000000,ok
1762711200,2025-11-09,Monad,native-oft,34517829,0.000000,not-deployed
1762711200,2025-11-09,Morph,native-oft,18367537,0.000000,not-deployed
1762711200,2025-11-09,Optimism,native-oft,143556211,0.000000,not-deployed
1762711200,2025-11-09,Optimism_L1Bridge,legacy-escrow,23763350,204887293.944061,ok
1762711200,2025-11-09,Plasma,native-oft,5781628,1261936419.890999,ok
1762711200,2025-11-09,Polygon,upgraded-in-place,78803159,892932756.508514,ok
1762711200,2025-11-09,Polygon_ERC20Pred,legacy-escrow,23763350,0.000000,ok
1762711200,2025-11-09,Rootstock,native-oft,8189857,1094494.130069,ok
1762711200,2025-11-09,Stable,native-oft,,0.000000,pre-history
1762711200,2025-11-09,Tempo,native-oft,,0.000000,pre-history
1762711200,2025-11-09,USDT0_lockbox,collateral,23763350,3629998020.752919,ok
1762711200,2025-11-09,Unichain,native-oft,31962841,34537075.931563,ok
1762711200,2025-11-09,XLayer,native-oft,43942164,28233795.012276,ok
1762884000,2025-11-11,Arbitrum,upgraded-in-place,399208624,968814758.121586,ok
1762884000,2025-11-11,Arbitrum_L1Gateway,legacy-escrow,23777635,139011.877348,ok
1762884000,2025-11-11,Berachain,native-oft,12934642,40889895.295044,ok
1762884000,2025-11-11,Conflux,native-oft,134456538,22.561651,ok
1762884000,2025-11-11,Flare,native-oft,50465514,52654901.275130,ok
1762884000,2025-11-11,HyperEVM,native-oft,18941251,212984334.620924,ok
1762884000,2025-11-11,Ink,native-oft,29385589,126425036.701691,ok
1762884000,2025-11-11,Mantle,native-oft,87376844,0.100000,ok
1762884000,2025-11-11,Monad,native-oft,34948406,0.000000,not-deployed
1762884000,2025-11-11,Morph,native-oft,18413432,0.000000,not-deployed
1762884000,2025-11-11,Optimism,native-oft,143642611,12753555.396804,ok
1762884000,2025-11-11,Optimism_L1Bridge,legacy-escrow,23777635,204964562.140114,ok
1762884000,2025-11-11,Plasma,native-oft,5953497,1394370542.121331,ok
1762884000,2025-11-11,Polygon,upgraded-in-place,78889557,892075588.886629,ok
1762884000,2025-11-11,Polygon_ERC20Pred,legacy-escrow,23777635,0.000000,ok
1762884000,2025-11-11,Rootstock,native-oft,8196858,1052020.384750,ok
1762884000,2025-11-11,Stable,native-oft,,0.000000,pre-history
1762884000,2025-11-11,Tempo,native-oft,,0.000000,pre-history
1762884000,2025-11-11,USDT0_lockbox,collateral,23777635,3794248774.982286,ok
1762884000,2025-11-11,Unichain,native-oft,32135641,33166261.451721,ok
1762884000,2025-11-11,XLayer,native-oft,44114964,28569710.895403,ok
1763056800,2025-11-13,Arbitrum,upgraded-in-place,399900596,984325998.234080,ok
1763056800,2025-11-13,Arbitrum_L1Gateway,legacy-escrow,23791928,139011.877348,ok
1763056800,2025-11-13,Berachain,native-oft,13021041,38824348.743190,ok
1763056800,2025-11-13,Conflux,native-oft,134595274,42510.532164,ok
1763056800,2025-11-13,Flare,native-oft,50570340,59456139.106610,ok
1763056800,2025-11-13,HyperEVM,native-oft,19116931,213399507.145302,ok
1763056800,2025-11-13,Ink,native-oft,29558389,130574996.363315,ok
1763056800,2025-11-13,Mantle,native-oft,87463244,0.100000,ok
1763056800,2025-11-13,Monad,native-oft,35378535,0.000000,not-deployed
1763056800,2025-11-13,Morph,native-oft,18460610,0.000000,not-deployed
1763056800,2025-11-13,Optimism,native-oft,143729011,13607765.746744,ok
1763056800,2025-11-13,Optimism_L1Bridge,legacy-escrow,23791928,187123009.921057,ok
1763056800,2025-11-13,Plasma,native-oft,6126297,1607036113.870932,ok
1763056800,2025-11-13,Polygon,upgraded-in-place,78975957,908573093.517202,ok
1763056800,2025-11-13,Polygon_ERC20Pred,legacy-escrow,23791928,0.000000,ok
1763056800,2025-11-13,Rootstock,native-oft,8203741,997434.581607,ok
1763056800,2025-11-13,Stable,native-oft,,0.000000,pre-history
1763056800,2025-11-13,Tempo,native-oft,,0.000000,pre-history
1763056800,2025-11-13,USDT0_lockbox,collateral,23791928,4037457345.656311,ok
1763056800,2025-11-13,Unichain,native-oft,32308441,34192700.785833,ok
1763056800,2025-11-13,XLayer,native-oft,44287764,27923742.844455,ok
1763229600,2025-11-15,Arbitrum,upgraded-in-place,400592277,979170107.634288,ok
1763229600,2025-11-15,Arbitrum_L1Gateway,legacy-escrow,23806235,138985.783919,ok
1763229600,2025-11-15,Berachain,native-oft,13107441,31095089.578836,ok
1763229600,2025-11-15,Conflux,native-oft,134733012,42730.797935,ok
1763229600,2025-11-15,Flare,native-oft,50678180,59048980.682391,ok
1763229600,2025-11-15,HyperEVM,native-oft,19292525,221884663.882131,ok
1763229600,2025-11-15,Ink,native-oft,29731189,132396709.399253,ok
1763229600,2025-11-15,Mantle,native-oft,87549644,0.100000,ok
1763229600,2025-11-15,Monad,native-oft,35806475,0.000000,not-deployed
1763229600,2025-11-15,Morph,native-oft,18509075,0.000000,not-deployed
1763229600,2025-11-15,Optimism,native-oft,143815411,13963723.373294,ok
1763229600,2025-11-15,Optimism_L1Bridge,legacy-escrow,23806235,187239523.538472,ok
1763229600,2025-11-15,Plasma,native-oft,6299097,1672847597.129048,ok
1763229600,2025-11-15,Polygon,upgraded-in-place,79062289,912729011.981536,ok
1763229600,2025-11-15,Polygon_ERC20Pred,legacy-escrow,23806235,0.000000,ok
1763229600,2025-11-15,Rootstock,native-oft,8210682,942210.666175,ok
1763229600,2025-11-15,Stable,native-oft,,0.000000,pre-history
1763229600,2025-11-15,Tempo,native-oft,,0.000000,pre-history
1763229600,2025-11-15,USDT0_lockbox,collateral,23806235,4113730390.286196,ok
1763229600,2025-11-15,Unichain,native-oft,32481241,41253862.295197,ok
1763229600,2025-11-15,XLayer,native-oft,44460564,27875231.820360,ok
1763402400,2025-11-17,Arbitrum,upgraded-in-place,401282718,1006974013.482447,ok
1763402400,2025-11-17,Arbitrum_L1Gateway,legacy-escrow,23820526,138985.783919,ok
1763402400,2025-11-17,Berachain,native-oft,13193842,38013903.126109,ok
1763402400,2025-11-17,Conflux,native-oft,134867759,89720.797935,ok
1763402400,2025-11-17,Flare,native-oft,50783521,56306565.634216,ok
1763402400,2025-11-17,HyperEVM,native-oft,19468205,218215880.758277,ok
1763402400,2025-11-17,Ink,native-oft,29903989,131649441.103782,ok
1763402400,2025-11-17,Mantle,native-oft,87636044,0.100000,ok
1763402400,2025-11-17,Monad,native-oft,36233776,0.000000,not-deployed
1763402400,2025-11-17,Morph,native-oft,18555615,0.000000,not-deployed
1763402400,2025-11-17,Optimism,native-oft,143901811,13805255.278300,ok
1763402400,2025-11-17,Optimism_L1Bridge,legacy-escrow,23820526,187724132.444616,ok
1763402400,2025-11-17,Plasma,native-oft,6471897,1463523892.762240,ok
1763402400,2025-11-17,Polygon,upgraded-in-place,79148684,927771643.297066,ok
1763402400,2025-11-17,Polygon_ERC20Pred,legacy-escrow,23820526,0.000000,ok
1763402400,2025-11-17,Rootstock,native-oft,8217728,1317020.646124,ok
1763402400,2025-11-17,Stable,native-oft,,0.000000,pre-history
1763402400,2025-11-17,Tempo,native-oft,,0.000000,pre-history
1763402400,2025-11-17,USDT0_lockbox,collateral,23820526,3984865417.024278,ok
1763402400,2025-11-17,Unichain,native-oft,32654041,36714089.379646,ok
1763402400,2025-11-17,XLayer,native-oft,44633364,28076068.018619,ok
1763575200,2025-11-19,Arbitrum,upgraded-in-place,401974431,1041894951.762179,ok
1763575200,2025-11-19,Arbitrum_L1Gateway,legacy-escrow,23834762,138985.783919,ok
1763575200,2025-11-19,Berachain,native-oft,13280241,42708598.134152,ok
1763575200,2025-11-19,Conflux,native-oft,135004656,73009.462467,ok
1763575200,2025-11-19,Flare,native-oft,50889860,57019855.424415,ok
1763575200,2025-11-19,HyperEVM,native-oft,19643885,227986415.807914,ok
1763575200,2025-11-19,Ink,native-oft,30076789,136093447.511504,ok
1763575200,2025-11-19,Mantle,native-oft,87722444,0.100000,ok
1763575200,2025-11-19,Monad,native-oft,36661710,0.000000,not-deployed
1763575200,2025-11-19,Morph,native-oft,18602835,0.000000,not-deployed
1763575200,2025-11-19,Optimism,native-oft,143988211,12487723.009076,ok
1763575200,2025-11-19,Optimism_L1Bridge,legacy-escrow,23834762,188838375.900115,ok
1763575200,2025-11-19,Plasma,native-oft,6644697,1368524998.011655,ok
1763575200,2025-11-19,Polygon,upgraded-in-place,79235084,922975014.763460,ok
1763575200,2025-11-19,Polygon_ERC20Pred,legacy-escrow,23834762,0.000000,ok
1763575200,2025-11-19,Rootstock,native-oft,8224691,1653584.098909,ok
1763575200,2025-11-19,Stable,native-oft,,0.000000,pre-history
1763575200,2025-11-19,Tempo,native-oft,,0.000000,pre-history
1763575200,2025-11-19,USDT0_lockbox,collateral,23834762,3893195723.504724,ok
1763575200,2025-11-19,Unichain,native-oft,32826841,35240580.212521,ok
1763575200,2025-11-19,XLayer,native-oft,44806164,28344550.554588,ok
1763748000,2025-11-21,Arbitrum,upgraded-in-place,402666343,1064576628.989978,ok
1763748000,2025-11-21,Arbitrum_L1Gateway,legacy-escrow,23849015,138985.783919,ok
1763748000,2025-11-21,Berachain,native-oft,13366641,50330097.950365,ok
1763748000,2025-11-21,Conflux,native-oft,135139051,636553.089098,ok
1763748000,2025-11-21,Flare,native-oft,50999799,52366113.577104,ok
1763748000,2025-11-21,HyperEVM,native-oft,19819565,158115176.116155,ok
1763748000,2025-11-21,Ink,native-oft,30249589,134004753.982323,ok
1763748000,2025-11-21,Mantle,native-oft,87808844,0.200000,ok
1763748000,2025-11-21,Monad,native-oft,37089420,0.000000,not-deployed
1763748000,2025-11-21,Morph,native-oft,18651483,0.000000,not-deployed
1763748000,2025-11-21,Optimism,native-oft,144074611,12851377.799674,ok
1763748000,2025-11-21,Optimism_L1Bridge,legacy-escrow,23849015,176841385.900115,ok
1763748000,2025-11-21,Plasma,native-oft,6817427,1264714403.137439,ok
1763748000,2025-11-21,Polygon,upgraded-in-place,79321484,928671460.643372,ok
1763748000,2025-11-21,Polygon_ERC20Pred,legacy-escrow,23849015,0.000000,ok
1763748000,2025-11-21,Rootstock,native-oft,8231645,1668791.703127,ok
1763748000,2025-11-21,Stable,native-oft,,0.000000,pre-history
1763748000,2025-11-21,Tempo,native-oft,,0.000000,pre-history
1763748000,2025-11-21,USDT0_lockbox,collateral,23849015,3753069579.393633,ok
1763748000,2025-11-21,Unichain,native-oft,32999641,34596655.290180,ok
1763748000,2025-11-21,XLayer,native-oft,44978964,30371216.922805,ok
1763920800,2025-11-23,Arbitrum,upgraded-in-place,403356306,1079249957.039247,ok
1763920800,2025-11-23,Arbitrum_L1Gateway,legacy-escrow,23863234,138983.783919,ok
1763920800,2025-11-23,Berachain,native-oft,13453041,52993985.871374,ok
1763920800,2025-11-23,Conflux,native-oft,135272209,905824.241691,ok
1763920800,2025-11-23,Flare,native-oft,51106792,58856654.908453,ok
1763920800,2025-11-23,HyperEVM,native-oft,19995154,162769083.293172,ok
1763920800,2025-11-23,Ink,native-oft,30422389,135579213.262651,ok
1763920800,2025-11-23,Mantle,native-oft,87895244,0.300000,ok
1763920800,2025-11-23,Monad,native-oft,37520538,0.000000,not-deployed
1763920800,2025-11-23,Morph,native-oft,18698202,0.000000,not-deployed
1763920800,2025-11-23,Optimism,native-oft,144161011,13353724.268188,ok
1763920800,2025-11-23,Optimism_L1Bridge,legacy-escrow,23863234,176901413.841947,ok
1763920800,2025-11-23,Plasma,native-oft,6990227,1491370815.272661,ok
1763920800,2025-11-23,Polygon,upgraded-in-place,79407883,924825392.085527,ok
1763920800,2025-11-23,Polygon_ERC20Pred,legacy-escrow,23863234,0.000000,ok
1763920800,2025-11-23,Rootstock,native-oft,8238477,1628846.703307,ok
1763920800,2025-11-23,Stable,native-oft,,0.000000,pre-history
1763920800,2025-11-23,Tempo,native-oft,,0.000000,pre-history
1763920800,2025-11-23,USDT0_lockbox,collateral,23863234,4009371900.626759,ok
1763920800,2025-11-23,Unichain,native-oft,33172441,34199599.638357,ok
1763920800,2025-11-23,XLayer,native-oft,45151764,30342272.617115,ok
1764093600,2025-11-25,Arbitrum,upgraded-in-place,404047163,1089552239.828263,ok
1764093600,2025-11-25,Arbitrum_L1Gateway,legacy-escrow,23877444,138983.783919,ok
1764093600,2025-11-25,Berachain,native-oft,13539441,55509679.056817,ok
1764093600,2025-11-25,Conflux,native-oft,135406745,897034.171122,ok
1764093600,2025-11-25,Flare,native-oft,51213203,58250687.061533,ok
1764093600,2025-11-25,HyperEVM,native-oft,20170834,166012851.124210,ok
1764093600,2025-11-25,Ink,native-oft,30595189,132869945.162042,ok
1764093600,2025-11-25,Mantle,native-oft,87981644,1700000.200000,ok
1764093600,2025-11-25,Monad,native-oft,37950547,0.000000,not-deployed
1764093600,2025-11-25,Morph,native-oft,18744944,0.000000,not-deployed
1764093600,2025-11-25,Optimism,native-oft,144247411,12747311.808894,ok
1764093600,2025-11-25,Optimism_L1Bridge,legacy-escrow,23877444,176906713.841947,ok
1764093600,2025-11-25,Plasma,native-oft,7163027,1308636205.115631,ok
1764093600,2025-11-25,Polygon,upgraded-in-place,79494282,934227308.707253,ok
1764093600,2025-11-25,Polygon_ERC20Pred,legacy-escrow,23877444,0.000000,ok
1764093600,2025-11-25,Rootstock,native-oft,8245450,1602749.114604,ok
1764093600,2025-11-25,Stable,native-oft,,0.000000,pre-history
1764093600,2025-11-25,Tempo,native-oft,,0.000000,pre-history
1764093600,2025-11-25,USDT0_lockbox,collateral,23877444,3845899936.819353,ok
1764093600,2025-11-25,Unichain,native-oft,33345241,33626135.213612,ok
1764093600,2025-11-25,XLayer,native-oft,45324564,26135739.710925,ok
1764266400,2025-11-27,Arbitrum,upgraded-in-place,404739531,1091293028.158908,ok
1764266400,2025-11-27,Arbitrum_L1Gateway,legacy-escrow,23891686,138983.783919,ok
1764266400,2025-11-27,Berachain,native-oft,13625841,58128661.280385,ok
1764266400,2025-11-27,Conflux,native-oft,135544314,907034.646122,ok
1764266400,2025-11-27,Flare,native-oft,51317235,57774737.870443,ok
1764266400,2025-11-27,HyperEVM,native-oft,20346514,167463301.332346,ok
1764266400,2025-11-27,Ink,native-oft,30767989,144087503.935924,ok
1764266400,2025-11-27,Mantle,native-oft,88068044,1699982.646980,ok
1764266400,2025-11-27,Monad,native-oft,38381247,0.000000,not-deployed
1764266400,2025-11-27,Morph,native-oft,18790074,0.000000,not-deployed
1764266400,2025-11-27,Optimism,native-oft,144333811,12542531.794587,ok
1764266400,2025-11-27,Optimism_L1Bridge,legacy-escrow,23891686,176932425.911356,ok
1764266400,2025-11-27,Plasma,native-oft,7335729,1360923278.089976,ok
1764266400,2025-11-27,Polygon,upgraded-in-place,79580682,789285068.326168,ok
1764266400,2025-11-27,Polygon_ERC20Pred,legacy-escrow,23891686,0.000000,ok
1764266400,2025-11-27,Rootstock,native-oft,8252462,1793335.865864,ok
1764266400,2025-11-27,Stable,native-oft,,0.000000,pre-history
1764266400,2025-11-27,Tempo,native-oft,,0.000000,pre-history
1764266400,2025-11-27,USDT0_lockbox,collateral,23891686,3775837534.899538,ok
1764266400,2025-11-27,Unichain,native-oft,33518041,33305430.807565,ok
1764266400,2025-11-27,XLayer,native-oft,45497364,26145535.595465,ok
1764439200,2025-11-29,Arbitrum,upgraded-in-place,405431127,972319334.479683,ok
1764439200,2025-11-29,Arbitrum_L1Gateway,legacy-escrow,23905970,138983.783919,ok
1764439200,2025-11-29,Berachain,native-oft,13712241,51658929.242027,ok
1764439200,2025-11-29,Conflux,native-oft,135688515,964616.698313,ok
1764439200,2025-11-29,Flare,native-oft,51421960,57369544.616363,ok
1764439200,2025-11-29,HyperEVM,native-oft,20522112,178742216.676386,ok
1764439200,2025-11-29,Ink,native-oft,30940789,149828613.484478,ok
1764439200,2025-11-29,Mantle,native-oft,88154444,1699674.099592,ok
1764439200,2025-11-29,Monad,native-oft,38809613,0.000000,not-deployed
1764439200,2025-11-29,Morph,native-oft,18834351,0.000000,not-deployed
1764439200,2025-11-29,Optimism,native-oft,144420211,11681577.201703,ok
1764439200,2025-11-29,Optimism_L1Bridge,legacy-escrow,23905970,176932415.911356,ok
1764439200,2025-11-29,Plasma,native-oft,7508529,1315067832.009879,ok
1764439200,2025-11-29,Polygon,upgraded-in-place,79667082,783751607.871894,ok
1764439200,2025-11-29,Polygon_ERC20Pred,legacy-escrow,23905970,0.000000,ok
1764439200,2025-11-29,Rootstock,native-oft,8259486,1599028.275708,ok
1764439200,2025-11-29,Stable,native-oft,,0.000000,pre-history
1764439200,2025-11-29,Tempo,native-oft,,0.000000,pre-history
1764439200,2025-11-29,USDT0_lockbox,collateral,23905970,3615879398.931829,ok
1764439200,2025-11-29,Unichain,native-oft,33690841,33140808.941255,ok
1764439200,2025-11-29,XLayer,native-oft,45670164,26016708.743421,ok
1764612000,2025-12-01,Arbitrum,upgraded-in-place,406123725,970824451.168844,ok
1764612000,2025-12-01,Arbitrum_L1Gateway,legacy-escrow,23920278,138983.783919,ok
1764612000,2025-12-01,Berachain,native-oft,13798641,54589216.248533,ok
1764612000,2025-12-01,Conflux,native-oft,135839704,1035416.988150,ok
1764612000,2025-12-01,Flare,native-oft,51526446,59653875.353131,ok
1764612000,2025-12-01,HyperEVM,native-oft,20697792,173770120.246864,ok
1764612000,2025-12-01,Ink,native-oft,31113589,151007415.688806,ok
1764612000,2025-12-01,Mantle,native-oft,88240844,1670909.721808,ok
1764612000,2025-12-01,Monad,native-oft,39237490,0.000000,not-deployed
1764612000,2025-12-01,Morph,native-oft,18879264,0.000000,not-deployed
1764612000,2025-12-01,Optimism,native-oft,144506611,11623456.694411,ok
1764612000,2025-12-01,Optimism_L1Bridge,legacy-escrow,23920278,177316445.583611,ok
1764612000,2025-12-01,Plasma,native-oft,7681329,1465351526.572099,ok
1764612000,2025-12-01,Polygon,upgraded-in-place,79753481,793046520.547227,ok
1764612000,2025-12-01,Polygon_ERC20Pred,legacy-escrow,23920278,0.000000,ok
1764612000,2025-12-01,Rootstock,native-oft,8266414,1480423.742388,ok
1764612000,2025-12-01,Stable,native-oft,,0.000000,pre-history
1764612000,2025-12-01,Tempo,native-oft,,0.000000,pre-history
1764612000,2025-12-01,USDT0_lockbox,collateral,23920278,3774645608.891912,ok
1764612000,2025-12-01,Unichain,native-oft,33863641,33202934.011678,ok
1764612000,2025-12-01,XLayer,native-oft,45842964,24113262.422831,ok
1764784800,2025-12-03,Arbitrum,upgraded-in-place,406816886,985482263.124729,ok
1764784800,2025-12-03,Arbitrum_L1Gateway,legacy-escrow,23934556,138976.996287,ok
1764784800,2025-12-03,Berachain,native-oft,13885041,52143904.843551,ok
1764784800,2025-12-03,Conflux,native-oft,135976159,1185585.949447,ok
1764784800,2025-12-03,Flare,native-oft,51639913,57572147.759436,ok
1764784800,2025-12-03,HyperEVM,native-oft,20873472,172349038.787438,ok
1764784800,2025-12-03,Ink,native-oft,31286389,153698406.111990,ok
1764784800,2025-12-03,Mantle,native-oft,88327244,26710486.766249,ok
1764784800,2025-12-03,Monad,native-oft,39667971,0.000000,not-deployed
1764784800,2025-12-03,Morph,native-oft,18925448,0.000000,not-deployed
1764784800,2025-12-03,Optimism,native-oft,144593011,11509877.767508,ok
1764784800,2025-12-03,Optimism_L1Bridge,legacy-escrow,23934556,177346611.734444,ok
1764784800,2025-12-03,Plasma,native-oft,7854129,1410568388.208856,ok
1764784800,2025-12-03,Polygon,upgraded-in-place,79839879,796910633.626519,ok
1764784800,2025-12-03,Polygon_ERC20Pred,legacy-escrow,23934556,0.000000,ok
1764784800,2025-12-03,Rootstock,native-oft,8273444,1703840.574058,ok
1764784800,2025-12-03,Stable,native-oft,,0.000000,pre-history
1764784800,2025-12-03,Tempo,native-oft,,0.000000,pre-history
1764784800,2025-12-03,USDT0_lockbox,collateral,23934556,3762638534.096209,ok
1764784800,2025-12-03,Unichain,native-oft,34036441,31837037.702844,ok
1764784800,2025-12-03,XLayer,native-oft,46015764,24376223.672016,ok
1764957600,2025-12-05,Arbitrum,upgraded-in-place,407509442,1006064382.675169,ok
1764957600,2025-12-05,Arbitrum_L1Gateway,legacy-escrow,23948379,138950.837922,ok
1764957600,2025-12-05,Berachain,native-oft,13971442,46768410.891466,ok
1764957600,2025-12-05,Conflux,native-oft,136110492,1331472.039516,ok
1764957600,2025-12-05,Flare,native-oft,51748627,60260921.765824,ok
1764957600,2025-12-05,HyperEVM,native-oft,21049152,173740282.458391,ok
1764957600,2025-12-05,Ink,native-oft,31459189,160864821.505072,ok
1764957600,2025-12-05,Mantle,native-oft,88413644,26961920.309695,ok
1764957600,2025-12-05,Monad,native-oft,40097393,0.000000,not-deployed
1764957600,2025-12-05,Morph,native-oft,18972573,0.000000,not-deployed
1764957600,2025-12-05,Optimism,native-oft,144679411,0.000000,not-deployed
1764957600,2025-12-05,Optimism_L1Bridge,legacy-escrow,23948379,178433025.848827,ok
1764957600,2025-12-05,Plasma,native-oft,8026929,1521415410.169775,ok
1764957600,2025-12-05,Polygon,upgraded-in-place,79926279,844712826.192999,ok
1764957600,2025-12-05,Polygon_ERC20Pred,legacy-escrow,23948379,0.000000,ok
1764957600,2025-12-05,Rootstock,native-oft,8280447,1684399.423160,ok
1764957600,2025-12-05,Stable,native-oft,,0.000000,pre-history
1764957600,2025-12-05,Tempo,native-oft,,0.000000,pre-history
1764957600,2025-12-05,USDT0_lockbox,collateral,23948379,3945954147.705033,ok
1764957600,2025-12-05,Unichain,native-oft,34209241,31213252.689901,ok
1764957600,2025-12-05,XLayer,native-oft,46188564,24376168.000061,ok
1765130400,2025-12-07,Arbitrum,upgraded-in-place,408202694,1007792729.348345,ok
1765130400,2025-12-07,Arbitrum_L1Gateway,legacy-escrow,23962606,138950.837922,ok
1765130400,2025-12-07,Berachain,native-oft,14057842,46243581.182228,ok
1765130400,2025-12-07,Conflux,native-oft,136245139,1683132.922827,ok
1765130400,2025-12-07,Flare,native-oft,51852535,60471595.609255,ok
1765130400,2025-12-07,HyperEVM,native-oft,21224748,174320964.825395,ok
1765130400,2025-12-07,Ink,native-oft,31631989,164575231.397137,ok
1765130400,2025-12-07,Mantle,native-oft,88500044,26989334.009789,ok
1765130400,2025-12-07,Monad,native-oft,40526195,0.000000,not-deployed
1765130400,2025-12-07,Morph,native-oft,19019485,0.000000,not-deployed
1765130400,2025-12-07,Optimism,native-oft,144765811,0.000000,not-deployed
1765130400,2025-12-07,Optimism_L1Bridge,legacy-escrow,23962606,178463006.491062,ok
1765130400,2025-12-07,Plasma,native-oft,8199729,1534733410.191637,ok
1765130400,2025-12-07,Polygon,upgraded-in-place,80012678,839569969.442866,ok
1765130400,2025-12-07,Polygon_ERC20Pred,legacy-escrow,23962606,0.000000,ok
1765130400,2025-12-07,Rootstock,native-oft,8287555,1664050.362125,ok
1765130400,2025-12-07,Stable,native-oft,,0.000000,pre-history
1765130400,2025-12-07,Tempo,native-oft,,0.000000,pre-history
1765130400,2025-12-07,USDT0_lockbox,collateral,23962606,3960462807.677323,ok
1765130400,2025-12-07,Unichain,native-oft,34382041,31159895.204254,ok
1765130400,2025-12-07,XLayer,native-oft,46361364,24826191.709918,ok
1765303200,2025-12-09,Arbitrum,upgraded-in-place,408895553,988048865.733479,ok
1765303200,2025-12-09,Arbitrum_L1Gateway,legacy-escrow,23976861,138950.837922,ok
1765303200,2025-12-09,Berachain,native-oft,14144241,52496604.278987,ok
1765303200,2025-12-09,Conflux,native-oft,136379495,2236303.472284,ok
1765303200,2025-12-09,Flare,native-oft,51958266,59901128.353492,ok
1765303200,2025-12-09,HyperEVM,native-oft,21400428,172680799.648745,ok
1765303200,2025-12-09,Ink,native-oft,31804789,163982333.365046,ok
1765303200,2025-12-09,Mantle,native-oft,88586444,76965193.687087,ok
1765303200,2025-12-09,Monad,native-oft,40955642,0.000000,not-deployed
1765303200,2025-12-09,Morph,native-oft,19072571,0.000000,not-deployed
1765303200,2025-12-09,Optimism,native-oft,144852211,0.000000,not-deployed
1765303200,2025-12-09,Optimism_L1Bridge,legacy-escrow,23976861,148473254.562632,ok
1765303200,2025-12-09,Plasma,native-oft,8372529,1707312532.665154,ok
1765303200,2025-12-09,Polygon,upgraded-in-place,80099054,845580908.123444,ok
1765303200,2025-12-09,Polygon_ERC20Pred,legacy-escrow,23976861,0.000000,ok
1765303200,2025-12-09,Rootstock,native-oft,8294490,1625229.873936,ok
1765303200,2025-12-09,Stable,native-oft,,0.000000,pre-history
1765303200,2025-12-09,Tempo,native-oft,,0.000000,pre-history
1765303200,2025-12-09,USDT0_lockbox,collateral,23976861,4679452439.007435,ok
1765303200,2025-12-09,Unichain,native-oft,34554841,30776692.279106,ok
1765303200,2025-12-09,XLayer,native-oft,46534164,23318475.440135,ok
1765476000,2025-12-11,Arbitrum,upgraded-in-place,409588418,1019251591.993497,ok
1765476000,2025-12-11,Arbitrum_L1Gateway,legacy-escrow,23991084,138950.837922,ok
1765476000,2025-12-11,Berachain,native-oft,14230641,54664676.417523,ok
1765476000,2025-12-11,Conflux,native-oft,136516705,2232432.722284,ok
1765476000,2025-12-11,Flare,native-oft,52064099,59837553.581295,ok
1765476000,2025-12-11,HyperEVM,native-oft,21576108,176111540.639096,ok
1765476000,2025-12-11,Ink,native-oft,31977589,169349804.773529,ok
1765476000,2025-12-11,Mantle,native-oft,88672844,77034991.748131,ok
1765476000,2025-12-11,Monad,native-oft,41385223,0.000000,not-deployed
1765476000,2025-12-11,Morph,native-oft,19117950,0.000000,not-deployed
1765476000,2025-12-11,Optimism,native-oft,144938611,0.000000,not-deployed
1765476000,2025-12-11,Optimism_L1Bridge,legacy-escrow,23991084,155211241.112632,ok
1765476000,2025-12-11,Plasma,native-oft,8545329,1651193427.746397,ok
1765476000,2025-12-11,Polygon,upgraded-in-place,80185362,863134435.071644,ok
1765476000,2025-12-11,Polygon_ERC20Pred,legacy-escrow,23991084,0.000000,ok
1765476000,2025-12-11,Rootstock,native-oft,8301467,2298143.993936,ok
1765476000,2025-12-11,Stable,native-oft,,0.000000,pre-history
1765476000,2025-12-11,Tempo,native-oft,,0.000000,pre-history
1765476000,2025-12-11,USDT0_lockbox,collateral,23991084,4655582784.659410,ok
1765476000,2025-12-11,Unichain,native-oft,34727641,23221612.772534,ok
1765476000,2025-12-11,XLayer,native-oft,46706964,23389285.374237,ok
1765648800,2025-12-13,Arbitrum,upgraded-in-place,410280541,1045223419.280167,ok
1765648800,2025-12-13,Arbitrum_L1Gateway,legacy-escrow,24005330,138950.837922,ok
1765648800,2025-12-13,Berachain,native-oft,14317042,40348406.937933,ok
1765648800,2025-12-13,Conflux,native-oft,136654141,2252348.144279,ok
1765648800,2025-12-13,Flare,native-oft,52170097,60221253.297230,ok
1765648800,2025-12-13,HyperEVM,native-oft,21751788,174178812.238639,ok
1765648800,2025-12-13,Ink,native-oft,32150389,171832963.382710,ok
1765648800,2025-12-13,Mantle,native-oft,88759244,126981154.588921,ok
1765648800,2025-12-13,Monad,native-oft,41815217,0.000000,not-deployed
1765648800,2025-12-13,Morph,native-oft,19163406,0.000000,not-deployed
1765648800,2025-12-13,Optimism,native-oft,145025011,0.000000,not-deployed
1765648800,2025-12-13,Optimism_L1Bridge,legacy-escrow,24005330,157595708.832632,ok
1765648800,2025-12-13,Plasma,native-oft,8718129,1505905176.325095,ok
1765648800,2025-12-13,Polygon,upgraded-in-place,80271689,856250700.815569,ok
1765648800,2025-12-13,Polygon_ERC20Pred,legacy-escrow,24005330,0.000000,ok
1765648800,2025-12-13,Rootstock,native-oft,8308563,2198409.008487,ok
1765648800,2025-12-13,Stable,native-oft,,0.000000,pre-history
1765648800,2025-12-13,Tempo,native-oft,,0.000000,pre-history
1765648800,2025-12-13,USDT0_lockbox,collateral,24005330,4562751392.195989,ok
1765648800,2025-12-13,Unichain,native-oft,34900441,22753499.403751,ok
1765648800,2025-12-13,XLayer,native-oft,46879764,24331492.682404,ok
1765821600,2025-12-15,Arbitrum,upgraded-in-place,410972231,1050936075.082066,ok
1765821600,2025-12-15,Arbitrum_L1Gateway,legacy-escrow,24019652,138950.837922,ok
1765821600,2025-12-15,Berachain,native-oft,14403442,38711283.928471,ok
1765821600,2025-12-15,Conflux,native-oft,136792022,2252298.447276,ok
1765821600,2025-12-15,Flare,native-oft,52273421,56191060.423109,ok
1765821600,2025-12-15,HyperEVM,native-oft,21927468,175645926.888641,ok
1765821600,2025-12-15,Ink,native-oft,32323189,179120559.663121,ok
1765821600,2025-12-15,Mantle,native-oft,88845644,126986359.643870,ok
1765821600,2025-12-15,Monad,native-oft,42244997,0.000000,not-deployed
1765821600,2025-12-15,Morph,native-oft,19208634,0.000000,not-deployed
1765821600,2025-12-15,Optimism,native-oft,145111411,0.000000,not-deployed
1765821600,2025-12-15,Optimism_L1Bridge,legacy-escrow,24019652,157595708.832632,ok
1765821600,2025-12-15,Plasma,native-oft,8890929,1519534102.934103,ok
1765821600,2025-12-15,Polygon,upgraded-in-place,80358061,869684586.592822,ok
1765821600,2025-12-15,Polygon_ERC20Pred,legacy-escrow,24019652,0.000000,ok
1765821600,2025-12-15,Rootstock,native-oft,8315478,2173940.733143,ok
1765821600,2025-12-15,Stable,native-oft,,0.000000,pre-history
1765821600,2025-12-15,Tempo,native-oft,,0.000000,pre-history
1765821600,2025-12-15,USDT0_lockbox,collateral,24019652,4835825950.565246,ok
1765821600,2025-12-15,Unichain,native-oft,35073241,29799077.677787,ok
1765821600,2025-12-15,XLayer,native-oft,47052564,24461662.062575,ok
1765994400,2025-12-17,Arbitrum,upgraded-in-place,411664672,1000919355.731045,ok
1765994400,2025-12-17,Arbitrum_L1Gateway,legacy-escrow,24033981,138950.837922,ok
1765994400,2025-12-17,Berachain,native-oft,14489842,36018564.035140,ok
1765994400,2025-12-17,Conflux,native-oft,136930675,2183997.619298,ok
1765994400,2025-12-17,Flare,native-oft,52381534,57940322.466899,ok
1765994400,2025-12-17,HyperEVM,native-oft,22103148,175933708.667839,ok
1765994400,2025-12-17,Ink,native-oft,32495989,187374823.496958,ok
1765994400,2025-12-17,Mantle,native-oft,88932044,177001936.307403,ok
1765994400,2025-12-17,Monad,native-oft,42675715,0.000000,not-deployed
1765994400,2025-12-17,Morph,native-oft,19255164,0.000000,not-deployed
1765994400,2025-12-17,Optimism,native-oft,145197811,0.000000,not-deployed
1765994400,2025-12-17,Optimism_L1Bridge,legacy-escrow,24033981,159799625.770309,ok
1765994400,2025-12-17,Plasma,native-oft,9063729,1508485920.087334,ok
1765994400,2025-12-17,Polygon,upgraded-in-place,80440033,882862626.971203,ok
1765994400,2025-12-17,Polygon_ERC20Pred,legacy-escrow,24033981,0.000000,ok
1765994400,2025-12-17,Rootstock,native-oft,8322562,2159858.188060,ok
1765994400,2025-12-17,Stable,native-oft,,0.000000,pre-history
1765994400,2025-12-17,Tempo,native-oft,,0.000000,pre-history
1765994400,2025-12-17,USDT0_lockbox,collateral,24033981,4252321889.033360,ok
1765994400,2025-12-17,Unichain,native-oft,35246041,29753936.796910,ok
1765994400,2025-12-17,XLayer,native-oft,47225364,28691937.683060,ok
1766167200,2025-12-19,Arbitrum,upgraded-in-place,412356990,1010715202.986765,ok
1766167200,2025-12-19,Arbitrum_L1Gateway,legacy-escrow,24048290,138950.837922,ok
1766167200,2025-12-19,Berachain,native-oft,14576242,40364349.102127,ok
1766167200,2025-12-19,Conflux,native-oft,137068382,1954993.843494,ok
1766167200,2025-12-19,Flare,native-oft,52489625,56564063.319166,ok
1766167200,2025-12-19,HyperEVM,native-oft,22278828,176065210.306478,ok
1766167200,2025-12-19,Ink,native-oft,32668789,214709117.004503,ok
1766167200,2025-12-19,Mantle,native-oft,89018444,226981295.813012,ok
1766167200,2025-12-19,Monad,native-oft,43106798,0.000000,not-deployed
1766167200,2025-12-19,Morph,native-oft,19301660,0.000000,not-deployed
1766167200,2025-12-19,Optimism,native-oft,145284211,11927578.791445,ok
1766167200,2025-12-19,Optimism_L1Bridge,legacy-escrow,24048290,162384862.008171,ok
1766167200,2025-12-19,Plasma,native-oft,9236529,1418112855.768954,ok
1766167200,2025-12-19,Polygon,upgraded-in-place,80524037,880772677.386211,ok
1766167200,2025-12-19,Polygon_ERC20Pred,legacy-escrow,24048290,0.000000,ok
1766167200,2025-12-19,Rootstock,native-oft,8329643,2143438.046812,ok
1766167200,2025-12-19,Stable,native-oft,,0.000000,pre-history
1766167200,2025-12-19,Tempo,native-oft,,0.000000,pre-history
1766167200,2025-12-19,USDT0_lockbox,collateral,24048290,4234736181.182264,ok
1766167200,2025-12-19,Unichain,native-oft,35418841,29523169.361409,ok
1766167200,2025-12-19,XLayer,native-oft,47398164,30842027.192257,ok
1766340000,2025-12-21,Arbitrum,upgraded-in-place,413048260,1015412703.003739,ok
1766340000,2025-12-21,Arbitrum_L1Gateway,legacy-escrow,24062637,138950.837922,ok
1766340000,2025-12-21,Berachain,native-oft,14662642,39497942.843374,ok
1766340000,2025-12-21,Conflux,native-oft,137209712,1969993.843494,ok
1766340000,2025-12-21,Flare,native-oft,52591459,58091681.827975,ok
1766340000,2025-12-21,HyperEVM,native-oft,22454421,175061342.273936,ok
1766340000,2025-12-21,Ink,native-oft,32841589,216157606.948407,ok
1766340000,2025-12-21,Mantle,native-oft,89104844,276824187.934141,ok
1766340000,2025-12-21,Monad,native-oft,43537949,0.000000,not-deployed
1766340000,2025-12-21,Morph,native-oft,19345513,0.000000,not-deployed
1766340000,2025-12-21,Optimism,native-oft,145370611,11785110.225684,ok
1766340000,2025-12-21,Optimism_L1Bridge,legacy-escrow,24062637,162423350.127571,ok
1766340000,2025-12-21,Plasma,native-oft,9409329,1431771387.086308,ok
1766340000,2025-12-21,Polygon,upgraded-in-place,80610403,884787652.531888,ok
1766340000,2025-12-21,Polygon_ERC20Pred,legacy-escrow,24062637,0.000000,ok
1766340000,2025-12-21,Rootstock,native-oft,8336631,2136898.688212,ok
1766340000,2025-12-21,Stable,native-oft,,0.000000,pre-history
1766340000,2025-12-21,Tempo,native-oft,,0.000000,pre-history
1766340000,2025-12-21,USDT0_lockbox,collateral,24062637,4303249723.078843,ok
1766340000,2025-12-21,Unichain,native-oft,35591641,28842745.218795,ok
1766340000,2025-12-21,XLayer,native-oft,47570964,26603557.481067,ok
1766512800,2025-12-23,Arbitrum,upgraded-in-place,413740944,1005647543.022635,ok
1766512800,2025-12-23,Arbitrum_L1Gateway,legacy-escrow,24076962,138950.837922,ok
1766512800,2025-12-23,Berachain,native-oft,14749042,33971526.887255,ok
1766512800,2025-12-23,Conflux,native-oft,137349613,1958641.296184,ok
1766512800,2025-12-23,Flare,native-oft,52696339,57655333.108589,ok
1766512800,2025-12-23,HyperEVM,native-oft,22630101,180781267.702333,ok
1766512800,2025-12-23,Ink,native-oft,33014389,239958479.443618,ok
1766512800,2025-12-23,Mantle,native-oft,89191244,271815825.070613,ok
1766512800,2025-12-23,Monad,native-oft,43968339,0.000000,not-deployed
1766512800,2025-12-23,Morph,native-oft,19390907,0.000000,not-deployed
1766512800,2025-12-23,Optimism,native-oft,145457011,11684467.488741,ok
1766512800,2025-12-23,Optimism_L1Bridge,legacy-escrow,24076962,162426195.405853,ok
1766512800,2025-12-23,Plasma,native-oft,9582129,1388514099.158342,ok
1766512800,2025-12-23,Polygon,upgraded-in-place,80696778,891489633.255990,ok
1766512800,2025-12-23,Polygon_ERC20Pred,legacy-escrow,24076962,0.000000,ok
1766512800,2025-12-23,Rootstock,native-oft,8343637,2080346.518890,ok
1766512800,2025-12-23,Stable,native-oft,,0.000000,pre-history
1766512800,2025-12-23,Tempo,native-oft,,0.000000,pre-history
1766512800,2025-12-23,USDT0_lockbox,collateral,24076962,4228418755.267759,ok
1766512800,2025-12-23,Unichain,native-oft,35764441,27943443.793957,ok
1766512800,2025-12-23,XLayer,native-oft,47743764,31929564.886458,ok
1766685600,2025-12-25,Arbitrum,upgraded-in-place,414433702,1023328270.698337,ok
1766685600,2025-12-25,Arbitrum_L1Gateway,legacy-escrow,24091291,138946.387741,ok
1766685600,2025-12-25,Berachain,native-oft,14835441,59125513.670176,ok
1766685600,2025-12-25,Conflux,native-oft,137489355,1904207.011247,ok
1766685600,2025-12-25,Flare,native-oft,52796688,55108004.855560,ok
1766685600,2025-12-25,HyperEVM,native-oft,22805781,177751017.130659,ok
1766685600,2025-12-25,Ink,native-oft,33187189,235552932.542608,ok
1766685600,2025-12-25,Mantle,native-oft,89277644,303002776.997251,ok
1766685600,2025-12-25,Monad,native-oft,44399382,0.000000,not-deployed
1766685600,2025-12-25,Morph,native-oft,19435276,0.000000,not-deployed
1766685600,2025-12-25,Optimism,native-oft,145543411,11615285.926213,ok
1766685600,2025-12-25,Optimism_L1Bridge,legacy-escrow,24091291,151007574.567561,ok
1766685600,2025-12-25,Plasma,native-oft,9754929,1262841951.954103,ok
1766685600,2025-12-25,Polygon,upgraded-in-place,80783178,894257168.053379,ok
1766685600,2025-12-25,Polygon_ERC20Pred,legacy-escrow,24091291,0.000000,ok
1766685600,2025-12-25,Rootstock,native-oft,8350736,2075927.949256,ok
1766685600,2025-12-25,Stable,native-oft,,0.000000,pre-history
1766685600,2025-12-25,Tempo,native-oft,,0.000000,pre-history
1766685600,2025-12-25,USDT0_lockbox,collateral,24091291,4159753269.381618,ok
1766685600,2025-12-25,Unichain,native-oft,35937241,25760307.249297,ok
1766685600,2025-12-25,XLayer,native-oft,47916564,26223585.456853,ok
1766858400,2025-12-27,Arbitrum,upgraded-in-place,415124222,1027750941.844560,ok
1766858400,2025-12-27,Arbitrum_L1Gateway,legacy-escrow,24105619,138946.387741,ok
1766858400,2025-12-27,Berachain,native-oft,14921841,52937133.606922,ok
1766858400,2025-12-27,Conflux,native-oft,137629982,1851170.111247,ok
1766858400,2025-12-27,Flare,native-oft,52899208,57400385.119725,ok
1766858400,2025-12-27,HyperEVM,native-oft,22981461,175444283.334702,ok
1766858400,2025-12-27,Ink,native-oft,33359989,234121253.097290,ok
1766858400,2025-12-27,Mantle,native-oft,89364044,399589702.649186,ok
1766858400,2025-12-27,Monad,native-oft,44829496,0.000000,not-deployed
1766858400,2025-12-27,Morph,native-oft,19479702,0.000000,not-deployed
1766858400,2025-12-27,Optimism,native-oft,145629811,11616939.262803,ok
1766858400,2025-12-27,Optimism_L1Bridge,legacy-escrow,24105619,152018708.687561,ok
1766858400,2025-12-27,Plasma,native-oft,9927729,1262451836.530753,ok
1766858400,2025-12-27,Polygon,upgraded-in-place,80869578,891670270.314150,ok
1766858400,2025-12-27,Polygon_ERC20Pred,legacy-escrow,24105619,0.000000,ok
1766858400,2025-12-27,Rootstock,native-oft,8357720,2099176.201092,ok
1766858400,2025-12-27,Stable,native-oft,,0.000000,pre-history
1766858400,2025-12-27,Tempo,native-oft,,0.000000,pre-history
1766858400,2025-12-27,USDT0_lockbox,collateral,24105619,4250246349.989232,ok
1766858400,2025-12-27,Unichain,native-oft,36110041,25075698.233791,ok
1766858400,2025-12-27,XLayer,native-oft,48089364,24754627.201137,ok
1767031200,2025-12-29,Arbitrum,upgraded-in-place,415815463,1039601113.936840,ok
1767031200,2025-12-29,Arbitrum_L1Gateway,legacy-escrow,24119949,138946.387741,ok
1767031200,2025-12-29,Berachain,native-oft,15008242,52648655.972056,ok
1767031200,2025-12-29,Conflux,native-oft,137770031,2133659.052061,ok
1767031200,2025-12-29,Flare,native-oft,53002547,57929891.030892,ok
1767031200,2025-12-29,HyperEVM,native-oft,23157140,173249425.474533,ok
1767031200,2025-12-29,Ink,native-oft,33532789,231669725.249182,ok
1767031200,2025-12-29,Mantle,native-oft,89450444,394385173.339429,ok
1767031200,2025-12-29,Monad,native-oft,45257830,0.000000,not-deployed
1767031200,2025-12-29,Morph,native-oft,19524173,0.000000,not-deployed
1767031200,2025-12-29,Optimism,native-oft,145716211,11457617.448964,ok
1767031200,2025-12-29,Optimism_L1Bridge,legacy-escrow,24119949,153056339.527674,ok
1767031200,2025-12-29,Plasma,native-oft,10100529,1282238661.405735,ok
1767031200,2025-12-29,Polygon,upgraded-in-place,80955978,892369819.143671,ok
1767031200,2025-12-29,Polygon_ERC20Pred,legacy-escrow,24119949,0.000000,ok
1767031200,2025-12-29,Rootstock,native-oft,8364694,2122210.184888,ok
1767031200,2025-12-29,Stable,native-oft,,0.000000,pre-history
1767031200,2025-12-29,Tempo,native-oft,,0.000000,pre-history
1767031200,2025-12-29,USDT0_lockbox,collateral,24119949,4277560990.293587,ok
1767031200,2025-12-29,Unichain,native-oft,36282841,24046390.792572,ok
1767031200,2025-12-29,XLayer,native-oft,48262164,25376417.530432,ok
1767204000,2025-12-31,Arbitrum,upgraded-in-place,416507500,1037239001.163954,ok
1767204000,2025-12-31,Arbitrum_L1Gateway,legacy-escrow,24134259,138946.387741,ok
1767204000,2025-12-31,Berachain,native-oft,15094642,54207738.272084,ok
1767204000,2025-12-31,Conflux,native-oft,137905912,2127292.482549,ok
1767204000,2025-12-31,Flare,native-oft,53111356,58293923.198565,ok
1767204000,2025-12-31,HyperEVM,native-oft,23332820,152417258.324593,ok
1767204000,2025-12-31,Ink,native-oft,33705589,215589419.206559,ok
1767204000,2025-12-31,Mantle,native-oft,89536844,381958730.936384,ok
1767204000,2025-12-31,Monad,native-oft,45689081,0.000000,not-deployed
1767204000,2025-12-31,Morph,native-oft,19568406,0.000000,not-deployed
1767204000,2025-12-31,Optimism,native-oft,145802611,11445479.651719,ok
1767204000,2025-12-31,Optimism_L1Bridge,legacy-escrow,24134259,153081952.528772,ok
1767204000,2025-12-31,Plasma,native-oft,10273329,1372280310.105964,ok
1767204000,2025-12-31,Polygon,upgraded-in-place,81042370,892309087.565311,ok
1767204000,2025-12-31,Polygon_ERC20Pred,legacy-escrow,24134259,0.000000,ok
1767204000,2025-12-31,Rootstock,native-oft,8371704,2099655.384078,ok
1767204000,2025-12-31,Stable,native-oft,,0.000000,pre-history
1767204000,2025-12-31,Tempo,native-oft,,0.000000,pre-history
1767204000,2025-12-31,USDT0_lockbox,collateral,24134259,4527803035.592000,ok
1767204000,2025-12-31,Unichain,native-oft,36455641,23685446.708457,ok
1767204000,2025-12-31,XLayer,native-oft,48434964,27274258.272870,ok
1767376800,2026-01-02,Arbitrum,upgraded-in-place,417199014,1033807745.709017,ok
1767376800,2026-01-02,Arbitrum_L1Gateway,legacy-escrow,24148600,138946.387741,ok
1767376800,2026-01-02,Berachain,native-oft,15181041,59234555.360480,ok
1767376800,2026-01-02,Conflux,native-oft,138050306,2180182.398305,ok
1767376800,2026-01-02,Flare,native-oft,53219147,58292931.052179,ok
1767376800,2026-01-02,HyperEVM,native-oft,23508500,150971094.252379,ok
1767376800,2026-01-02,Ink,native-oft,33878389,215980034.845543,ok
1767376800,2026-01-02,Mantle,native-oft,89623244,373173586.065935,ok
1767376800,2026-01-02,Monad,native-oft,46120397,0.000000,not-deployed
1767376800,2026-01-02,Morph,native-oft,19612642,0.000000,not-deployed
1767376800,2026-01-02,Optimism,native-oft,145889011,11344248.894441,ok
1767376800,2026-01-02,Optimism_L1Bridge,legacy-escrow,24148600,154092991.589323,ok
1767376800,2026-01-02,Plasma,native-oft,10446129,1423276278.813146,ok
1767376800,2026-01-02,Polygon,upgraded-in-place,81128770,892735366.072029,ok
1767376800,2026-01-02,Polygon_ERC20Pred,legacy-escrow,24148600,0.000000,ok
1767376800,2026-01-02,Rootstock,native-oft,8378839,2174854.953712,ok
1767376800,2026-01-02,Stable,native-oft,,0.000000,pre-history
1767376800,2026-01-02,Tempo,native-oft,,0.000000,pre-history
1767376800,2026-01-02,USDT0_lockbox,collateral,24148600,4466538877.188019,ok
1767376800,2026-01-02,Unichain,native-oft,36628441,32188443.205766,ok
1767376800,2026-01-02,XLayer,native-oft,48607764,26001577.774888,ok
1767549600,2026-01-04,Arbitrum,upgraded-in-place,417890378,1044809119.248304,ok
1767549600,2026-01-04,Arbitrum_L1Gateway,legacy-escrow,24162949,138946.387741,ok
1767549600,2026-01-04,Berachain,native-oft,15267442,58582884.147105,ok
1767549600,2026-01-04,Conflux,native-oft,138188290,2170181.408305,ok
1767549600,2026-01-04,Flare,native-oft,53325740,58174902.932586,ok
1767549600,2026-01-04,HyperEVM,native-oft,23684098,150888073.000130,ok
1767549600,2026-01-04,Ink,native-oft,34051189,213628493.275351,ok
1767549600,2026-01-04,Mantle,native-oft,89709644,363143599.665686,ok
1767549600,2026-01-04,Monad,native-oft,46551479,0.000000,not-deployed
1767549600,2026-01-04,Morph,native-oft,19657080,0.000000,not-deployed
1767549600,2026-01-04,Optimism,native-oft,145975411,11241643.423201,ok
1767549600,2026-01-04,Optimism_L1Bridge,legacy-escrow,24162949,155205307.049619,ok
1767549600,2026-01-04,Plasma,native-oft,10618929,1440218140.447857,ok
1767549600,2026-01-04,Polygon,upgraded-in-place,81215170,890336887.483621,ok
1767549600,2026-01-04,Polygon_ERC20Pred,legacy-escrow,24162949,0.000000,ok
1767549600,2026-01-04,Rootstock,native-oft,8385835,2101564.551985,ok
1767549600,2026-01-04,Stable,native-oft,,0.000000,pre-history
1767549600,2026-01-04,Tempo,native-oft,,0.000000,pre-history
1767549600,2026-01-04,USDT0_lockbox,collateral,24162949,4456001106.742613,ok
1767549600,2026-01-04,Unichain,native-oft,36801241,31433325.382883,ok
1767549600,2026-01-04,XLayer,native-oft,48780564,24606530.933645,ok
1767722400,2026-01-06,Arbitrum,upgraded-in-place,418582541,1046490976.547025,ok
1767722400,2026-01-06,Arbitrum_L1Gateway,legacy-escrow,24177285,138946.387741,ok
1767722400,2026-01-06,Berachain,native-oft,15353842,52773646.907321,ok
1767722400,2026-01-06,Conflux,native-oft,138323760,2272190.308305,ok
1767722400,2026-01-06,Flare,native-oft,53438383,55418203.608285,ok
1767722400,2026-01-06,HyperEVM,native-oft,23859778,153739768.302708,ok
1767722400,2026-01-06,Ink,native-oft,34223989,235126446.200770,ok
1767722400,2026-01-06,Mantle,native-oft,89796044,355115978.183291,ok
1767722400,2026-01-06,Monad,native-oft,46980894,0.000000,not-deployed
1767722400,2026-01-06,Morph,native-oft,19708477,0.000000,not-deployed
1767722400,2026-01-06,Optimism,native-oft,146061811,11283707.530420,ok
1767722400,2026-01-06,Optimism_L1Bridge,legacy-escrow,24177285,156670625.530716,ok
1767722400,2026-01-06,Plasma,native-oft,10791729,1406157825.248452,ok
1767722400,2026-01-06,Polygon,upgraded-in-place,81301570,921302293.855597,ok
1767722400,2026-01-06,Polygon_ERC20Pred,legacy-escrow,24177285,0.000000,ok
1767722400,2026-01-06,Rootstock,native-oft,8392886,2229167.067843,ok
1767722400,2026-01-06,Stable,native-oft,,0.000000,pre-history
1767722400,2026-01-06,Tempo,native-oft,,0.000000,pre-history
1767722400,2026-01-06,USDT0_lockbox,collateral,24177285,4447813991.334541,ok
1767722400,2026-01-06,Unichain,native-oft,36974041,30662606.266995,ok
1767722400,2026-01-06,XLayer,native-oft,48953364,25712664.512224,ok
1767895200,2026-01-08,Arbitrum,upgraded-in-place,419275127,1048794133.539569,ok
1767895200,2026-01-08,Arbitrum_L1Gateway,legacy-escrow,24191604,138946.387741,ok
1767895200,2026-01-08,Berachain,native-oft,15440242,85087900.291003,ok
1767895200,2026-01-08,Conflux,native-oft,138460530,2282178.108305,ok
1767895200,2026-01-08,Flare,native-oft,53544522,59203607.682352,ok
1767895200,2026-01-08,HyperEVM,native-oft,24035458,153047731.136929,ok
1767895200,2026-01-08,Ink,native-oft,34396789,239551089.800358,ok
1767895200,2026-01-08,Mantle,native-oft,89882444,343694412.784461,ok
1767895200,2026-01-08,Monad,native-oft,47411836,0.000000,not-deployed
1767895200,2026-01-08,Morph,native-oft,19762871,0.000000,not-deployed
1767895200,2026-01-08,Optimism,native-oft,146148211,11593983.993809,ok
1767895200,2026-01-08,Optimism_L1Bridge,legacy-escrow,24191604,161625053.791941,ok
1767895200,2026-01-08,Plasma,native-oft,10964529,1507773028.530862,ok
1767895200,2026-01-08,Polygon,upgraded-in-place,81387969,920159078.096365,ok
1767895200,2026-01-08,Polygon_ERC20Pred,legacy-escrow,24191604,0.000000,ok
1767895200,2026-01-08,Rootstock,native-oft,8399869,2218291.812564,ok
1767895200,2026-01-08,Stable,native-oft,,0.000000,pre-history
1767895200,2026-01-08,Tempo,native-oft,,0.000000,pre-history
1767895200,2026-01-08,USDT0_lockbox,collateral,24191604,4568423008.600741,ok
1767895200,2026-01-08,Unichain,native-oft,37146841,29004833.099462,ok
1767895200,2026-01-08,XLayer,native-oft,49126164,24840841.463099,ok
1768068000,2026-01-10,Arbitrum,upgraded-in-place,419966413,1038346735.294459,ok
1768068000,2026-01-10,Arbitrum_L1Gateway,legacy-escrow,24205948,138946.387741,ok
1768068000,2026-01-10,Berachain,native-oft,15526642,89430419.786136,ok
1768068000,2026-01-10,Conflux,native-oft,138605527,2192171.250741,ok
1768068000,2026-01-10,Flare,native-oft,53647004,59392376.728747,ok
1768068000,2026-01-10,HyperEVM,native-oft,24211138,152645364.680515,ok
1768068000,2026-01-10,Ink,native-oft,34569589,247838788.634798,ok
1768068000,2026-01-10,Mantle,native-oft,89968844,340074559.966138,ok
1768068000,2026-01-10,Monad,native-oft,47842646,0.000000,not-deployed
1768068000,2026-01-10,Morph,native-oft,19809462,0.000000,not-deployed
1768068000,2026-01-10,Optimism,native-oft,146234611,11576285.813485,ok
1768068000,2026-01-10,Optimism_L1Bridge,legacy-escrow,24205948,159240013.591196,ok
1768068000,2026-01-10,Plasma,native-oft,11137329,1645577000.858753,ok
1768068000,2026-01-10,Polygon,upgraded-in-place,81474369,934111327.026014,ok
1768068000,2026-01-10,Polygon_ERC20Pred,legacy-escrow,24205948,0.000000,ok
1768068000,2026-01-10,Rootstock,native-oft,8406857,2195177.184412,ok
1768068000,2026-01-10,Stable,native-oft,,0.000000,pre-history
1768068000,2026-01-10,Tempo,native-oft,,0.000000,pre-history
1768068000,2026-01-10,USDT0_lockbox,collateral,24205948,4716550805.735899,ok
1768068000,2026-01-10,Unichain,native-oft,37319641,28357394.544318,ok
1768068000,2026-01-10,XLayer,native-oft,49298964,26273422.456925,ok
1768240800,2026-01-12,Arbitrum,upgraded-in-place,420656961,1038632234.419423,ok
1768240800,2026-01-12,Arbitrum_L1Gateway,legacy-escrow,24220282,138946.387741,ok
1768240800,2026-01-12,Berachain,native-oft,15613042,93585864.095320,ok
1768240800,2026-01-12,Conflux,native-oft,138761114,2187166.040741,ok
1768240800,2026-01-12,Flare,native-oft,53748750,59321577.987194,ok
1768240800,2026-01-12,HyperEVM,native-oft,24386818,153249617.603360,ok
1768240800,2026-01-12,Ink,native-oft,34742389,252317382.387965,ok
1768240800,2026-01-12,Mantle,native-oft,90055244,331440774.299018,ok
1768240800,2026-01-12,Monad,native-oft,48273606,0.000000,not-deployed
1768240800,2026-01-12,Morph,native-oft,19855309,0.000000,not-deployed
1768240800,2026-01-12,Optimism,native-oft,146321011,11618306.867642,ok
1768240800,2026-01-12,Optimism_L1Bridge,legacy-escrow,24220282,160426229.554066,ok
1768240800,2026-01-12,Plasma,native-oft,11310129,1486696593.761815,ok
1768240800,2026-01-12,Polygon,upgraded-in-place,81560424,935285979.515140,ok
1768240800,2026-01-12,Polygon_ERC20Pred,legacy-escrow,24220282,0.000000,ok
1768240800,2026-01-12,Rootstock,native-oft,8413765,2193826.780932,ok
1768240800,2026-01-12,Stable,native-oft,,0.000000,pre-history
1768240800,2026-01-12,Tempo,native-oft,,0.000000,pre-history
1768240800,2026-01-12,USDT0_lockbox,collateral,24220282,4665370722.571222,ok
1768240800,2026-01-12,Unichain,native-oft,37492441,27244133.404734,ok
1768240800,2026-01-12,XLayer,native-oft,49471764,27957506.390401,ok
1768413600,2026-01-14,Arbitrum,upgraded-in-place,421348437,1047917682.870133,ok
1768413600,2026-01-14,Arbitrum_L1Gateway,legacy-escrow,24234593,138946.387741,ok
1768413600,2026-01-14,Berachain,native-oft,15699442,118593335.050039,ok
1768413600,2026-01-14,Conflux,native-oft,138919601,2316355.265559,ok
1768413600,2026-01-14,Flare,native-oft,53855005,58492397.643494,ok
1768413600,2026-01-14,HyperEVM,native-oft,24562498,128149637.626596,ok
1768413600,2026-01-14,Ink,native-oft,34915189,235713627.626747,ok
1768413600,2026-01-14,Mantle,native-oft,90141644,328193846.359426,ok
1768413600,2026-01-14,Monad,native-oft,48704128,0.000000,not-deployed
1768413600,2026-01-14,Morph,native-oft,19970572,0.000000,not-deployed
1768413600,2026-01-14,Optimism,native-oft,146407411,10995171.639024,ok
1768413600,2026-01-14,Optimism_L1Bridge,legacy-escrow,24234593,150313355.323526,ok
1768413600,2026-01-14,Plasma,native-oft,11482929,1593585864.280138,ok
1768413600,2026-01-14,Polygon,upgraded-in-place,81646814,947139747.056549,ok
1768413600,2026-01-14,Polygon_ERC20Pred,legacy-escrow,24234593,0.000000,ok
1768413600,2026-01-14,Rootstock,native-oft,8420771,2350491.236901,ok
1768413600,2026-01-14,Stable,native-oft,,0.000000,pre-history
1768413600,2026-01-14,Tempo,native-oft,,0.000000,pre-history
1768413600,2026-01-14,USDT0_lockbox,collateral,24234593,4713020392.349708,ok
1768413600,2026-01-14,Unichain,native-oft,37665241,37308179.281615,ok
1768413600,2026-01-14,XLayer,native-oft,49644564,26485290.494264,ok
1768586400,2026-01-16,Arbitrum,upgraded-in-place,422039810,1027264417.514445,ok
1768586400,2026-01-16,Arbitrum_L1Gateway,legacy-escrow,24248942,138946.387741,ok
1768586400,2026-01-16,Berachain,native-oft,15785842,118469010.177153,ok
1768586400,2026-01-16,Conflux,native-oft,139078932,2275857.874066,ok
1768586400,2026-01-16,Flare,native-oft,53957214,57672103.450252,ok
1768586400,2026-01-16,HyperEVM,native-oft,24738178,129860538.415281,ok
1768586400,2026-01-16,Ink,native-oft,35087989,220961186.021239,ok
1768586400,2026-01-16,Mantle,native-oft,90228044,335271173.631772,ok
1768586400,2026-01-16,Monad,native-oft,49132511,0.000000,not-deployed
1768586400,2026-01-16,Morph,native-oft,20018215,0.000000,not-deployed
1768586400,2026-01-16,Optimism,native-oft,146493811,11106547.357036,ok
1768586400,2026-01-16,Optimism_L1Bridge,legacy-escrow,24248942,149217105.873635,ok
1768586400,2026-01-16,Plasma,native-oft,11655729,1548718092.555438,ok
1768586400,2026-01-16,Polygon,upgraded-in-place,81733214,948506809.091276,ok
1768586400,2026-01-16,Polygon_ERC20Pred,legacy-escrow,24248942,0.000000,ok
1768586400,2026-01-16,Rootstock,native-oft,8427772,2376529.846444,ok
1768586400,2026-01-16,Stable,native-oft,,0.000000,pre-history
1768586400,2026-01-16,Tempo,native-oft,,0.000000,pre-history
1768586400,2026-01-16,USDT0_lockbox,collateral,24248942,4621800999.184772,ok
1768586400,2026-01-16,Unichain,native-oft,37838041,36375810.843645,ok
1768586400,2026-01-16,XLayer,native-oft,49817364,27497750.024721,ok
1768759200,2026-01-18,Arbitrum,upgraded-in-place,422730044,1025439466.411061,ok
1768759200,2026-01-18,Arbitrum_L1Gateway,legacy-escrow,24263291,138946.387741,ok
1768759200,2026-01-18,Berachain,native-oft,15872242,117955119.269247,ok
1768759200,2026-01-18,Conflux,native-oft,139221027,2262857.874066,ok
1768759200,2026-01-18,Flare,native-oft,54057674,57586922.611969,ok
1768759200,2026-01-18,HyperEVM,native-oft,24913774,130788561.728997,ok
1768759200,2026-01-18,Ink,native-oft,35260789,221456393.265806,ok
1768759200,2026-01-18,Mantle,native-oft,90314444,335912849.060588,ok
1768759200,2026-01-18,Monad,native-oft,49563739,0.000000,not-deployed
1768759200,2026-01-18,Morph,native-oft,20062659,0.000000,not-deployed
1768759200,2026-01-18,Optimism,native-oft,146580211,10736647.775710,ok
1768759200,2026-01-18,Optimism_L1Bridge,legacy-escrow,24263291,149217105.873635,ok
1768759200,2026-01-18,Plasma,native-oft,11828529,1565704432.358813,ok
1768759200,2026-01-18,Polygon,upgraded-in-place,81819614,966064756.387023,ok
1768759200,2026-01-18,Polygon_ERC20Pred,legacy-escrow,24263291,0.000000,ok
1768759200,2026-01-18,Rootstock,native-oft,8434802,2376283.782840,ok
1768759200,2026-01-18,Stable,native-oft,,0.000000,pre-history
1768759200,2026-01-18,Tempo,native-oft,,0.000000,rpc-error
1768759200,2026-01-18,USDT0_lockbox,collateral,24263291,4647635206.996876,ok
1768759200,2026-01-18,Unichain,native-oft,38010841,32340954.875647,ok
1768759200,2026-01-18,XLayer,native-oft,49990164,26928467.268603,ok
1768932000,2026-01-20,Arbitrum,upgraded-in-place,423421687,1032267516.363007,ok
1768932000,2026-01-20,Arbitrum_L1Gateway,legacy-escrow,24277642,138946.387741,ok
1768932000,2026-01-20,Berachain,native-oft,15958642,112742124.580550,ok
1768932000,2026-01-20,Conflux,native-oft,139365766,2009681.012707,ok
1768932000,2026-01-20,Flare,native-oft,54163567,50860482.219828,ok
1768932000,2026-01-20,HyperEVM,native-oft,25089454,141765063.261406,ok
1768932000,2026-01-20,Ink,native-oft,35433589,209058719.449347,ok
1768932000,2026-01-20,Mantle,native-oft,90400844,336938265.878097,ok
1768932000,2026-01-20,Monad,native-oft,49991541,0.000000,not-deployed
1768932000,2026-01-20,Morph,native-oft,20110205,0.000000,not-deployed
1768932000,2026-01-20,Optimism,native-oft,146666611,10714769.122282,ok
1768932000,2026-01-20,Optimism_L1Bridge,legacy-escrow,24277642,182145792.714037,ok
1768932000,2026-01-20,Plasma,native-oft,12001329,1587681944.251345,ok
1768932000,2026-01-20,Polygon,upgraded-in-place,81906014,954546147.439068,ok
1768932000,2026-01-20,Polygon_ERC20Pred,legacy-escrow,24277642,0.000000,ok
1768932000,2026-01-20,Rootstock,native-oft,8441853,1805310.001934,ok
1768932000,2026-01-20,Stable,native-oft,,0.000000,pre-history
1768932000,2026-01-20,Tempo,native-oft,,0.000000,rpc-error
1768932000,2026-01-20,USDT0_lockbox,collateral,24277642,4709817810.712589,ok
1768932000,2026-01-20,Unichain,native-oft,38183641,32155993.010059,ok
1768932000,2026-01-20,XLayer,native-oft,50162964,30154121.791395,ok
1769104800,2026-01-22,Arbitrum,upgraded-in-place,424113566,1016055242.890149,ok
1769104800,2026-01-22,Arbitrum_L1Gateway,legacy-escrow,24291973,138946.387741,ok
1769104800,2026-01-22,Berachain,native-oft,16045042,113352076.927845,ok
1769104800,2026-01-22,Conflux,native-oft,139510520,2563782.353205,ok
1769104800,2026-01-22,Flare,native-oft,54266504,56345016.113266,ok
1769104800,2026-01-22,HyperEVM,native-oft,25265131,142217172.662317,ok
1769104800,2026-01-22,Ink,native-oft,35606389,230574135.135482,ok
1769104800,2026-01-22,Mantle,native-oft,90487244,325322201.739141,ok
1769104800,2026-01-22,Monad,native-oft,50422799,0.000000,not-deployed
1769104800,2026-01-22,Morph,native-oft,20159751,0.000000,not-deployed
1769104800,2026-01-22,Optimism,native-oft,146753011,10525018.168147,ok
1769104800,2026-01-22,Optimism_L1Bridge,legacy-escrow,24291973,186978446.414037,ok
1769104800,2026-01-22,Plasma,native-oft,12174129,1495797720.078584,ok
1769104800,2026-01-22,Polygon,upgraded-in-place,81992414,962820904.562652,ok
1769104800,2026-01-22,Polygon_ERC20Pred,legacy-escrow,24291973,0.000000,ok
1769104800,2026-01-22,Rootstock,native-oft,8448846,1710846.934120,ok
1769104800,2026-01-22,Stable,native-oft,,0.000000,pre-history
1769104800,2026-01-22,Tempo,native-oft,,0.000000,rpc-error
1769104800,2026-01-22,USDT0_lockbox,collateral,24291973,4609971972.590223,ok
1769104800,2026-01-22,Unichain,native-oft,38356441,31160768.436405,ok
1769104800,2026-01-22,XLayer,native-oft,50335764,30002517.557958,ok
1769277600,2026-01-24,Arbitrum,upgraded-in-place,424804279,1020167612.784554,ok
1769277600,2026-01-24,Arbitrum_L1Gateway,legacy-escrow,24306303,138946.387741,ok
1769277600,2026-01-24,Berachain,native-oft,16131442,111453983.234847,ok
1769277600,2026-01-24,Conflux,native-oft,139655296,2511876.307876,ok
1769277600,2026-01-24,Flare,native-oft,54367043,57540328.493524,ok
1769277600,2026-01-24,HyperEVM,native-oft,25440724,143009613.363295,ok
1769277600,2026-01-24,Ink,native-oft,35779189,232960583.044785,ok
1769277600,2026-01-24,Mantle,native-oft,90573644,319884236.829870,ok
1769277600,2026-01-24,Monad,native-oft,50854285,0.000000,not-deployed
1769277600,2026-01-24,Morph,native-oft,20205973,0.000000,not-deployed
1769277600,2026-01-24,Optimism,native-oft,146839411,10469499.908968,ok
1769277600,2026-01-24,Optimism_L1Bridge,legacy-escrow,24306303,197798338.744037,ok
1769277600,2026-01-24,Plasma,native-oft,12345844,1545715692.225943,ok
1769277600,2026-01-24,Polygon,upgraded-in-place,82078814,862439517.263751,ok
1769277600,2026-01-24,Polygon_ERC20Pred,legacy-escrow,24306303,0.000000,ok
1769277600,2026-01-24,Rootstock,native-oft,8455703,1738159.725381,ok
1769277600,2026-01-24,Stable,native-oft,,0.000000,pre-history
1769277600,2026-01-24,Tempo,native-oft,,0.000000,rpc-error
1769277600,2026-01-24,USDT0_lockbox,collateral,24306303,4556803957.818314,ok
1769277600,2026-01-24,Unichain,native-oft,38529241,29091659.029985,ok
1769277600,2026-01-24,XLayer,native-oft,50508564,30474436.086633,ok
1769450400,2026-01-26,Arbitrum,upgraded-in-place,425494719,1003679174.051943,ok
1769450400,2026-01-26,Arbitrum_L1Gateway,legacy-escrow,24320653,138946.387741,ok
1769450400,2026-01-26,Berachain,native-oft,16217842,102935316.265697,ok
1769450400,2026-01-26,Conflux,native-oft,139800380,2465565.048577,ok
1769450400,2026-01-26,Flare,native-oft,54468340,57015760.726921,ok
1769450400,2026-01-26,HyperEVM,native-oft,25616403,142908916.477714,ok
1769450400,2026-01-26,Ink,native-oft,35951989,231863588.316610,ok
1769450400,2026-01-26,Mantle,native-oft,90660044,317622011.276370,ok
1769450400,2026-01-26,Monad,native-oft,51286008,0.000000,not-deployed
1769450400,2026-01-26,Morph,native-oft,20271783,0.000000,not-deployed
1769450400,2026-01-26,Optimism,native-oft,146925811,10527684.825093,ok
1769450400,2026-01-26,Optimism_L1Bridge,legacy-escrow,24320653,197798506.809938,ok
1769450400,2026-01-26,Plasma,native-oft,12518644,1593034091.664414,ok
1769450400,2026-01-26,Polygon,upgraded-in-place,82165213,859139556.674359,ok
1769450400,2026-01-26,Polygon_ERC20Pred,legacy-escrow,24320653,0.000000,ok
1769450400,2026-01-26,Rootstock,native-oft,8462630,1668799.584762,ok
1769450400,2026-01-26,Stable,native-oft,,0.000000,pre-history
1769450400,2026-01-26,Tempo,native-oft,,0.000000,rpc-error
1769450400,2026-01-26,USDT0_lockbox,collateral,24320653,4577273472.391965,ok
1769450400,2026-01-26,Unichain,native-oft,38702041,29245292.593274,ok
1769450400,2026-01-26,XLayer,native-oft,50681364,29541087.093403,ok
1769623200,2026-01-28,Arbitrum,upgraded-in-place,426187494,994999775.260089,ok
1769623200,2026-01-28,Arbitrum_L1Gateway,legacy-escrow,24334992,138946.387741,ok
1769623200,2026-01-28,Berachain,native-oft,16304242,48834632.720351,ok
1769623200,2026-01-28,Conflux,native-oft,139947736,2471596.280015,ok
1769623200,2026-01-28,Flare,native-oft,54573017,51358361.498220,ok
1769623200,2026-01-28,HyperEVM,native-oft,25792083,162091128.248152,ok
1769623200,2026-01-28,Ink,native-oft,36124789,227131996.605669,ok
1769623200,2026-01-28,Mantle,native-oft,90746444,317619198.975949,ok
1769623200,2026-01-28,Monad,native-oft,51717552,0.000000,not-deployed
1769623200,2026-01-28,Morph,native-oft,20333899,0.000000,ok
1769623200,2026-01-28,Optimism,native-oft,147012211,12418252.736126,ok
1769623200,2026-01-28,Optimism_L1Bridge,legacy-escrow,24334992,212150657.619938,ok
1769623200,2026-01-28,Plasma,native-oft,12691444,1511885297.500079,ok
1769623200,2026-01-28,Polygon,upgraded-in-place,82251605,860704979.621491,ok
1769623200,2026-01-28,Polygon_ERC20Pred,legacy-escrow,24334992,0.000000,ok
1769623200,2026-01-28,Rootstock,native-oft,8469640,1824787.057232,ok
1769623200,2026-01-28,Stable,native-oft,,0.000000,pre-history
1769623200,2026-01-28,Tempo,native-oft,,0.000000,rpc-error
1769623200,2026-01-28,USDT0_lockbox,collateral,24334992,4444090098.549156,ok
1769623200,2026-01-28,Unichain,native-oft,38874841,28917219.654605,ok
1769623200,2026-01-28,XLayer,native-oft,50854164,32277244.360174,ok
1769796000,2026-01-30,Arbitrum,upgraded-in-place,426881263,983093300.295590,ok
1769796000,2026-01-30,Arbitrum_L1Gateway,legacy-escrow,24349337,138946.387741,ok
1769796000,2026-01-30,Berachain,native-oft,16390642,44714986.176289,ok
1769796000,2026-01-30,Conflux,native-oft,140092537,2962567.583980,ok
1769796000,2026-01-30,Flare,native-oft,54679011,48276696.564122,ok
1769796000,2026-01-30,HyperEVM,native-oft,25967763,159358992.512572,ok
1769796000,2026-01-30,Ink,native-oft,36297589,232994627.596496,ok
1769796000,2026-01-30,Mantle,native-oft,90832844,314991628.905627,ok
1769796000,2026-01-30,Monad,native-oft,52148252,0.000000,not-deployed
1769796000,2026-01-30,Morph,native-oft,20383955,0.000000,ok
1769796000,2026-01-30,Optimism,native-oft,147098611,12367933.849426,ok
1769796000,2026-01-30,Optimism_L1Bridge,legacy-escrow,24349337,192305594.635032,ok
1769796000,2026-01-30,Plasma,native-oft,12864244,1421912358.109185,ok
1769796000,2026-01-30,Polygon,upgraded-in-place,82337997,882915081.883490,ok
1769796000,2026-01-30,Polygon_ERC20Pred,legacy-escrow,24349337,0.000000,ok
1769796000,2026-01-30,Rootstock,native-oft,8476491,1777244.114140,ok
1769796000,2026-01-30,Stable,native-oft,,0.000000,pre-history
1769796000,2026-01-30,Tempo,native-oft,,0.000000,rpc-error
1769796000,2026-01-30,USDT0_lockbox,collateral,24349337,4371581626.881146,ok
1769796000,2026-01-30,Unichain,native-oft,39047641,33732374.222472,ok
1769796000,2026-01-30,XLayer,native-oft,51026964,34542043.738835,ok
1769968800,2026-02-01,Arbitrum,upgraded-in-place,427575078,972942674.220816,ok
1769968800,2026-02-01,Arbitrum_L1Gateway,legacy-escrow,24363664,138946.387741,ok
1769968800,2026-02-01,Berachain,native-oft,16477042,43769541.711828,ok
1769968800,2026-02-01,Conflux,native-oft,140238114,2932567.596890,ok
1769968800,2026-02-01,Flare,native-oft,54793640,46523215.032176,ok
1769968800,2026-02-01,HyperEVM,native-oft,26143353,162346620.271494,ok
1769968800,2026-02-01,Ink,native-oft,36470389,211396456.655006,ok
1769968800,2026-02-01,Mantle,native-oft,90919244,316759664.787329,ok
1769968800,2026-02-01,Monad,native-oft,52578485,0.000000,not-deployed
1769968800,2026-02-01,Morph,native-oft,20437076,0.000000,ok
1769968800,2026-02-01,Optimism,native-oft,147185011,11997566.587738,ok
1769968800,2026-02-01,Optimism_L1Bridge,legacy-escrow,24363664,192333465.668324,ok
1769968800,2026-02-01,Plasma,native-oft,13037044,1483614519.254809,ok
1769968800,2026-02-01,Polygon,upgraded-in-place,82424397,889201172.678869,ok
1769968800,2026-02-01,Polygon_ERC20Pred,legacy-escrow,24363664,0.000000,ok
1769968800,2026-02-01,Rootstock,native-oft,8483477,1687187.639322,ok
1769968800,2026-02-01,Stable,native-oft,,0.000000,pre-history
1769968800,2026-02-01,Tempo,native-oft,,0.000000,rpc-error
1769968800,2026-02-01,USDT0_lockbox,collateral,24363664,4404720272.089167,ok
1769968800,2026-02-01,Unichain,native-oft,39220441,33789566.999222,ok
1769968800,2026-02-01,XLayer,native-oft,51199764,32870912.594459,ok
1770141600,2026-02-03,Arbitrum,upgraded-in-place,428268952,943979827.186648,ok
1770141600,2026-02-03,Arbitrum_L1Gateway,legacy-escrow,24377977,138946.387741,ok
1770141600,2026-02-03,Berachain,native-oft,16563442,39496776.820759,ok
1770141600,2026-02-03,Conflux,native-oft,140384155,2929567.486910,ok
1770141600,2026-02-03,Flare,native-oft,54903907,45398748.433842,ok
1770141600,2026-02-03,HyperEVM,native-oft,26319033,159201690.875986,ok
1770141600,2026-02-03,Ink,native-oft,36643189,210989821.985343,ok
1770141600,2026-02-03,Mantle,native-oft,91005644,311846297.836632,ok
1770141600,2026-02-03,Monad,native-oft,53010365,0.000000,not-deployed
1770141600,2026-02-03,Morph,native-oft,20494385,0.000000,ok
1770141600,2026-02-03,Optimism,native-oft,147271411,11895513.545903,ok
1770141600,2026-02-03,Optimism_L1Bridge,legacy-escrow,24377977,192377653.296274,ok
1770141600,2026-02-03,Plasma,native-oft,13209844,1385822964.793805,ok
1770141600,2026-02-03,Polygon,upgraded-in-place,82510797,884488077.440288,ok
1770141600,2026-02-03,Polygon_ERC20Pred,legacy-escrow,24377977,0.000000,ok
1770141600,2026-02-03,Rootstock,native-oft,8490379,1630313.139681,ok
1770141600,2026-02-03,Stable,native-oft,,0.000000,pre-history
1770141600,2026-02-03,Tempo,native-oft,,0.000000,rpc-error
1770141600,2026-02-03,USDT0_lockbox,collateral,24377977,4270321377.136425,ok
1770141600,2026-02-03,Unichain,native-oft,39393241,32964701.394853,ok
1770141600,2026-02-03,XLayer,native-oft,51372564,33616931.508090,ok
1770314400,2026-02-05,Arbitrum,upgraded-in-place,428964263,941762162.561566,ok
1770314400,2026-02-05,Arbitrum_L1Gateway,legacy-escrow,24392277,138946.387741,ok
1770314400,2026-02-05,Berachain,native-oft,16649842,40457721.198139,ok
1770314400,2026-02-05,Conflux,native-oft,140528599,2986743.686329,ok
1770314400,2026-02-05,Flare,native-oft,55015178,48263899.853685,ok
1770314400,2026-02-05,HyperEVM,native-oft,26494713,132597945.485813,ok
1770314400,2026-02-05,Ink,native-oft,36815989,230882678.407279,ok
1770314400,2026-02-05,Mantle,native-oft,91092044,311892816.352882,ok
1770314400,2026-02-05,Monad,native-oft,53436507,0.000000,not-deployed
1770314400,2026-02-05,Morph,native-oft,20554858,0.000000,ok
1770314400,2026-02-05,Optimism,native-oft,147357811,14787095.524047,ok
1770314400,2026-02-05,Optimism_L1Bridge,legacy-escrow,24392277,177371153.150242,ok
1770314400,2026-02-05,Plasma,native-oft,13382644,1486577140.402169,ok
1770314400,2026-02-05,Polygon,upgraded-in-place,82597188,907249216.847454,ok
1770314400,2026-02-05,Polygon_ERC20Pred,legacy-escrow,24392277,0.000000,ok
1770314400,2026-02-05,Rootstock,native-oft,8497304,1819158.963365,ok
1770314400,2026-02-05,Stable,native-oft,,0.000000,pre-history
1770314400,2026-02-05,Tempo,native-oft,,0.000000,rpc-error
1770314400,2026-02-05,USDT0_lockbox,collateral,24392277,4402829964.107651,ok
1770314400,2026-02-05,Unichain,native-oft,39566041,37009870.205238,ok
1770314400,2026-02-05,XLayer,native-oft,51545364,49778006.096003,ok
1770487200,2026-02-07,Arbitrum,upgraded-in-place,429659023,954713112.708227,ok
1770487200,2026-02-07,Arbitrum_L1Gateway,legacy-escrow,24406593,138946.387741,ok
1770487200,2026-02-07,Berachain,native-oft,16736242,36416938.442891,ok
1770487200,2026-02-07,Conflux,native-oft,140673351,2760940.752596,ok
1770487200,2026-02-07,Flare,native-oft,55130134,37635437.345109,ok
1770487200,2026-02-07,HyperEVM,native-oft,26670297,140900524.836559,ok
1770487200,2026-02-07,Ink,native-oft,36988789,229588836.359355,ok
1770487200,2026-02-07,Mantle,native-oft,91178444,319842235.246233,ok
1770487200,2026-02-07,Monad,native-oft,53865863,0.000000,not-deployed
1770487200,2026-02-07,Morph,native-oft,20612201,0.410001,ok
1770487200,2026-02-07,Optimism,native-oft,147444211,14638547.066933,ok
1770487200,2026-02-07,Optimism_L1Bridge,legacy-escrow,24406593,170597605.296657,ok
1770487200,2026-02-07,Plasma,native-oft,13555444,1492578617.095596,ok
1770487200,2026-02-07,Polygon,upgraded-in-place,82683588,907024708.668117,ok
1770487200,2026-02-07,Polygon_ERC20Pred,legacy-escrow,24406593,0.000000,ok
1770487200,2026-02-07,Rootstock,native-oft,8504172,1498855.385745,ok
1770487200,2026-02-07,Stable,native-oft,,0.000000,pre-history
1770487200,2026-02-07,Tempo,native-oft,,0.000000,rpc-error
1770487200,2026-02-07,USDT0_lockbox,collateral,24406593,4414816511.079193,ok
1770487200,2026-02-07,Unichain,native-oft,39738841,36304187.413658,ok
1770487200,2026-02-07,XLayer,native-oft,51718164,46174482.070136,ok
1770660000,2026-02-09,Arbitrum,upgraded-in-place,430352437,955842758.487360,ok
1770660000,2026-02-09,Arbitrum_L1Gateway,legacy-escrow,24420860,138945.387741,ok
1770660000,2026-02-09,Berachain,native-oft,16822642,33312726.896069,ok
1770660000,2026-02-09,Conflux,native-oft,140819004,2974223.884410,ok
1770660000,2026-02-09,Flare,native-oft,55236841,42616615.752283,ok
1770660000,2026-02-09,HyperEVM,native-oft,26845977,142428349.383436,ok
1770660000,2026-02-09,Ink,native-oft,37161589,226607283.886197,ok
1770660000,2026-02-09,Mantle,native-oft,91264844,318418738.396622,ok
1770660000,2026-02-09,Monad,native-oft,54296470,0.000000,not-deployed
1770660000,2026-02-09,Morph,native-oft,20661530,1.520001,ok
1770660000,2026-02-09,Optimism,native-oft,147530611,14581147.087713,ok
1770660000,2026-02-09,Optimism_L1Bridge,legacy-escrow,24420860,155155186.006732,ok
1770660000,2026-02-09,Plasma,native-oft,13728244,1428730403.821146,ok
1770660000,2026-02-09,Polygon,upgraded-in-place,82769988,908554387.739486,ok
1770660000,2026-02-09,Polygon_ERC20Pred,legacy-escrow,24420860,0.000000,ok
1770660000,2026-02-09,Rootstock,native-oft,8511021,1444970.439966,ok
1770660000,2026-02-09,Stable,native-oft,,0.000000,pre-history
1770660000,2026-02-09,Tempo,native-oft,,0.000000,rpc-error
1770660000,2026-02-09,USDT0_lockbox,collateral,24420860,4375309622.971048,ok
1770660000,2026-02-09,Unichain,native-oft,39911641,36363980.293054,ok
1770660000,2026-02-09,XLayer,native-oft,51890964,53970729.318327,ok
1770832800,2026-02-11,Arbitrum,upgraded-in-place,431046311,967723136.888591,ok
1770832800,2026-02-11,Arbitrum_L1Gateway,legacy-escrow,24435179,138945.387741,ok
1770832800,2026-02-11,Berachain,native-oft,16909042,30939463.472062,ok
1770832800,2026-02-11,Conflux,native-oft,140963108,3103956.510024,ok
1770832800,2026-02-11,Flare,native-oft,55347625,48745054.230849,ok
1770832800,2026-02-11,HyperEVM,native-oft,27021657,143217954.033980,ok
1770832800,2026-02-11,Ink,native-oft,37334389,240277553.639773,ok
1770832800,2026-02-11,Mantle,native-oft,91351244,360691952.350416,ok
1770832800,2026-02-11,Monad,native-oft,54727771,0.000000,not-deployed
1770832800,2026-02-11,Morph,native-oft,20710646,22.770001,ok
1770832800,2026-02-11,Optimism,native-oft,147617011,14593686.534427,ok
1770832800,2026-02-11,Optimism_L1Bridge,legacy-escrow,24435179,151162466.831257,ok
1770832800,2026-02-11,Plasma,native-oft,13901044,1387754711.415325,ok
1770832800,2026-02-11,Polygon,upgraded-in-place,82856388,918764549.500799,ok
1770832800,2026-02-11,Polygon_ERC20Pred,legacy-escrow,24435179,0.000000,ok
1770832800,2026-02-11,Rootstock,native-oft,8517960,1413325.508310,ok
1770832800,2026-02-11,Stable,native-oft,,0.000000,pre-history
1770832800,2026-02-11,Tempo,native-oft,,0.000000,rpc-error
1770832800,2026-02-11,USDT0_lockbox,collateral,24435179,4435470122.336864,ok
1770832800,2026-02-11,Unichain,native-oft,40084441,42546491.086721,ok
1770832800,2026-02-11,XLayer,native-oft,52063764,52089949.270342,ok
1771005600,2026-02-13,Arbitrum,upgraded-in-place,431740305,972006000.230324,ok
1771005600,2026-02-13,Arbitrum_L1Gateway,legacy-escrow,24449510,138945.387741,ok
1771005600,2026-02-13,Berachain,native-oft,16995442,28886831.156073,ok
1771005600,2026-02-13,Conflux,native-oft,141106894,3041585.454186,ok
1771005600,2026-02-13,Flare,native-oft,55456166,48678820.973613,ok
1771005600,2026-02-13,HyperEVM,native-oft,27197337,142506641.007419,ok
1771005600,2026-02-13,Ink,native-oft,37507189,228938879.933511,ok
1771005600,2026-02-13,Mantle,native-oft,91437644,347143697.360699,ok
1771005600,2026-02-13,Monad,native-oft,55158788,0.000000,not-deployed
1771005600,2026-02-13,Morph,native-oft,20759126,22.850001,ok
1771005600,2026-02-13,Optimism,native-oft,147703411,11890934.340952,ok
1771005600,2026-02-13,Optimism_L1Bridge,legacy-escrow,24449510,151186807.391364,ok
1771005600,2026-02-13,Plasma,native-oft,14073844,1471012236.825426,ok
1771005600,2026-02-13,Polygon,upgraded-in-place,82942788,915627847.094064,ok
1771005600,2026-02-13,Polygon_ERC20Pred,legacy-escrow,24449510,0.000000,ok
1771005600,2026-02-13,Rootstock,native-oft,8524885,1413314.508310,ok
1771005600,2026-02-13,Stable,native-oft,,0.000000,pre-history
1771005600,2026-02-13,Tempo,native-oft,,0.000000,rpc-error
1771005600,2026-02-13,USDT0_lockbox,collateral,24449510,4489446838.136544,ok
1771005600,2026-02-13,Unichain,native-oft,40257241,39205728.583329,ok
1771005600,2026-02-13,XLayer,native-oft,52236564,47753374.646721,ok
1771178400,2026-02-15,Arbitrum,upgraded-in-place,432433329,976880256.327036,ok
1771178400,2026-02-15,Arbitrum_L1Gateway,legacy-escrow,24463856,138945.387741,ok
1771178400,2026-02-15,Berachain,native-oft,17081842,28088727.659143,ok
1771178400,2026-02-15,Conflux,native-oft,141251678,3050950.060218,ok
1771178400,2026-02-15,Flare,native-oft,55566411,49809481.635143,ok
1771178400,2026-02-15,HyperEVM,native-oft,27373017,143409745.608938,ok
1771178400,2026-02-15,Ink,native-oft,37679989,229643405.198397,ok
1771178400,2026-02-15,Mantle,native-oft,91524044,349401266.163882,ok
1771178400,2026-02-15,Monad,native-oft,55590261,0.000000,not-deployed
1771178400,2026-02-15,Morph,native-oft,20805141,124.750001,ok
1771178400,2026-02-15,Optimism,native-oft,147789811,9657380.561015,ok
1771178400,2026-02-15,Optimism_L1Bridge,legacy-escrow,24463856,151237617.163246,ok
1771178400,2026-02-15,Plasma,native-oft,14246644,1477991525.879749,ok
1771178400,2026-02-15,Polygon,upgraded-in-place,83029188,917820342.068538,ok
1771178400,2026-02-15,Polygon_ERC20Pred,legacy-escrow,24463856,0.000000,ok
1771178400,2026-02-15,Rootstock,native-oft,8531882,1418869.508310,ok
1771178400,2026-02-15,Stable,native-oft,,0.000000,pre-history
1771178400,2026-02-15,Tempo,native-oft,,0.000000,rpc-error
1771178400,2026-02-15,USDT0_lockbox,collateral,24463856,4508626285.488727,ok
1771178400,2026-02-15,Unichain,native-oft,40430041,37495598.257233,ok
1771178400,2026-02-15,XLayer,native-oft,52409364,50588691.614727,ok
1771351200,2026-02-17,Arbitrum,upgraded-in-place,433126640,950551563.923686,ok
1771351200,2026-02-17,Arbitrum_L1Gateway,legacy-escrow,24478203,138945.387741,ok
1771351200,2026-02-17,Berachain,native-oft,17168242,28083632.102780,ok
1771351200,2026-02-17,Conflux,native-oft,141394579,3049941.024577,ok
1771351200,2026-02-17,Flare,native-oft,55672912,48230143.082731,ok
1771351200,2026-02-17,HyperEVM,native-oft,27548612,146872514.019079,ok
1771351200,2026-02-17,Ink,native-oft,37852789,242871222.160880,ok
1771351200,2026-02-17,Mantle,native-oft,91610444,362097066.692027,ok
1771351200,2026-02-17,Monad,native-oft,56020867,0.000000,not-deployed
1771351200,2026-02-17,Morph,native-oft,20853749,1478900.997250,ok
1771351200,2026-02-17,Optimism,native-oft,147876211,9650038.412461,ok
1771351200,2026-02-17,Optimism_L1Bridge,legacy-escrow,24478203,150247014.203992,ok
1771351200,2026-02-17,Plasma,native-oft,14419444,1427728901.642660,ok
1771351200,2026-02-17,Polygon,upgraded-in-place,83115588,924452651.728521,ok
1771351200,2026-02-17,Polygon_ERC20Pred,legacy-escrow,24478203,0.000000,ok
1771351200,2026-02-17,Rootstock,native-oft,8538686,1454575.164664,ok
1771351200,2026-02-17,Stable,native-oft,,0.000000,pre-history
1771351200,2026-02-17,Tempo,native-oft,5310992,0.000000,ok
1771351200,2026-02-17,USDT0_lockbox,collateral,24478203,4462902302.704602,ok
1771351200,2026-02-17,Unichain,native-oft,40602841,36630824.208842,ok
1771351200,2026-02-17,XLayer,native-oft,52582164,48825815.378771,ok
1771524000,2026-02-19,Arbitrum,upgraded-in-place,433819980,908084359.945763,ok
1771524000,2026-02-19,Arbitrum_L1Gateway,legacy-escrow,24492545,138945.387741,ok
1771524000,2026-02-19,Berachain,native-oft,17254642,27586170.529354,ok
1771524000,2026-02-19,Conflux,native-oft,141534870,3059525.416304,ok
1771524000,2026-02-19,Flare,native-oft,55778417,48061509.749921,ok
1771524000,2026-02-19,HyperEVM,native-oft,27724291,150913583.729544,ok
1771524000,2026-02-19,Ink,native-oft,38025589,225528608.819873,ok
1771524000,2026-02-19,Mantle,native-oft,91696844,433350563.125216,ok
1771524000,2026-02-19,Monad,native-oft,56452109,0.000000,not-deployed
1771524000,2026-02-19,Morph,native-oft,20900473,1478900.997250,ok
1771524000,2026-02-19,Optimism,native-oft,147962611,9654838.457732,ok
1771524000,2026-02-19,Optimism_L1Bridge,legacy-escrow,24492545,150262782.468339,ok
1771524000,2026-02-19,Plasma,native-oft,14592244,1247782570.848856,ok
1771524000,2026-02-19,Polygon,upgraded-in-place,83201988,926199796.788139,ok
1771524000,2026-02-19,Polygon_ERC20Pred,legacy-escrow,24492545,0.000000,ok
1771524000,2026-02-19,Rootstock,native-oft,8545565,1435169.933382,ok
1771524000,2026-02-19,Stable,native-oft,,0.000000,pre-history
1771524000,2026-02-19,Tempo,native-oft,5631798,0.000000,ok
1771524000,2026-02-19,USDT0_lockbox,collateral,24492545,4303833139.743343,ok
1771524000,2026-02-19,Unichain,native-oft,40775641,39321978.085889,ok
1771524000,2026-02-19,XLayer,native-oft,52754964,52443674.928223,ok
1771696800,2026-02-21,Arbitrum,upgraded-in-place,434512792,900213366.637051,ok
1771696800,2026-02-21,Arbitrum_L1Gateway,legacy-escrow,24506893,138945.387741,ok
1771696800,2026-02-21,Berachain,native-oft,17341042,26902159.011892,ok
1771696800,2026-02-21,Conflux,native-oft,141662983,3059525.416304,ok
1771696800,2026-02-21,Flare,native-oft,55884869,48054521.401960,ok
1771696800,2026-02-21,HyperEVM,native-oft,27899887,152073750.616849,ok
1771696800,2026-02-21,Ink,native-oft,38198389,226195798.582153,ok
1771696800,2026-02-21,Mantle,native-oft,91783244,438904209.784467,ok
1771696800,2026-02-21,Monad,native-oft,56884043,0.000000,not-deployed
1771696800,2026-02-21,Morph,native-oft,20946461,1478890.997250,ok
1771696800,2026-02-21,Optimism,native-oft,148049011,9547282.903081,ok
1771696800,2026-02-21,Optimism_L1Bridge,legacy-escrow,24506893,144077472.709981,ok
1771696800,2026-02-21,Plasma,native-oft,14765044,1343597825.588778,ok
1771696800,2026-02-21,Polygon,upgraded-in-place,83288386,923041032.633511,ok
1771696800,2026-02-21,Polygon_ERC20Pred,legacy-escrow,24506893,0.000000,ok
1771696800,2026-02-21,Rootstock,native-oft,8552465,1452600.651259,ok
1771696800,2026-02-21,Stable,native-oft,,0.000000,pre-history
1771696800,2026-02-21,Tempo,native-oft,5953015,0.000000,ok
1771696800,2026-02-21,USDT0_lockbox,collateral,24506893,4389610047.450154,ok
1771696800,2026-02-21,Unichain,native-oft,40948441,38068584.463849,ok
1771696800,2026-02-21,XLayer,native-oft,52927764,48289934.232503,ok
1771869600,2026-02-23,Arbitrum,upgraded-in-place,435205940,903225600.284252,ok
1771869600,2026-02-23,Arbitrum_L1Gateway,legacy-escrow,24521238,138945.387741,ok
1771869600,2026-02-23,Berachain,native-oft,17427442,23568579.319971,ok
1771869600,2026-02-23,Conflux,native-oft,141795180,3059921.684451,ok
1771869600,2026-02-23,Flare,native-oft,55991462,53196894.685579,ok
1771869600,2026-02-23,HyperEVM,native-oft,28075567,152499407.033584,ok
1771869600,2026-02-23,Ink,native-oft,38371189,223770086.726863,ok
1771869600,2026-02-23,Mantle,native-oft,91869644,445596322.561409,ok
1771869600,2026-02-23,Monad,native-oft,57316062,0.000000,not-deployed
1771869600,2026-02-23,Morph,native-oft,20991703,1478891.997250,ok
1771869600,2026-02-23,Optimism,native-oft,148135411,9526996.761854,ok
1771869600,2026-02-23,Optimism_L1Bridge,legacy-escrow,24521238,144078578.201099,ok
1771869600,2026-02-23,Plasma,native-oft,14937844,1186376066.887695,ok
1771869600,2026-02-23,Polygon,upgraded-in-place,83374786,920753519.788204,ok
1771869600,2026-02-23,Polygon_ERC20Pred,legacy-escrow,24521238,0.000000,ok
1771869600,2026-02-23,Rootstock,native-oft,8559445,1452609.467403,ok
1771869600,2026-02-23,Stable,native-oft,,0.000000,pre-history
1771869600,2026-02-23,Tempo,native-oft,6273987,0.000000,ok
1771869600,2026-02-23,USDT0_lockbox,collateral,24521238,4338030394.428419,ok
1771869600,2026-02-23,Unichain,native-oft,41121241,37255680.269815,ok
1771869600,2026-02-23,XLayer,native-oft,53100564,48752867.222517,ok
1772042400,2026-02-25,Arbitrum,upgraded-in-place,435899207,905809990.388393,ok
1772042400,2026-02-25,Arbitrum_L1Gateway,legacy-escrow,24535577,138945.387741,ok
1772042400,2026-02-25,Berachain,native-oft,17513842,45984074.154704,ok
1772042400,2026-02-25,Conflux,native-oft,141940001,2941855.688488,ok
1772042400,2026-02-25,Flare,native-oft,56101546,54141368.513542,ok
1772042400,2026-02-25,HyperEVM,native-oft,28251247,153572223.692713,ok
1772042400,2026-02-25,Ink,native-oft,38543989,219718872.938132,ok
1772042400,2026-02-25,Mantle,native-oft,91956044,589538253.960422,ok
1772042400,2026-02-25,Monad,native-oft,57748300,0.000000,not-deployed
1772042400,2026-02-25,Morph,native-oft,21038438,1956022.997248,ok
1772042400,2026-02-25,Optimism,native-oft,148221811,9543337.896464,ok
1772042400,2026-02-25,Optimism_L1Bridge,legacy-escrow,24535577,144080408.073707,ok
1772042400,2026-02-25,Plasma,native-oft,15110644,1299945992.305656,ok
1772042400,2026-02-25,Polygon,upgraded-in-place,83461186,915756102.542494,ok
1772042400,2026-02-25,Polygon_ERC20Pred,legacy-escrow,24535577,0.000000,ok
1772042400,2026-02-25,Rootstock,native-oft,8566300,1452897.915829,ok
1772042400,2026-02-25,Stable,native-oft,,0.000000,pre-history
1772042400,2026-02-25,Tempo,native-oft,6594963,0.000000,ok
1772042400,2026-02-25,USDT0_lockbox,collateral,24535577,4466922744.970754,ok
1772042400,2026-02-25,Unichain,native-oft,41294041,36280727.964585,ok
1772042400,2026-02-25,XLayer,native-oft,53273364,49620842.633570,ok
1772215200,2026-02-27,Arbitrum,upgraded-in-place,436592017,916712714.587805,ok
1772215200,2026-02-27,Arbitrum_L1Gateway,legacy-escrow,24549917,138945.387741,ok
1772215200,2026-02-27,Berachain,native-oft,17600242,44989301.809794,ok
1772215200,2026-02-27,Conflux,native-oft,142080394,2937855.688488,ok
1772215200,2026-02-27,Flare,native-oft,56211097,49239095.880031,ok
1772215200,2026-02-27,HyperEVM,native-oft,28426927,154965501.361614,ok
1772215200,2026-02-27,Ink,native-oft,38716789,210304575.339949,ok
1772215200,2026-02-27,Mantle,native-oft,92042444,566141058.194287,ok
1772215200,2026-02-27,Monad,native-oft,58176113,0.000000,not-deployed
1772215200,2026-02-27,Morph,native-oft,21086170,1975923.727290,ok
1772215200,2026-02-27,Optimism,native-oft,148308211,9492818.690702,ok
1772215200,2026-02-27,Optimism_L1Bridge,legacy-escrow,24549917,145186115.357297,ok
1772215200,2026-02-27,Plasma,native-oft,15283444,1352007876.961861,ok
1772215200,2026-02-27,Polygon,upgraded-in-place,83547584,907368461.620520,ok
1772215200,2026-02-27,Polygon_ERC20Pred,legacy-escrow,24549917,0.000000,ok
1772215200,2026-02-27,Rootstock,native-oft,8573132,1365888.581730,ok
1772215200,2026-02-27,Stable,native-oft,,0.000000,pre-history
1772215200,2026-02-27,Tempo,native-oft,6914630,0.000000,ok
1772215200,2026-02-27,USDT0_lockbox,collateral,24549917,4479325737.603620,ok
1772215200,2026-02-27,Unichain,native-oft,41466841,34179357.531710,ok
1772215200,2026-02-27,XLayer,native-oft,53446164,48786528.076922,ok
1772388000,2026-03-01,Arbitrum,upgraded-in-place,437284726,907585054.455632,ok
1772388000,2026-03-01,Arbitrum_L1Gateway,legacy-escrow,24564244,138945.387741,ok
1772388000,2026-03-01,Berachain,native-oft,17686642,45438803.734430,ok
1772388000,2026-03-01,Conflux,native-oft,142224376,2952855.333151,ok
1772388000,2026-03-01,Flare,native-oft,56320453,49750966.047562,ok
1772388000,2026-03-01,HyperEVM,native-oft,28602522,156025868.437218,ok
1772388000,2026-03-01,Ink,native-oft,38889589,210637832.931764,ok
1772388000,2026-03-01,Mantle,native-oft,92128844,621144593.558305,ok
1772388000,2026-03-01,Monad,native-oft,58607970,0.000000,not-deployed
1772388000,2026-03-01,Morph,native-oft,21134009,2005297.058898,ok
1772388000,2026-03-01,Optimism,native-oft,148394611,9516302.862901,ok
1772388000,2026-03-01,Optimism_L1Bridge,legacy-escrow,24564244,145189482.577073,ok
1772388000,2026-03-01,Plasma,native-oft,15456244,1327765137.615207,ok
1772388000,2026-03-01,Polygon,upgraded-in-place,83633984,908306741.315188,ok
1772388000,2026-03-01,Polygon_ERC20Pred,legacy-escrow,24564244,0.000000,ok
1772388000,2026-03-01,Rootstock,native-oft,8580048,1361132.472178,ok
1772388000,2026-03-01,Stable,native-oft,,0.000000,pre-history
1772388000,2026-03-01,Tempo,native-oft,7234298,0.000000,ok
1772388000,2026-03-01,USDT0_lockbox,collateral,24564244,4503034168.541472,ok
1772388000,2026-03-01,Unichain,native-oft,41639641,32727938.507061,ok
1772388000,2026-03-01,XLayer,native-oft,53618964,48607069.038500,ok
1772560800,2026-03-03,Arbitrum,upgraded-in-place,437977661,900337880.603454,ok
1772560800,2026-03-03,Arbitrum_L1Gateway,legacy-escrow,24578577,138945.387741,ok
1772560800,2026-03-03,Berachain,native-oft,17773042,46041923.617881,ok
1772560800,2026-03-03,Conflux,native-oft,142366955,2952022.742201,ok
1772560800,2026-03-03,Flare,native-oft,56431584,42342687.143788,ok
1772560800,2026-03-03,HyperEVM,native-oft,28778202,159537796.225440,ok
1772560800,2026-03-03,Ink,native-oft,39062389,241845052.744271,ok
1772560800,2026-03-03,Mantle,native-oft,92215244,606253366.327301,ok
1772560800,2026-03-03,Monad,native-oft,59040181,0.000000,not-deployed
1772560800,2026-03-03,Morph,native-oft,21183475,2010628.858898,ok
1772560800,2026-03-03,Optimism,native-oft,148481011,9391961.621543,ok
1772560800,2026-03-03,Optimism_L1Bridge,legacy-escrow,24578577,146298488.397616,ok
1772560800,2026-03-03,Plasma,native-oft,15629042,1223858117.486920,ok
1772560800,2026-03-03,Polygon,upgraded-in-place,83720384,911371449.689526,ok
1772560800,2026-03-03,Polygon_ERC20Pred,legacy-escrow,24578577,0.000000,ok
1772560800,2026-03-03,Rootstock,native-oft,8586995,1309224.958956,ok
1772560800,2026-03-03,Stable,native-oft,,0.000000,pre-history
1772560800,2026-03-03,Tempo,native-oft,7553972,0.000000,ok
1772560800,2026-03-03,USDT0_lockbox,collateral,24578577,4361662548.109695,ok
1772560800,2026-03-03,Unichain,native-oft,41812441,34694480.072113,ok
1772560800,2026-03-03,XLayer,native-oft,53791764,50204807.937834,ok
1772733600,2026-03-05,Arbitrum,upgraded-in-place,438670857,905126057.184536,ok
1772733600,2026-03-05,Arbitrum_L1Gateway,legacy-escrow,24592920,138945.387741,ok
1772733600,2026-03-05,Berachain,native-oft,17859442,45930825.099635,ok
1772733600,2026-03-05,Conflux,native-oft,142510529,2952046.792680,ok
1772733600,2026-03-05,Flare,native-oft,56539225,44933306.247061,ok
1772733600,2026-03-05,HyperEVM,native-oft,28953878,137335130.858004,ok
1772733600,2026-03-05,Ink,native-oft,39235189,241502204.532395,ok
1772733600,2026-03-05,Mantle,native-oft,92301644,614048914.611273,ok
1772733600,2026-03-05,Monad,native-oft,59472334,0.000000,not-deployed
1772733600,2026-03-05,Morph,native-oft,21231208,2010628.858898,ok
1772733600,2026-03-05,Optimism,native-oft,148567411,9426221.015217,ok
1772733600,2026-03-05,Optimism_L1Bridge,legacy-escrow,24592920,146298488.397616,ok
1772733600,2026-03-05,Plasma,native-oft,15801842,1092397789.064145,ok
1772733600,2026-03-05,Polygon,upgraded-in-place,83806784,901822919.874754,ok
1772733600,2026-03-05,Polygon_ERC20Pred,legacy-escrow,24592920,0.000000,ok
1772733600,2026-03-05,Rootstock,native-oft,8593880,1333093.640607,ok
1772733600,2026-03-05,Stable,native-oft,,0.000000,pre-history
1772733600,2026-03-05,Tempo,native-oft,7872729,0.000000,ok
1772733600,2026-03-05,USDT0_lockbox,collateral,24592920,4238117946.924245,ok
1772733600,2026-03-05,Unichain,native-oft,41985241,32902049.368434,ok
1772733600,2026-03-05,XLayer,native-oft,53964564,49807580.084959,ok
1772906400,2026-03-07,Arbitrum,upgraded-in-place,439363309,892770797.403656,ok
1772906400,2026-03-07,Arbitrum_L1Gateway,legacy-escrow,24607222,138945.387741,ok
1772906400,2026-03-07,Berachain,native-oft,17945842,45796630.093621,ok
1772906400,2026-03-07,Conflux,native-oft,142654474,2874399.190030,ok
1772906400,2026-03-07,Flare,native-oft,56640227,43051893.117436,ok
1772906400,2026-03-07,HyperEVM,native-oft,29129558,139507450.872286,ok
1772906400,2026-03-07,Ink,native-oft,39407989,240762636.144993,ok
1772906400,2026-03-07,Mantle,native-oft,92388044,702098207.641466,ok
1772906400,2026-03-07,Monad,native-oft,59904269,0.000000,not-deployed
1772906400,2026-03-07,Morph,native-oft,21277351,2010535.417373,ok
1772906400,2026-03-07,Optimism,native-oft,148653811,9440197.040379,ok
1772906400,2026-03-07,Optimism_L1Bridge,legacy-escrow,24607222,146300777.187616,ok
1772906400,2026-03-07,Plasma,native-oft,15974642,1083934260.587600,ok
1772906400,2026-03-07,Polygon,upgraded-in-place,83893183,895362945.490327,ok
1772906400,2026-03-07,Polygon_ERC20Pred,legacy-escrow,24607222,0.000000,ok
1772906400,2026-03-07,Rootstock,native-oft,8600757,1325182.094352,ok
1772906400,2026-03-07,Stable,native-oft,,0.000000,pre-history
1772906400,2026-03-07,Tempo,native-oft,8191206,0.000000,ok
1772906400,2026-03-07,USDT0_lockbox,collateral,24607222,4278135045.276586,ok
1772906400,2026-03-07,Unichain,native-oft,42158041,32096665.763233,ok
1772906400,2026-03-07,XLayer,native-oft,54137364,51202116.512202,ok
1773079200,2026-03-09,Arbitrum,upgraded-in-place,440055022,881500800.033531,ok
1773079200,2026-03-09,Arbitrum_L1Gateway,legacy-escrow,24621565,138945.387741,ok
1773079200,2026-03-09,Berachain,native-oft,18032242,45376919.908533,ok
1773079200,2026-03-09,Conflux,native-oft,142798910,2947980.339743,ok
1773079200,2026-03-09,Flare,native-oft,56741328,43395158.426253,ok
1773079200,2026-03-09,HyperEVM,native-oft,29305238,141896670.442537,ok
1773079200,2026-03-09,Ink,native-oft,39580789,242260008.827803,ok
1773079200,2026-03-09,Mantle,native-oft,92474444,726730334.775102,ok
1773079200,2026-03-09,Monad,native-oft,60336556,0.000000,not-deployed
1773079200,2026-03-09,Morph,native-oft,21324073,2010518.865473,ok
1773079200,2026-03-09,Optimism,native-oft,148740211,9382222.239914,ok
1773079200,2026-03-09,Optimism_L1Bridge,legacy-escrow,24621565,146434465.069089,ok
1773079200,2026-03-09,Plasma,native-oft,16147442,1087893938.309828,ok
1773079200,2026-03-09,Polygon,upgraded-in-place,83979583,895463445.221522,ok
1773079200,2026-03-09,Polygon_ERC20Pred,legacy-escrow,24621565,0.000000,ok
1773079200,2026-03-09,Rootstock,native-oft,8607728,1325300.777984,ok
1773079200,2026-03-09,Stable,native-oft,,0.000000,pre-history
1773079200,2026-03-09,Tempo,native-oft,8509873,0.000000,ok
1773079200,2026-03-09,USDT0_lockbox,collateral,24621565,4284270335.562320,ok
1773079200,2026-03-09,Unichain,native-oft,42330841,28313573.047114,ok
1773079200,2026-03-09,XLayer,native-oft,54310164,38977667.313977,ok
1773252000,2026-03-11,Arbitrum,upgraded-in-place,440745691,886260715.716081,ok
1773252000,2026-03-11,Arbitrum_L1Gateway,legacy-escrow,24635873,138945.387741,ok
1773252000,2026-03-11,Berachain,native-oft,18118642,48028098.540960,ok
1773252000,2026-03-11,Conflux,native-oft,142941969,3180496.336834,ok
1773252000,2026-03-11,Flare,native-oft,56842765,42863395.664613,ok
1773252000,2026-03-11,HyperEVM,native-oft,29480918,142975056.332906,ok
1773252000,2026-03-11,Ink,native-oft,39753589,244181861.849865,ok
1773252000,2026-03-11,Mantle,native-oft,92560844,542380757.922469,ok
1773252000,2026-03-11,Monad,native-oft,60768868,0.000000,not-deployed
1773252000,2026-03-11,Morph,native-oft,21371336,2516519.685720,ok
1773252000,2026-03-11,Optimism,native-oft,148826611,14324650.351182,ok
1773252000,2026-03-11,Optimism_L1Bridge,legacy-escrow,24635873,149282081.799089,ok
1773252000,2026-03-11,Plasma,native-oft,16320242,1200780015.557931,ok
1773252000,2026-03-11,Polygon,upgraded-in-place,84065983,900345359.430819,ok
1773252000,2026-03-11,Polygon_ERC20Pred,legacy-escrow,24635873,0.000000,ok
1773252000,2026-03-11,Rootstock,native-oft,8614672,1325490.810852,ok
1773252000,2026-03-11,Stable,native-oft,,0.000000,pre-history
1773252000,2026-03-11,Tempo,native-oft,8828884,0.000000,ok
1773252000,2026-03-11,USDT0_lockbox,collateral,24635873,4285945164.300917,ok
1773252000,2026-03-11,Unichain,native-oft,42503641,33701531.973985,ok
1773252000,2026-03-11,XLayer,native-oft,54482964,50011713.428438,ok
1773424800,2026-03-13,Arbitrum,upgraded-in-place,441436482,892961411.489038,ok
1773424800,2026-03-13,Arbitrum_L1Gateway,legacy-escrow,24650197,138945.387741,ok
1773424800,2026-03-13,Berachain,native-oft,18205042,48060455.000401,ok
1773424800,2026-03-13,Conflux,native-oft,143080581,3193220.255303,ok
1773424800,2026-03-13,Flare,native-oft,56945772,37452908.924540,ok
1773424800,2026-03-13,HyperEVM,native-oft,29656598,156503560.781688,ok
1773424800,2026-03-13,Ink,native-oft,39926389,238723064.713847,ok
1773424800,2026-03-13,Mantle,native-oft,92647244,535851081.732092,ok
1773424800,2026-03-13,Monad,native-oft,61200855,0.000000,not-deployed
1773424800,2026-03-13,Morph,native-oft,21417621,2526686.658449,ok
1773424800,2026-03-13,Optimism,native-oft,148913011,14289081.604207,ok
1773424800,2026-03-13,Optimism_L1Bridge,legacy-escrow,24650197,149282081.799089,ok
1773424800,2026-03-13,Plasma,native-oft,16493042,1258196015.995701,ok
1773424800,2026-03-13,Polygon,upgraded-in-place,84152383,893256995.231564,ok
1773424800,2026-03-13,Polygon_ERC20Pred,legacy-escrow,24650197,0.000000,ok
1773424800,2026-03-13,Rootstock,native-oft,8621605,1716829.182927,ok
1773424800,2026-03-13,Stable,native-oft,,0.000000,pre-history
1773424800,2026-03-13,Tempo,native-oft,9159268,0.000000,ok
1773424800,2026-03-13,USDT0_lockbox,collateral,24650197,4307570648.023627,ok
1773424800,2026-03-13,Unichain,native-oft,42676441,35040045.124245,ok
1773424800,2026-03-13,XLayer,native-oft,54655764,48664284.154360,ok
1773597600,2026-03-15,Arbitrum,upgraded-in-place,442126415,896784916.411309,ok
1773597600,2026-03-15,Arbitrum_L1Gateway,legacy-escrow,24664544,138945.387741,ok
1773597600,2026-03-15,Berachain,native-oft,18291442,48036125.367500,ok
1773597600,2026-03-15,Conflux,native-oft,143224068,3194559.884196,ok
1773597600,2026-03-15,Flare,native-oft,57047189,38459815.381997,ok
1773597600,2026-03-15,HyperEVM,native-oft,29832189,157006901.122475,ok
1773597600,2026-03-15,Ink,native-oft,40099189,238969093.601243,ok
1773597600,2026-03-15,Mantle,native-oft,92733644,521998131.024598,ok
1773597600,2026-03-15,Monad,native-oft,61633391,0.000000,not-deployed
1773597600,2026-03-15,Morph,native-oft,21461810,2536896.922759,ok
1773597600,2026-03-15,Optimism,native-oft,148999411,14242220.328454,ok
1773597600,2026-03-15,Optimism_L1Bridge,legacy-escrow,24664544,150335139.560766,ok
1773597600,2026-03-15,Plasma,native-oft,16665842,1251494109.474102,ok
1773597600,2026-03-15,Polygon,upgraded-in-place,84238783,895750665.587148,ok
1773597600,2026-03-15,Polygon_ERC20Pred,legacy-escrow,24664544,0.000000,ok
1773597600,2026-03-15,Rootstock,native-oft,8628478,1690714.119927,ok
1773597600,2026-03-15,Stable,native-oft,,0.000000,pre-history
1773597600,2026-03-15,Tempo,native-oft,9510893,0.000000,ok
1773597600,2026-03-15,USDT0_lockbox,collateral,24664544,4296802441.713863,ok
1773597600,2026-03-15,Unichain,native-oft,42849241,34210279.933342,ok
1773597600,2026-03-15,XLayer,native-oft,54828564,49443621.613849,ok
1773770400,2026-03-17,Arbitrum,upgraded-in-place,442814727,906672091.826652,ok
1773770400,2026-03-17,Arbitrum_L1Gateway,legacy-escrow,24678858,138945.387741,ok
1773770400,2026-03-17,Berachain,native-oft,18377842,48052455.565437,ok
1773770400,2026-03-17,Conflux,native-oft,143368008,3143110.388146,ok
1773770400,2026-03-17,Flare,native-oft,57154340,38775587.962888,ok
1773770400,2026-03-17,HyperEVM,native-oft,30007869,157684404.680257,ok
1773770400,2026-03-17,Ink,native-oft,40271989,238919847.800569,ok
1773770400,2026-03-17,Mantle,native-oft,92820044,513791148.466580,ok
1773770400,2026-03-17,Monad,native-oft,62065480,0.000000,not-deployed
1773770400,2026-03-17,Morph,native-oft,21508618,2565699.553766,ok
1773770400,2026-03-17,Optimism,native-oft,149085811,14221696.647926,ok
1773770400,2026-03-17,Optimism_L1Bridge,legacy-escrow,24678858,151538605.411739,ok
1773770400,2026-03-17,Plasma,native-oft,16838642,1177568837.713725,ok
1773770400,2026-03-17,Polygon,upgraded-in-place,84325183,895060398.648286,ok
1773770400,2026-03-17,Polygon_ERC20Pred,legacy-escrow,24678858,0.000000,ok
1773770400,2026-03-17,Rootstock,native-oft,8635430,1633263.962420,ok
1773770400,2026-03-17,Stable,native-oft,,0.000000,pre-history
1773770400,2026-03-17,Tempo,native-oft,9859984,0.000000,ok
1773770400,2026-03-17,USDT0_lockbox,collateral,24678858,4219704621.108496,ok
1773770400,2026-03-17,Unichain,native-oft,43022041,32503465.639142,ok
1773770400,2026-03-17,XLayer,native-oft,55001364,47829734.227927,ok
1773943200,2026-03-19,Arbitrum,upgraded-in-place,443505756,896135701.691397,ok
1773943200,2026-03-19,Arbitrum_L1Gateway,legacy-escrow,24693186,138945.387741,ok
1773943200,2026-03-19,Berachain,native-oft,18464242,48102771.492916,ok
1773943200,2026-03-19,Conflux,native-oft,143514190,3145998.391032,ok
1773943200,2026-03-19,Flare,native-oft,57263119,35734913.783291,ok
1773943200,2026-03-19,HyperEVM,native-oft,30183549,153205367.306203,ok
1773943200,2026-03-19,Ink,native-oft,40444789,232038315.983306,ok
1773943200,2026-03-19,Mantle,native-oft,92906444,504701679.973898,ok
1773943200,2026-03-19,Monad,native-oft,62497742,0.000000,not-deployed
1773943200,2026-03-19,Morph,native-oft,21556392,2550829.767216,ok
1773943200,2026-03-19,Optimism,native-oft,149172211,14221820.899680,ok
1773943200,2026-03-19,Optimism_L1Bridge,legacy-escrow,24693186,149922841.411739,ok
1773943200,2026-03-19,Plasma,native-oft,17011442,1161447547.224587,ok
1773943200,2026-03-19,Polygon,upgraded-in-place,84411583,888695499.625588,ok
1773943200,2026-03-19,Polygon_ERC20Pred,legacy-escrow,24693186,0.000000,ok
1773943200,2026-03-19,Rootstock,native-oft,8642425,1614497.505203,ok
1773943200,2026-03-19,Stable,native-oft,,0.000000,pre-history
1773943200,2026-03-19,Tempo,native-oft,10210315,4.000000,ok
1773943200,2026-03-19,USDT0_lockbox,collateral,24693186,4171132661.493709,ok
1773943200,2026-03-19,Unichain,native-oft,43194841,35615793.981250,ok
1773943200,2026-03-19,XLayer,native-oft,55174164,49045926.824237,ok
1774116000,2026-03-21,Arbitrum,upgraded-in-place,444197348,887027008.359059,ok
1774116000,2026-03-21,Arbitrum_L1Gateway,legacy-escrow,24707535,138945.387741,ok
1774116000,2026-03-21,Berachain,native-oft,18550642,47921394.186608,ok
1774116000,2026-03-21,Conflux,native-oft,143655506,3147389.446679,ok
1774116000,2026-03-21,Flare,native-oft,57368895,35718443.161964,ok
1774116000,2026-03-21,HyperEVM,native-oft,30359137,157114453.520120,ok
1774116000,2026-03-21,Ink,native-oft,40617589,234431547.800354,ok
1774116000,2026-03-21,Mantle,native-oft,92992844,492021351.615660,ok
1774116000,2026-03-21,Monad,native-oft,62930004,0.000000,not-deployed
1774116000,2026-03-21,Morph,native-oft,21601839,2541612.408806,ok
1774116000,2026-03-21,Optimism,native-oft,149258611,14293075.357405,ok
1774116000,2026-03-21,Optimism_L1Bridge,legacy-escrow,24707535,149922841.411739,ok
1774116000,2026-03-21,Plasma,native-oft,17184242,1100361106.116554,ok
1774116000,2026-03-21,Polygon,upgraded-in-place,84497983,886015254.782060,ok
1774116000,2026-03-21,Polygon_ERC20Pred,legacy-escrow,24707535,0.000000,ok
1774116000,2026-03-21,Rootstock,native-oft,8649346,1592368.787945,ok
1774116000,2026-03-21,Stable,native-oft,,0.000000,pre-history
1774116000,2026-03-21,Tempo,native-oft,10561602,6.000000,ok
1774116000,2026-03-21,USDT0_lockbox,collateral,24707535,4097786989.811505,ok
1774116000,2026-03-21,Unichain,native-oft,43367641,34614156.683621,ok
1774116000,2026-03-21,XLayer,native-oft,55346964,49622090.786924,ok
1774288800,2026-03-23,Arbitrum,upgraded-in-place,444888685,900772421.909516,ok
1774288800,2026-03-23,Arbitrum_L1Gateway,legacy-escrow,24721866,138945.387741,ok
1774288800,2026-03-23,Berachain,native-oft,18637042,47700973.740277,ok
1774288800,2026-03-23,Conflux,native-oft,143796457,3130138.478387,ok
1774288800,2026-03-23,Flare,native-oft,57477804,36069111.486681,ok
1774288800,2026-03-23,HyperEVM,native-oft,30534817,158506894.066076,ok
1774288800,2026-03-23,Ink,native-oft,40790389,233486823.862299,ok
1774288800,2026-03-23,Mantle,native-oft,93079244,488376923.282454,ok
1774288800,2026-03-23,Monad,native-oft,63361774,0.000000,not-deployed
1774288800,2026-03-23,Morph,native-oft,21652640,2512811.943156,ok
1774288800,2026-03-23,Optimism,native-oft,149345011,14175982.948769,ok
1774288800,2026-03-23,Optimism_L1Bridge,legacy-escrow,24721866,149984928.085136,ok
1774288800,2026-03-23,Plasma,native-oft,17357042,1172683408.665575,ok
1774288800,2026-03-23,Polygon,upgraded-in-place,84584382,896626100.963996,ok
1774288800,2026-03-23,Polygon_ERC20Pred,legacy-escrow,24721866,0.000000,ok
1774288800,2026-03-23,Rootstock,native-oft,8656265,1559209.033445,ok
1774288800,2026-03-23,Stable,native-oft,,0.000000,pre-history
1774288800,2026-03-23,Tempo,native-oft,10913035,8.200000,ok
1774288800,2026-03-23,USDT0_lockbox,collateral,24721866,4189753866.759748,ok
1774288800,2026-03-23,Unichain,native-oft,43540441,33285662.991702,ok
1774288800,2026-03-23,XLayer,native-oft,55519764,49377869.301485,ok
1774461600,2026-03-25,Arbitrum,upgraded-in-place,445580633,905818265.163970,ok
1774461600,2026-03-25,Arbitrum_L1Gateway,legacy-escrow,24736213,138945.387741,ok
1774461600,2026-03-25,Berachain,native-oft,18723442,47683403.980510,ok
1774461600,2026-03-25,Conflux,native-oft,143936323,3128481.330105,ok
1774461600,2026-03-25,Flare,native-oft,57583940,33174860.047477,ok
1774461600,2026-03-25,HyperEVM,native-oft,30710497,159132400.466125,ok
1774461600,2026-03-25,Ink,native-oft,40963189,236661708.783288,ok
1774461600,2026-03-25,Mantle,native-oft,93165644,494765971.237840,ok
1774461600,2026-03-25,Monad,native-oft,63793671,0.000000,not-deployed
1774461600,2026-03-25,Morph,native-oft,21699861,2471580.782760,ok
1774461600,2026-03-25,Optimism,native-oft,149431411,14814861.678955,ok
1774461600,2026-03-25,Optimism_L1Bridge,legacy-escrow,24736213,148712436.498214,ok
1774461600,2026-03-25,Plasma,native-oft,17529737,1112854830.063771,ok
1774461600,2026-03-25,Polygon,upgraded-in-place,84670782,902342238.064338,ok
1774461600,2026-03-25,Polygon_ERC20Pred,legacy-escrow,24736213,0.000000,ok
1774461600,2026-03-25,Rootstock,native-oft,8663213,1570506.506564,ok
1774461600,2026-03-25,Stable,native-oft,,0.000000,pre-history
1774461600,2026-03-25,Tempo,native-oft,11264470,18.200001,ok
1774461600,2026-03-25,USDT0_lockbox,collateral,24736213,4150754621.041494,ok
1774461600,2026-03-25,Unichain,native-oft,43713241,36262848.728930,ok
1774461600,2026-03-25,XLayer,native-oft,55692564,51815554.344791,ok
1774634400,2026-03-27,Arbitrum,upgraded-in-place,446272972,903627052.382222,ok
1774634400,2026-03-27,Arbitrum_L1Gateway,legacy-escrow,24750543,138945.387741,ok
1774634400,2026-03-27,Berachain,native-oft,18809842,45379070.444659,ok
1774634400,2026-03-27,Conflux,native-oft,144077544,3238021.180326,ok
1774634400,2026-03-27,Flare,native-oft,57690520,33368403.746140,ok
1774634400,2026-03-27,HyperEVM,native-oft,30886177,162882793.804825,ok
1774634400,2026-03-27,Ink,native-oft,41135989,233263848.543671,ok
1774634400,2026-03-27,Mantle,native-oft,93252044,486051405.158728,ok
1774634400,2026-03-27,Monad,native-oft,64225508,0.000000,not-deployed
1774634400,2026-03-27,Morph,native-oft,21745922,2450393.329280,ok
1774634400,2026-03-27,Optimism,native-oft,149517811,14824531.782562,ok
1774634400,2026-03-27,Optimism_L1Bridge,legacy-escrow,24750543,148740518.742616,ok
1774634400,2026-03-27,Plasma,native-oft,17702537,1145339711.937050,ok
1774634400,2026-03-27,Polygon,upgraded-in-place,84757182,912144796.059944,ok
1774634400,2026-03-27,Polygon_ERC20Pred,legacy-escrow,24750543,0.000000,ok
1774634400,2026-03-27,Rootstock,native-oft,8670202,1685591.621771,ok
1774634400,2026-03-27,Stable,native-oft,,0.000000,pre-history
1774634400,2026-03-27,Tempo,native-oft,11616016,285056.470169,ok
1774634400,2026-03-27,USDT0_lockbox,collateral,24750543,4188514675.203970,ok
1774634400,2026-03-27,Unichain,native-oft,43886041,39773329.812338,ok
1774634400,2026-03-27,XLayer,native-oft,55865364,52866543.452399,ok
1774807200,2026-03-29,Arbitrum,upgraded-in-place,446961288,900831628.477635,ok
1774807200,2026-03-29,Arbitrum_L1Gateway,legacy-escrow,24764894,138945.387741,ok
1774807200,2026-03-29,Berachain,native-oft,18896242,44817940.120846,ok
1774807200,2026-03-29,Conflux,native-oft,144218496,3252966.206218,ok
1774807200,2026-03-29,Flare,native-oft,57796047,32964774.661603,ok
1774807200,2026-03-29,HyperEVM,native-oft,31061857,163731419.306764,ok
1774807200,2026-03-29,Ink,native-oft,41308789,239781898.409872,ok
1774807200,2026-03-29,Mantle,native-oft,93338444,483347028.532248,ok
1774807200,2026-03-29,Monad,native-oft,64657760,0.000000,not-deployed
1774807200,2026-03-29,Morph,native-oft,21790666,2444490.098975,ok
1774807200,2026-03-29,Optimism,native-oft,149604211,14793071.806996,ok
1774807200,2026-03-29,Optimism_L1Bridge,legacy-escrow,24764894,148741638.395617,ok
1774807200,2026-03-29,Plasma,native-oft,17875337,1175003673.260186,ok
1774807200,2026-03-29,Polygon,upgraded-in-place,84843582,905438726.189974,ok
1774807200,2026-03-29,Polygon_ERC20Pred,legacy-escrow,24764894,0.000000,ok
1774807200,2026-03-29,Rootstock,native-oft,8677139,1773409.004661,ok
1774807200,2026-03-29,Stable,native-oft,,0.000000,pre-history
1774807200,2026-03-29,Tempo,native-oft,11967776,287103.929791,ok
1774807200,2026-03-29,USDT0_lockbox,collateral,24764894,4213035823.958866,ok
1774807200,2026-03-29,Unichain,native-oft,44058841,40594232.377604,ok
1774807200,2026-03-29,XLayer,native-oft,56038164,55692777.325028,ok
1774980000,2026-03-31,Arbitrum,upgraded-in-place,447650622,914371256.158335,ok
1774980000,2026-03-31,Arbitrum_L1Gateway,legacy-escrow,24779239,138945.387741,ok
1774980000,2026-03-31,Berachain,native-oft,18982642,44522653.103959,ok
1774980000,2026-03-31,Conflux,native-oft,144361291,3224940.484157,ok
1774980000,2026-03-31,Flare,native-oft,57906412,31793474.636906,ok
1774980000,2026-03-31,HyperEVM,native-oft,31237537,163724521.862179,ok
1774980000,2026-03-31,Ink,native-oft,41481589,240679281.567336,ok
1774980000,2026-03-31,Mantle,native-oft,93424844,485272427.789497,ok
1774980000,2026-03-31,Monad,native-oft,65089712,0.000000,not-deployed
1774980000,2026-03-31,Morph,native-oft,21840077,2448028.602463,ok
1774980000,2026-03-31,Optimism,native-oft,149690611,14827548.805538,ok
1774980000,2026-03-31,Optimism_L1Bridge,legacy-escrow,24779239,150477923.362720,ok
1774980000,2026-03-31,Plasma,native-oft,18048137,1154602345.223336,ok
1774980000,2026-03-31,Polygon,upgraded-in-place,84929981,876917271.112745,ok
1774980000,2026-03-31,Polygon_ERC20Pred,legacy-escrow,24779239,0.000000,ok
1774980000,2026-03-31,Rootstock,native-oft,8684107,1763565.544998,ok
1774980000,2026-03-31,Stable,native-oft,,0.000000,pre-history
1774980000,2026-03-31,Tempo,native-oft,12319553,286729.471178,ok
1774980000,2026-03-31,USDT0_lockbox,collateral,24779239,4173576917.949954,ok
1774980000,2026-03-31,Unichain,native-oft,44231641,40778688.738237,ok
1774980000,2026-03-31,XLayer,native-oft,56210964,53195703.023678,ok
1775152800,2026-04-02,Arbitrum,upgraded-in-place,448341474,939931990.300060,ok
1775152800,2026-04-02,Arbitrum_L1Gateway,legacy-escrow,24793577,138945.387741,ok
1775152800,2026-04-02,Berachain,native-oft,19069042,45088816.089817,ok
1775152800,2026-04-02,Conflux,native-oft,144506779,3139572.370326,ok
1775152800,2026-04-02,Flare,native-oft,58021317,31154389.229205,ok
1775152800,2026-04-02,HyperEVM,native-oft,31413217,163638699.276638,ok
1775152800,2026-04-02,Ink,native-oft,41654389,225675545.077601,ok
1775152800,2026-04-02,Mantle,native-oft,93511244,472498820.154847,ok
1775152800,2026-04-02,Monad,native-oft,65521782,0.000000,not-deployed
1775152800,2026-04-02,Morph,native-oft,21887476,2451311.681703,ok
1775152800,2026-04-02,Optimism,native-oft,149777011,14480378.262526,ok
1775152800,2026-04-02,Optimism_L1Bridge,legacy-escrow,24793577,150561334.700530,ok
1775152800,2026-04-02,Plasma,native-oft,18220937,1155333756.749398,ok
1775152800,2026-04-02,Polygon,upgraded-in-place,85016381,858208392.095119,ok
1775152800,2026-04-02,Polygon_ERC20Pred,legacy-escrow,24793577,0.000000,ok
1775152800,2026-04-02,Rootstock,native-oft,8691068,1773359.712773,ok
1775152800,2026-04-02,Stable,native-oft,,0.000000,pre-history
1775152800,2026-04-02,Tempo,native-oft,12671232,286659.872980,ok
1775152800,2026-04-02,USDT0_lockbox,collateral,24793577,4148394107.987738,ok
1775152800,2026-04-02,Unichain,native-oft,44404441,33990673.286558,ok
1775152800,2026-04-02,XLayer,native-oft,56383764,51647673.952098,ok
1775325600,2026-04-04,Arbitrum,upgraded-in-place,449031199,943994362.333028,ok
1775325600,2026-04-04,Arbitrum_L1Gateway,legacy-escrow,24807935,138945.387741,ok
1775325600,2026-04-04,Berachain,native-oft,19155442,40109713.348859,ok
1775325600,2026-04-04,Conflux,native-oft,144648360,3274420.057985,ok
1775325600,2026-04-04,Flare,native-oft,58127965,30404629.847983,ok
1775325600,2026-04-04,HyperEVM,native-oft,31588813,163789095.114150,ok
1775325600,2026-04-04,Ink,native-oft,41827189,239107641.791329,ok
1775325600,2026-04-04,Mantle,native-oft,93597644,482419968.582944,ok
1775325600,2026-04-04,Monad,native-oft,65953966,0.000000,not-deployed
1775325600,2026-04-04,Morph,native-oft,21931702,2451311.681704,ok
1775325600,2026-04-04,Optimism,native-oft,149863411,9789832.223465,ok
1775325600,2026-04-04,Optimism_L1Bridge,legacy-escrow,24807935,150562063.562285,ok
1775325600,2026-04-04,Plasma,native-oft,18393737,1075411875.180361,ok
1775325600,2026-04-04,Polygon,upgraded-in-place,85102781,859037952.343593,ok
1775325600,2026-04-04,Polygon_ERC20Pred,legacy-escrow,24807935,0.000000,ok
1775325600,2026-04-04,Rootstock,native-oft,8698040,1721465.972381,ok
1775325600,2026-04-04,Stable,native-oft,,0.000000,pre-history
1775325600,2026-04-04,Tempo,native-oft,13022967,293070.716484,ok
1775325600,2026-04-04,USDT0_lockbox,collateral,24807935,4075472778.922871,ok
1775325600,2026-04-04,Unichain,native-oft,44577241,35146615.223606,ok
1775325600,2026-04-04,XLayer,native-oft,56556564,38926296.281626,ok
1775498400,2026-04-06,Arbitrum,upgraded-in-place,449721584,950271217.571119,ok
1775498400,2026-04-06,Arbitrum_L1Gateway,legacy-escrow,24822284,138945.387741,ok
1775498400,2026-04-06,Berachain,native-oft,19241842,40147052.170329,ok
1775498400,2026-04-06,Conflux,native-oft,144793636,3167298.158736,ok
1775498400,2026-04-06,Flare,native-oft,58234404,32981417.922308,ok
1775498400,2026-04-06,HyperEVM,native-oft,31764493,163202715.371396,ok
1775498400,2026-04-06,Ink,native-oft,41999989,236273064.233491,ok
1775498400,2026-04-06,Mantle,native-oft,93684044,474140093.794708,ok
1775498400,2026-04-06,Monad,native-oft,66385842,0.000000,not-deployed
1775498400,2026-04-06,Morph,native-oft,21977778,2454949.454363,ok
1775498400,2026-04-06,Optimism,native-oft,149949811,9777220.983012,ok
1775498400,2026-04-06,Optimism_L1Bridge,legacy-escrow,24822284,150562073.454228,ok
1775498400,2026-04-06,Plasma,native-oft,18566537,1149093095.235432,ok
1775498400,2026-04-06,Polygon,upgraded-in-place,85189181,866420721.477575,ok
1775498400,2026-04-06,Polygon_ERC20Pred,legacy-escrow,24822284,0.000000,ok
1775498400,2026-04-06,Rootstock,native-oft,8704992,1711613.247316,ok
1775498400,2026-04-06,Stable,native-oft,,0.000000,pre-history
1775498400,2026-04-06,Tempo,native-oft,13374825,293279.519334,ok
1775498400,2026-04-06,USDT0_lockbox,collateral,24822284,4155531300.494582,ok
1775498400,2026-04-06,Unichain,native-oft,44750041,34423677.900421,ok
1775498400,2026-04-06,XLayer,native-oft,56729364,39715651.431613,ok
1775671200,2026-04-08,Arbitrum,upgraded-in-place,450413835,977173823.713192,ok
1775671200,2026-04-08,Arbitrum_L1Gateway,legacy-escrow,24836641,138945.387741,ok
1775671200,2026-04-08,Berachain,native-oft,19328242,40155162.143300,ok
1775671200,2026-04-08,Conflux,native-oft,144932996,3199444.475036,ok
1775671200,2026-04-08,Flare,native-oft,58344287,30846436.078944,ok
1775671200,2026-04-08,HyperEVM,native-oft,31940173,164896482.041041,ok
1775671200,2026-04-08,Ink,native-oft,42172789,236282965.325817,ok
1775671200,2026-04-08,Mantle,native-oft,93770444,466619100.117021,ok
1775671200,2026-04-08,Monad,native-oft,66816138,0.000000,not-deployed
1775671200,2026-04-08,Morph,native-oft,22025520,2467658.041390,ok
1775671200,2026-04-08,Optimism,native-oft,150036211,9558356.641108,ok
1775671200,2026-04-08,Optimism_L1Bridge,legacy-escrow,24836641,158180863.662771,ok
1775671200,2026-04-08,Plasma,native-oft,18739337,1063108497.667060,ok
1775671200,2026-04-08,Polygon,upgraded-in-place,85275581,857300485.345839,ok
1775671200,2026-04-08,Polygon_ERC20Pred,legacy-escrow,24836641,0.000000,ok
1775671200,2026-04-08,Rootstock,native-oft,8711973,1803272.908728,ok
1775671200,2026-04-08,Stable,native-oft,,0.000000,pre-history
1775671200,2026-04-08,Tempo,native-oft,13726477,293394.025035,ok
1775671200,2026-04-08,USDT0_lockbox,collateral,24836641,4073033755.165412,ok
1775671200,2026-04-08,Unichain,native-oft,44922841,32093143.138451,ok
1775671200,2026-04-08,XLayer,native-oft,56902164,38427311.548591,ok
1775844000,2026-04-10,Arbitrum,upgraded-in-place,451104977,996758911.254533,ok
1775844000,2026-04-10,Arbitrum_L1Gateway,legacy-escrow,24850978,138945.387741,ok
1775844000,2026-04-10,Berachain,native-oft,19414642,39767018.103159,ok
1775844000,2026-04-10,Conflux,native-oft,145070729,3217671.159773,ok
1775844000,2026-04-10,Flare,native-oft,58454270,31879520.147743,ok
1775844000,2026-04-10,HyperEVM,native-oft,32115853,169687873.937752,ok
1775844000,2026-04-10,Ink,native-oft,42345589,231540269.091554,ok
1775844000,2026-04-10,Mantle,native-oft,93856844,461457793.431129,ok
1775844000,2026-04-10,Monad,native-oft,67247058,0.000000,not-deployed
1775844000,2026-04-10,Morph,native-oft,22073069,2480603.564130,ok
1775844000,2026-04-10,Optimism,native-oft,150122611,9537644.175859,ok
1775844000,2026-04-10,Optimism_L1Bridge,legacy-escrow,24850978,161216360.473269,ok
1775844000,2026-04-10,Plasma,native-oft,18912137,1072136763.999997,ok
1775844000,2026-04-10,Polygon,upgraded-in-place,85361981,854702490.595053,ok
1775844000,2026-04-10,Polygon_ERC20Pred,legacy-escrow,24850978,0.020000,ok
1775844000,2026-04-10,Rootstock,native-oft,8718963,1767348.485300,ok
1775844000,2026-04-10,Stable,native-oft,,0.000000,pre-history
1775844000,2026-04-10,Tempo,native-oft,14065077,295055.597460,ok
1775844000,2026-04-10,USDT0_lockbox,collateral,24850978,4092431613.747697,ok
1775844000,2026-04-10,Unichain,native-oft,45095641,31423359.157979,ok
1775844000,2026-04-10,XLayer,native-oft,57074964,38296094.393948,ok
1776016800,2026-04-12,Arbitrum,upgraded-in-place,451795740,995465067.858420,ok
1776016800,2026-04-12,Arbitrum_L1Gateway,legacy-escrow,24865325,138945.387741,ok
1776016800,2026-04-12,Berachain,native-oft,19501042,40657903.414085,ok
1776016800,2026-04-12,Conflux,native-oft,145212211,3314854.566869,ok
1776016800,2026-04-12,Flare,native-oft,58564757,30822593.831859,ok
1776016800,2026-04-12,HyperEVM,native-oft,32291533,170240575.432895,ok
1776016800,2026-04-12,Ink,native-oft,42518389,230687955.088511,ok
1776016800,2026-04-12,Mantle,native-oft,93943244,456080137.721951,ok
1776016800,2026-04-12,Monad,native-oft,67678758,0.000000,not-deployed
1776016800,2026-04-12,Morph,native-oft,22118960,2490750.757460,ok
1776016800,2026-04-12,Optimism,native-oft,150209011,9540429.683187,ok
1776016800,2026-04-12,Optimism_L1Bridge,legacy-escrow,24865325,162821256.100587,ok
1776016800,2026-04-12,Plasma,native-oft,19084937,1097429493.948632,ok
1776016800,2026-04-12,Polygon,upgraded-in-place,85448381,850837369.320719,ok
1776016800,2026-04-12,Polygon_ERC20Pred,legacy-escrow,24865325,0.020000,ok
1776016800,2026-04-12,Rootstock,native-oft,8725804,1775386.977343,ok
1776016800,2026-04-12,Stable,native-oft,,0.000000,pre-history
1776016800,2026-04-12,Tempo,native-oft,14409699,293248.424460,ok
1776016800,2026-04-12,USDT0_lockbox,collateral,24865325,4108455649.979658,ok
1776016800,2026-04-12,Unichain,native-oft,45268441,36468384.640913,ok
1776016800,2026-04-12,XLayer,native-oft,57247764,37127151.889126,ok
1776189600,2026-04-14,Arbitrum,upgraded-in-place,452484898,1012555415.598405,ok
1776189600,2026-04-14,Arbitrum_L1Gateway,legacy-escrow,24879686,138945.387741,ok
1776189600,2026-04-14,Berachain,native-oft,19587442,40454938.038927,ok
1776189600,2026-04-14,Conflux,native-oft,145353896,3302998.739771,ok
1776189600,2026-04-14,Flare,native-oft,58680102,31048917.664401,ok
1776189600,2026-04-14,HyperEVM,native-oft,32467128,171782532.127522,ok
1776189600,2026-04-14,Ink,native-oft,42691189,224911222.398817,ok
1776189600,2026-04-14,Mantle,native-oft,94029644,441586681.854039,ok
1776189600,2026-04-14,Monad,native-oft,68111093,0.000000,not-deployed
1776189600,2026-04-14,Morph,native-oft,22167342,2512013.236207,ok
1776189600,2026-04-14,Optimism,native-oft,150295411,9549985.965782,ok
1776189600,2026-04-14,Optimism_L1Bridge,legacy-escrow,24879686,171654176.852518,ok
1776189600,2026-04-14,Plasma,native-oft,19257737,903397453.239771,ok
1776189600,2026-04-14,Polygon,upgraded-in-place,85534778,854145164.159172,ok
1776189600,2026-04-14,Polygon_ERC20Pred,legacy-escrow,24879686,0.020000,ok
1776189600,2026-04-14,Rootstock,native-oft,8732772,1841867.107560,ok
1776189600,2026-04-14,Stable,native-oft,,0.000000,pre-history
1776189600,2026-04-14,Tempo,native-oft,14753982,459862.138260,ok
1776189600,2026-04-14,USDT0_lockbox,collateral,24879686,3911730869.634355,ok
1776189600,2026-04-14,Unichain,native-oft,45441241,33277929.398936,ok
1776189600,2026-04-14,XLayer,native-oft,57420564,36719053.342970,ok
1776362400,2026-04-16,Arbitrum,upgraded-in-place,453174326,1027866095.768441,ok
1776362400,2026-04-16,Arbitrum_L1Gateway,legacy-escrow,24894042,138945.387741,ok
1776362400,2026-04-16,Berachain,native-oft,19673842,39974336.964474,ok
1776362400,2026-04-16,Conflux,native-oft,145502864,3392305.204166,ok
1776362400,2026-04-16,Flare,native-oft,58830001,30722434.858073,ok
1776362400,2026-04-16,HyperEVM,native-oft,32642808,172616095.782314,ok
1776362400,2026-04-16,Ink,native-oft,42863989,225603538.479760,ok
1776362400,2026-04-16,Mantle,native-oft,94116044,442385763.307501,ok
1776362400,2026-04-16,Monad,native-oft,68543328,0.000000,not-deployed
1776362400,2026-04-16,Morph,native-oft,22214885,2533263.236207,ok
1776362400,2026-04-16,Optimism,native-oft,150381811,9680787.832916,ok
1776362400,2026-04-16,Optimism_L1Bridge,legacy-escrow,24894042,172401909.815956,ok
1776362400,2026-04-16,Plasma,native-oft,19430537,1022216264.040212,ok
1776362400,2026-04-16,Polygon,upgraded-in-place,85621178,836883477.698729,ok
1776362400,2026-04-16,Polygon_ERC20Pred,legacy-escrow,24894042,0.020000,ok
1776362400,2026-04-16,Rootstock,native-oft,8739774,1891522.870200,ok
1776362400,2026-04-16,Stable,native-oft,,0.000000,pre-history
1776362400,2026-04-16,Tempo,native-oft,15101437,477299.129877,ok
1776362400,2026-04-16,USDT0_lockbox,collateral,24894042,4029822912.228610,ok
1776362400,2026-04-16,Unichain,native-oft,45614041,31555908.747047,ok
1776362400,2026-04-16,XLayer,native-oft,57593364,40673455.712665,ok
1776535200,2026-04-18,Arbitrum,upgraded-in-place,453862676,1035779472.597719,ok
1776535200,2026-04-18,Arbitrum_L1Gateway,legacy-escrow,24908406,138945.387741,ok
1776535200,2026-04-18,Berachain,native-oft,19760242,40061450.627623,ok
1776535200,2026-04-18,Conflux,native-oft,145648447,3764910.812363,ok
1776535200,2026-04-18,Flare,native-oft,58981822,31521420.316052,ok
1776535200,2026-04-18,HyperEVM,native-oft,32818405,176295740.556456,ok
1776535200,2026-04-18,Ink,native-oft,43036789,230368689.172946,ok
1776535200,2026-04-18,Mantle,native-oft,94202444,440299497.895330,ok
1776535200,2026-04-18,Monad,native-oft,68972571,0.000000,not-deployed
1776535200,2026-04-18,Morph,native-oft,22263556,2548001.717249,ok
1776535200,2026-04-18,Optimism,native-oft,150468211,9652195.461836,ok
1776535200,2026-04-18,Optimism_L1Bridge,legacy-escrow,24908406,177732205.809058,ok
1776535200,2026-04-18,Plasma,native-oft,19603337,957672402.909418,ok
1776535200,2026-04-18,Polygon,upgraded-in-place,85707578,838557935.090289,ok
1776535200,2026-04-18,Polygon_ERC20Pred,legacy-escrow,24908406,0.020000,ok
1776535200,2026-04-18,Rootstock,native-oft,8746798,1893280.336495,ok
1776535200,2026-04-18,Stable,native-oft,,0.000000,pre-history
1776535200,2026-04-18,Tempo,native-oft,15449306,723803.693788,ok
1776535200,2026-04-18,USDT0_lockbox,collateral,24908406,3987026006.847763,ok
1776535200,2026-04-18,Unichain,native-oft,45786841,33758660.449070,ok
1776535200,2026-04-18,XLayer,native-oft,57766164,41438574.323377,ok
1776708000,2026-04-20,Arbitrum,upgraded-in-place,454549935,1034168298.865453,ok
1776708000,2026-04-20,Arbitrum_L1Gateway,legacy-escrow,24922764,138945.387741,ok
1776708000,2026-04-20,Berachain,native-oft,19846642,40131983.400054,ok
1776708000,2026-04-20,Conflux,native-oft,145798634,3828169.113141,ok
1776708000,2026-04-20,Flare,native-oft,59134076,26587004.277099,ok
1776708000,2026-04-20,HyperEVM,native-oft,32994085,177921239.116690,ok
1776708000,2026-04-20,Ink,native-oft,43209589,224350886.688253,ok
1776708000,2026-04-20,Mantle,native-oft,94288844,339064316.253327,ok
1776708000,2026-04-20,Monad,native-oft,69400780,0.000000,not-deployed
1776708000,2026-04-20,Morph,native-oft,22313132,2552779.398899,ok
1776708000,2026-04-20,Optimism,native-oft,150554611,9646604.634518,ok
1776708000,2026-04-20,Optimism_L1Bridge,legacy-escrow,24922764,178853538.518721,ok
1776708000,2026-04-20,Plasma,native-oft,19776137,863690830.887921,ok
1776708000,2026-04-20,Polygon,upgraded-in-place,85793978,837480867.566716,ok
1776708000,2026-04-20,Polygon_ERC20Pred,legacy-escrow,24922764,0.020000,ok
1776708000,2026-04-20,Rootstock,native-oft,8753681,1889280.748424,ok
1776708000,2026-04-20,Stable,native-oft,,0.000000,pre-history
1776708000,2026-04-20,Tempo,native-oft,15797165,775967.510028,ok
1776708000,2026-04-20,USDT0_lockbox,collateral,24922764,3776607457.065313,ok
1776708000,2026-04-20,Unichain,native-oft,45959641,31535124.758802,ok
1776708000,2026-04-20,XLayer,native-oft,57938964,41462093.815246,ok
1776880800,2026-04-22,Arbitrum,upgraded-in-place,455238857,1017357749.724183,ok
1776880800,2026-04-22,Arbitrum_L1Gateway,legacy-escrow,24937122,138945.387741,ok
1776880800,2026-04-22,Berachain,native-oft,19933042,39107541.517721,ok
1776880800,2026-04-22,Conflux,native-oft,145949722,3476803.425779,ok
1776880800,2026-04-22,Flare,native-oft,59285533,28088970.271994,ok
1776880800,2026-04-22,HyperEVM,native-oft,33169765,177126536.018387,ok
1776880800,2026-04-22,Ink,native-oft,43382389,162669007.695999,ok
1776880800,2026-04-22,Mantle,native-oft,94375244,404780819.206680,ok
1776880800,2026-04-22,Monad,native-oft,69832927,0.000000,not-deployed
1776880800,2026-04-22,Morph,native-oft,22363712,2564142.983787,ok
1776880800,2026-04-22,Optimism,native-oft,150641011,9477585.328077,ok
1776880800,2026-04-22,Optimism_L1Bridge,legacy-escrow,24937122,180741028.485056,ok
1776880800,2026-04-22,Plasma,native-oft,19948937,828877733.497300,ok
1776880800,2026-04-22,Polygon,upgraded-in-place,85880378,819298666.197419,ok
1776880800,2026-04-22,Polygon_ERC20Pred,legacy-escrow,24937122,0.020000,ok
1776880800,2026-04-22,Rootstock,native-oft,8760727,1836800.280425,ok
1776880800,2026-04-22,Stable,native-oft,,0.000000,pre-history
1776880800,2026-04-22,Tempo,native-oft,16145108,692210.652944,ok
1776880800,2026-04-22,USDT0_lockbox,collateral,24937122,3747875474.160367,ok
1776880800,2026-04-22,Unichain,native-oft,46132441,6420196.160406,ok
1776880800,2026-04-22,XLayer,native-oft,58111764,37793852.849477,ok
1777053600,2026-04-24,Arbitrum,upgraded-in-place,455930006,1031493126.690122,ok
1777053600,2026-04-24,Arbitrum_L1Gateway,legacy-escrow,24951479,138945.387741,ok
1777053600,2026-04-24,Berachain,native-oft,20019442,39052767.095169,ok
1777053600,2026-04-24,Conflux,native-oft,146104441,3429692.535726,ok
1777053600,2026-04-24,Flare,native-oft,59434751,29955841.300732,ok
1777053600,2026-04-24,HyperEVM,native-oft,33345445,176838243.732573,ok
1777053600,2026-04-24,Ink,native-oft,43555189,120732953.897579,ok
1777053600,2026-04-24,Mantle,native-oft,94461644,410435318.951322,ok
1777053600,2026-04-24,Monad,native-oft,70265356,0.000000,not-deployed
1777053600,2026-04-24,Morph,native-oft,22413223,2572652.942397,ok
1777053600,2026-04-24,Optimism,native-oft,150727411,9516640.390640,ok
1777053600,2026-04-24,Optimism_L1Bridge,legacy-escrow,24951479,183683057.518885,ok
1777053600,2026-04-24,Plasma,native-oft,20121737,937601238.281831,ok
1777053600,2026-04-24,Polygon,upgraded-in-place,85966778,811968244.252147,ok
1777053600,2026-04-24,Polygon_ERC20Pred,legacy-escrow,24951479,0.020000,ok
1777053600,2026-04-24,Rootstock,native-oft,8767708,1717015.944698,ok
1777053600,2026-04-24,Stable,native-oft,,0.000000,pre-history
1777053600,2026-04-24,Tempo,native-oft,16493218,3378159.952334,ok
1777053600,2026-04-24,USDT0_lockbox,collateral,24951479,3757069801.515933,ok
1777053600,2026-04-24,Unichain,native-oft,46305241,6448969.255431,ok
1777053600,2026-04-24,XLayer,native-oft,58284564,37870856.643306,ok
1777226400,2026-04-26,Arbitrum,upgraded-in-place,456618348,1042616476.789118,ok
1777226400,2026-04-26,Arbitrum_L1Gateway,legacy-escrow,24965850,138945.387741,ok
1777226400,2026-04-26,Berachain,native-oft,20105842,38977505.397079,ok
1777226400,2026-04-26,Conflux,native-oft,146253643,3132959.695947,ok
1777226400,2026-04-26,Flare,native-oft,59576323,30165576.600601,ok
1777226400,2026-04-26,HyperEVM,native-oft,33521041,176690799.901655,ok
1777226400,2026-04-26,Ink,native-oft,43727989,118941739.974394,ok
1777226400,2026-04-26,Mantle,native-oft,94548044,429802174.339467,ok
1777226400,2026-04-26,Monad,native-oft,70697717,0.000000,not-deployed
1777226400,2026-04-26,Morph,native-oft,22457687,2575152.942397,ok
1777226400,2026-04-26,Optimism,native-oft,150813811,9542422.908492,ok
1777226400,2026-04-26,Optimism_L1Bridge,legacy-escrow,24965850,183890696.852399,ok
1777226400,2026-04-26,Plasma,native-oft,20294537,921234116.374884,ok
1777226400,2026-04-26,Polygon,upgraded-in-place,86053178,810593727.272910,ok
1777226400,2026-04-26,Polygon_ERC20Pred,legacy-escrow,24965850,0.020000,ok
1777226400,2026-04-26,Rootstock,native-oft,8774721,1702972.744176,ok
1777226400,2026-04-26,Stable,native-oft,,0.000000,pre-history
1777226400,2026-04-26,Tempo,native-oft,16840903,3429749.170074,ok
1777226400,2026-04-26,USDT0_lockbox,collateral,24965850,3765813455.835559,ok
1777226400,2026-04-26,Unichain,native-oft,46478041,6445045.495849,ok
1777226400,2026-04-26,XLayer,native-oft,58457364,37874593.497951,ok
1777399200,2026-04-28,Arbitrum,upgraded-in-place,457309830,1063057880.498873,ok
1777399200,2026-04-28,Arbitrum_L1Gateway,legacy-escrow,24980213,138945.387741,ok
1777399200,2026-04-28,Berachain,native-oft,20192242,38467260.980213,ok
1777399200,2026-04-28,Conflux,native-oft,146402299,3145087.038774,ok
1777399200,2026-04-28,Flare,native-oft,59723508,27676106.787248,ok
1777399200,2026-04-28,HyperEVM,native-oft,33696721,177486190.361301,ok
1777399200,2026-04-28,Ink,native-oft,43900789,119524582.472430,ok
1777399200,2026-04-28,Mantle,native-oft,94634444,353564734.144946,ok
1777399200,2026-04-28,Monad,native-oft,71130167,0.000000,not-deployed
1777399200,2026-04-28,Morph,native-oft,22505491,2576346.238300,ok
1777399200,2026-04-28,Optimism,native-oft,150900211,9623125.108622,ok
1777399200,2026-04-28,Optimism_L1Bridge,legacy-escrow,24980213,177347925.341301,ok
1777399200,2026-04-28,Plasma,native-oft,20467337,908050873.029635,ok
1777399200,2026-04-28,Polygon,upgraded-in-place,86139578,811417149.406508,ok
1777399200,2026-04-28,Polygon_ERC20Pred,legacy-escrow,24980213,0.020000,ok
1777399200,2026-04-28,Rootstock,native-oft,8781777,1825492.072800,ok
1777399200,2026-04-28,Stable,native-oft,,0.000000,pre-history
1777399200,2026-04-28,Tempo,native-oft,17189121,3346870.710415,ok
1777399200,2026-04-28,USDT0_lockbox,collateral,24980213,3769355875.059591,ok
1777399200,2026-04-28,Unichain,native-oft,46650841,7096815.014890,ok
1777399200,2026-04-28,XLayer,native-oft,58630164,83026852.884097,ok
1777572000,2026-04-30,Arbitrum,upgraded-in-place,457999394,1031378720.145214,ok
1777572000,2026-04-30,Arbitrum_L1Gateway,legacy-escrow,24994575,138945.387741,ok
1777572000,2026-04-30,Berachain,native-oft,20278642,38256010.670415,ok
1777572000,2026-04-30,Conflux,native-oft,146555137,3493024.060715,ok
1777572000,2026-04-30,Flare,native-oft,59867434,27488335.070742,ok
1777572000,2026-04-30,HyperEVM,native-oft,33872401,178657374.365384,ok
1777572000,2026-04-30,Ink,native-oft,44073589,129265778.257507,ok
1777572000,2026-04-30,Mantle,native-oft,94720844,357440029.934168,ok
1777572000,2026-04-30,Monad,native-oft,71562019,0.000000,not-deployed
1777572000,2026-04-30,Morph,native-oft,22552859,2576804.335616,ok
1777572000,2026-04-30,Optimism,native-oft,150986611,9367732.012806,ok
1777572000,2026-04-30,Optimism_L1Bridge,legacy-escrow,24994575,181340912.791747,ok
1777572000,2026-04-30,Plasma,native-oft,20640137,906916501.374316,ok
1777572000,2026-04-30,Polygon,upgraded-in-place,86225978,807240605.753904,ok
1777572000,2026-04-30,Polygon_ERC20Pred,legacy-escrow,24994575,0.020000,ok
1777572000,2026-04-30,Rootstock,native-oft,8788713,1908760.533277,ok
1777572000,2026-04-30,Stable,native-oft,,0.000000,pre-history
1777572000,2026-04-30,Tempo,native-oft,17536892,3348625.050035,ok
1777572000,2026-04-30,USDT0_lockbox,collateral,24994575,3729086178.349614,ok
1777572000,2026-04-30,Unichain,native-oft,46823641,7055423.105228,ok
1777572000,2026-04-30,XLayer,native-oft,58802964,83530557.142939,ok
1777744800,2026-05-02,Arbitrum,upgraded-in-place,458686125,1050458014.637710,ok
1777744800,2026-05-02,Arbitrum_L1Gateway,legacy-escrow,25008939,138945.387741,ok
1777744800,2026-05-02,Berachain,native-oft,20365042,38425942.402468,ok
1777744800,2026-05-02,Conflux,native-oft,146709714,4197083.620715,ok
1777744800,2026-05-02,Flare,native-oft,60008859,21492645.835096,ok
1777744800,2026-05-02,HyperEVM,native-oft,34048000,177972240.929492,ok
1777744800,2026-05-02,Ink,native-oft,44246389,133553434.192047,ok
1777744800,2026-05-02,Mantle,native-oft,94807244,356124473.198760,ok
1777744800,2026-05-02,Monad,native-oft,71994601,0.000000,not-deployed
1777744800,2026-05-02,Morph,native-oft,22598091,2576684.335616,ok
1777744800,2026-05-02,Optimism,native-oft,151073011,9366321.660360,ok
1777744800,2026-05-02,Optimism_L1Bridge,legacy-escrow,25008939,184600220.036606,ok
1777744800,2026-05-02,Plasma,native-oft,20812937,855074968.041055,ok
1777744800,2026-05-02,Polygon,upgraded-in-place,86312378,810478188.393592,ok
1777744800,2026-05-02,Polygon_ERC20Pred,legacy-escrow,25008939,0.020000,ok
1777744800,2026-05-02,Rootstock,native-oft,8795668,1901317.910104,ok
1777744800,2026-05-02,Stable,native-oft,,0.000000,pre-history
1777744800,2026-05-02,Tempo,native-oft,17884755,3461659.510672,ok
1777744800,2026-05-02,USDT0_lockbox,collateral,25008939,3695889625.414049,ok
1777744800,2026-05-02,Unichain,native-oft,46996441,7395134.743730,ok
1777744800,2026-05-02,XLayer,native-oft,58975764,83543268.629457,ok
1777917600,2026-05-04,Arbitrum,upgraded-in-place,459371850,1056959173.996430,ok
1777917600,2026-05-04,Arbitrum_L1Gateway,legacy-escrow,25023282,138895.282741,ok
1777917600,2026-05-04,Berachain,native-oft,20451442,38403740.273476,ok
1777917600,2026-05-04,Conflux,native-oft,146862203,4194760.058904,ok
1777917600,2026-05-04,Flare,native-oft,60152829,22510106.164102,ok
1777917600,2026-05-04,HyperEVM,native-oft,34223680,179168525.332089,ok
1777917600,2026-05-04,Ink,native-oft,44419189,134267688.000564,ok
1777917600,2026-05-04,Mantle,native-oft,94893644,362812907.658906,ok
1777917600,2026-05-04,Monad,native-oft,72425925,0.000000,not-deployed
1777917600,2026-05-04,Morph,native-oft,22645741,2579811.556789,ok
1777917600,2026-05-04,Optimism,native-oft,151159411,9379792.482920,ok
1777917600,2026-05-04,Optimism_L1Bridge,legacy-escrow,25023282,186921283.142867,ok
1777917600,2026-05-04,Plasma,native-oft,20985737,866251948.332682,ok
1777917600,2026-05-04,Polygon,upgraded-in-place,86398778,816566568.785174,ok
1777917600,2026-05-04,Polygon_ERC20Pred,legacy-escrow,25023282,0.020000,ok
1777917600,2026-05-04,Rootstock,native-oft,8802672,1977539.930424,ok
1777917600,2026-05-04,Stable,native-oft,,0.000000,pre-history
1777917600,2026-05-04,Tempo,native-oft,18232574,3487428.658444,ok
1777917600,2026-05-04,USDT0_lockbox,collateral,25023282,3730418406.037475,ok
1777917600,2026-05-04,Unichain,native-oft,47169241,7475992.853451,ok
1777917600,2026-05-04,XLayer,native-oft,59148564,83485540.950186,ok
1778090400,2026-05-06,Arbitrum,upgraded-in-place,460060885,996733893.797962,ok
1778090400,2026-05-06,Arbitrum_L1Gateway,legacy-escrow,25037639,138856.807741,ok
1778090400,2026-05-06,Berachain,native-oft,20537842,38094528.057728,ok
1778090400,2026-05-06,Conflux,native-oft,147013109,4318598.237386,ok
1778090400,2026-05-06,Flare,native-oft,60290332,21750167.585031,ok
1778090400,2026-05-06,HyperEVM,native-oft,34399360,181382573.573459,ok
1778090400,2026-05-06,Ink,native-oft,44591989,133535298.716894,ok
1778090400,2026-05-06,Mantle,native-oft,94980044,369767666.870716,ok
1778090400,2026-05-06,Monad,native-oft,72858092,0.000000,not-deployed
1778090400,2026-05-06,Morph,native-oft,22693283,2581609.538009,ok
1778090400,2026-05-06,Optimism,native-oft,151245811,9366468.746049,ok
1778090400,2026-05-06,Optimism_L1Bridge,legacy-escrow,25037639,192296871.972814,ok
1778090400,2026-05-06,Plasma,native-oft,21158537,833961775.532934,ok
1778090400,2026-05-06,Polygon,upgraded-in-place,86486110,826017981.371474,ok
1778090400,2026-05-06,Polygon_ERC20Pred,legacy-escrow,25037639,0.020000,ok
1778090400,2026-05-06,Rootstock,native-oft,8809538,2057171.099581,ok
1778090400,2026-05-06,Stable,native-oft,,0.000000,pre-history
1778090400,2026-05-06,Tempo,native-oft,18580529,3781837.688384,ok
1778090400,2026-05-06,USDT0_lockbox,collateral,25037639,3654773192.044579,ok
1778090400,2026-05-06,Unichain,native-oft,47342041,7004485.855908,ok
1778090400,2026-05-06,XLayer,native-oft,59321364,82979590.820366,ok
1778263200,2026-05-08,Arbitrum,upgraded-in-place,460749988,1000015758.001191,ok
1778263200,2026-05-08,Arbitrum_L1Gateway,legacy-escrow,25051997,138856.246154,ok
1778263200,2026-05-08,Berachain,native-oft,20624242,38202711.754982,ok
1778263200,2026-05-08,Conflux,native-oft,147156728,4894922.168568,ok
1778263200,2026-05-08,Flare,native-oft,60425478,22328531.058803,ok
1778263200,2026-05-08,HyperEVM,native-oft,34574957,183356781.682560,ok
1778263200,2026-05-08,Ink,native-oft,44764789,132942669.803887,ok
1778263200,2026-05-08,Mantle,native-oft,95066444,347992588.385712,ok
1778263200,2026-05-08,Monad,native-oft,73290906,0.000000,not-deployed
1778263200,2026-05-08,Morph,native-oft,22741338,2579569.073207,ok
1778263200,2026-05-08,Optimism,native-oft,151332211,9427530.564823,ok
1778263200,2026-05-08,Optimism_L1Bridge,legacy-escrow,25051997,204083113.440965,ok
1778263200,2026-05-08,Plasma,native-oft,21331337,825294375.484863,ok
1778263200,2026-05-08,Polygon,upgraded-in-place,86584852,831038854.663027,ok
1778263200,2026-05-08,Polygon_ERC20Pred,legacy-escrow,25051997,0.020000,ok
1778263200,2026-05-08,Rootstock,native-oft,8816435,2032917.652894,ok
1778263200,2026-05-08,Stable,native-oft,,0.000000,pre-history
1778263200,2026-05-08,Tempo,native-oft,18928609,4558969.493836,ok
1778263200,2026-05-08,USDT0_lockbox,collateral,25051997,3616989819.660702,ok
1778263200,2026-05-08,Unichain,native-oft,47514841,6730607.125846,ok
1778263200,2026-05-08,XLayer,native-oft,59494164,83891229.950797,ok
1778436000,2026-05-10,Arbitrum,upgraded-in-place,461439073,1000748802.863208,ok
1778436000,2026-05-10,Arbitrum_L1Gateway,legacy-escrow,25066346,138852.213145,ok
1778436000,2026-05-10,Berachain,native-oft,20710642,37934106.288304,ok
1778436000,2026-05-10,Conflux,native-oft,147300658,4916630.673940,ok
1778436000,2026-05-10,Flare,native-oft,60561370,22476159.941446,ok
1778436000,2026-05-10,HyperEVM,native-oft,34750637,184093095.337388,ok
1778436000,2026-05-10,Ink,native-oft,44937589,120044550.523670,ok
1778436000,2026-05-10,Mantle,native-oft,95152844,349950769.968833,ok
1778436000,2026-05-10,Monad,native-oft,73722465,0.000000,not-deployed
1778436000,2026-05-10,Morph,native-oft,22787248,2579286.625900,ok
1778436000,2026-05-10,Optimism,native-oft,151418611,9384263.616025,ok
1778436000,2026-05-10,Optimism_L1Bridge,legacy-escrow,25066346,204247813.346648,ok
1778436000,2026-05-10,Plasma,native-oft,21504137,858962682.422946,ok
1778436000,2026-05-10,Polygon,upgraded-in-place,86683595,832647117.384734,ok
1778436000,2026-05-10,Polygon_ERC20Pred,legacy-escrow,25066346,0.020000,ok
1778436000,2026-05-10,Rootstock,native-oft,8823418,1882029.442415,ok
1778436000,2026-05-10,Stable,native-oft,,0.000000,pre-history
1778436000,2026-05-10,Tempo,native-oft,19275905,4505103.208656,ok
1778436000,2026-05-10,USDT0_lockbox,collateral,25066346,3638964900.450881,ok
1778436000,2026-05-10,Unichain,native-oft,47687641,6754378.805442,ok
1778436000,2026-05-10,XLayer,native-oft,59666964,84228600.825936,ok
1778608800,2026-05-12,Arbitrum,upgraded-in-place,462128845,956144325.905064,ok
1778608800,2026-05-12,Arbitrum_L1Gateway,legacy-escrow,25080687,138852.213145,ok
1778608800,2026-05-12,Berachain,native-oft,20797042,37523537.065559,ok
1778608800,2026-05-12,Conflux,native-oft,147447183,4988943.451124,ok
1778608800,2026-05-12,Flare,native-oft,60694227,22654485.401218,ok
1778608800,2026-05-12,HyperEVM,native-oft,34926317,184050932.370656,ok
1778608800,2026-05-12,Ink,native-oft,45110389,120559600.670969,ok
1778608800,2026-05-12,Mantle,native-oft,95239244,350486086.809469,ok
1778608800,2026-05-12,Monad,native-oft,74153645,0.000000,not-deployed
1778608800,2026-05-12,Morph,native-oft,22835690,2580051.808880,ok
1778608800,2026-05-12,Optimism,native-oft,151505011,9390344.219228,ok
1778608800,2026-05-12,Optimism_L1Bridge,legacy-escrow,25080687,207571130.005200,ok
1778608800,2026-05-12,Plasma,native-oft,21676937,839714322.251352,ok
1778608800,2026-05-12,Polygon,upgraded-in-place,86782338,837684348.067583,ok
1778608800,2026-05-12,Polygon_ERC20Pred,legacy-escrow,25080687,0.020000,ok
1778608800,2026-05-12,Rootstock,native-oft,8830427,1941246.450027,ok
1778608800,2026-05-12,Stable,native-oft,,0.000000,pre-history
1778608800,2026-05-12,Tempo,native-oft,19623172,4473504.859817,ok
1778608800,2026-05-12,USDT0_lockbox,collateral,25080687,3580163174.030333,ok
1778608800,2026-05-12,Unichain,native-oft,47860441,6745768.231945,ok
1778608800,2026-05-12,XLayer,native-oft,59839764,85506594.264886,ok
1778781600,2026-05-14,Arbitrum,upgraded-in-place,462819093,972360326.284723,ok
1778781600,2026-05-14,Arbitrum_L1Gateway,legacy-escrow,25095027,138852.213145,ok
1778781600,2026-05-14,Berachain,native-oft,20883442,37769881.222304,ok
1778781600,2026-05-14,Conflux,native-oft,147593015,5234595.268121,ok
1778781600,2026-05-14,Flare,native-oft,60825376,23267556.536975,ok
1778781600,2026-05-14,HyperEVM,native-oft,35101997,184538062.731590,ok
1778781600,2026-05-14,Ink,native-oft,45283189,125297376.470256,ok
1778781600,2026-05-14,Mantle,native-oft,95325644,353512714.336235,ok
1778781600,2026-05-14,Monad,native-oft,74585522,0.000000,not-deployed
1778781600,2026-05-14,Morph,native-oft,22883742,2575781.458250,ok
1778781600,2026-05-14,Optimism,native-oft,151591411,9568335.219631,ok
1778781600,2026-05-14,Optimism_L1Bridge,legacy-escrow,25095027,211880331.549522,ok
1778781600,2026-05-14,Plasma,native-oft,21849737,840816017.147814,ok
1778781600,2026-05-14,Polygon,upgraded-in-place,86881081,836048250.766893,ok
1778781600,2026-05-14,Polygon_ERC20Pred,legacy-escrow,25095027,0.020000,ok
1778781600,2026-05-14,Rootstock,native-oft,8837485,1898082.437930,ok
1778781600,2026-05-14,Stable,native-oft,,0.000000,pre-history
1778781600,2026-05-14,Tempo,native-oft,19970490,4336849.201669,ok
1778781600,2026-05-14,USDT0_lockbox,collateral,25095027,3599260918.602024,ok
1778781600,2026-05-14,Unichain,native-oft,48033241,6727555.548302,ok
1778781600,2026-05-14,XLayer,native-oft,60012564,87395212.368260,ok
1778954400,2026-05-16,Arbitrum,upgraded-in-place,463508641,972878759.676230,ok
1778954400,2026-05-16,Arbitrum_L1Gateway,legacy-escrow,25109384,138852.213145,ok
1778954400,2026-05-16,Berachain,native-oft,20969842,37626126.835437,ok
1778954400,2026-05-16,Conflux,native-oft,147732360,5222285.178851,ok
1778954400,2026-05-16,Flare,native-oft,60959966,23710628.438276,ok
1778954400,2026-05-16,HyperEVM,native-oft,35277677,188149437.592444,ok
1778954400,2026-05-16,Ink,native-oft,45455989,122466558.430677,ok
1778954400,2026-05-16,Mantle,native-oft,95412044,355138433.876901,ok
1778954400,2026-05-16,Monad,native-oft,75016657,0.000000,not-deployed
1778954400,2026-05-16,Morph,native-oft,22930482,2574330.050780,ok
1778954400,2026-05-16,Optimism,native-oft,151677811,9578439.284109,ok
1778954400,2026-05-16,Optimism_L1Bridge,legacy-escrow,25109384,215246667.730720,ok
1778954400,2026-05-16,Plasma,native-oft,22022537,845340371.672666,ok
1778954400,2026-05-16,Polygon,upgraded-in-place,86979824,837317388.330369,ok
1778954400,2026-05-16,Polygon_ERC20Pred,legacy-escrow,25109384,0.020000,ok
1778954400,2026-05-16,Rootstock,native-oft,8844438,1846505.335032,ok
1778954400,2026-05-16,Stable,native-oft,,0.000000,pre-history
1778954400,2026-05-16,Tempo,native-oft,20317998,4509380.384313,ok
1778954400,2026-05-16,USDT0_lockbox,collateral,25109384,3606931357.236277,ok
1778954400,2026-05-16,Unichain,native-oft,48206041,6683865.279630,ok
1778954400,2026-05-16,XLayer,native-oft,60185364,88762040.213206,ok
1779127200,2026-05-18,Arbitrum,upgraded-in-place,464194427,981426100.159333,ok
1779127200,2026-05-18,Arbitrum_L1Gateway,legacy-escrow,25123744,138852.213145,ok
1779127200,2026-05-18,Berachain,native-oft,21056242,37595509.611525,ok
1779127200,2026-05-18,Conflux,native-oft,147874217,5705881.642132,ok
1779127200,2026-05-18,Flare,native-oft,61096545,22867383.560658,ok
1779127200,2026-05-18,HyperEVM,native-oft,35453357,188944499.152433,ok
1779127200,2026-05-18,Ink,native-oft,45628789,121337273.701600,ok
1779127200,2026-05-18,Mantle,native-oft,95498444,345438238.832796,ok
1779127200,2026-05-18,Monad,native-oft,75447718,0.000000,not-deployed
1779127200,2026-05-18,Morph,native-oft,22977301,2573633.595570,ok
1779127200,2026-05-18,Optimism,native-oft,151764211,9483386.309064,ok
1779127200,2026-05-18,Optimism_L1Bridge,legacy-escrow,25123744,207596874.925160,ok
1779127200,2026-05-18,Plasma,native-oft,22195337,840665916.519328,ok
1779127200,2026-05-18,Polygon,upgraded-in-place,87078566,850846714.004200,ok
1779127200,2026-05-18,Polygon_ERC20Pred,legacy-escrow,25123744,0.020000,ok
1779127200,2026-05-18,Rootstock,native-oft,8851376,1841269.902575,ok
1779127200,2026-05-18,Stable,native-oft,,0.000000,pre-history
1779127200,2026-05-18,Tempo,native-oft,20665951,4626320.171274,ok
1779127200,2026-05-18,USDT0_lockbox,collateral,25123744,3614864913.628038,ok
1779127200,2026-05-18,Unichain,native-oft,48378841,6689343.549377,ok
1779127200,2026-05-18,XLayer,native-oft,60358164,89806457.819575,ok
1779300000,2026-05-20,Arbitrum,upgraded-in-place,464884594,974974289.407071,ok
1779300000,2026-05-20,Arbitrum_L1Gateway,legacy-escrow,25138101,138852.213145,ok
1779300000,2026-05-20,Berachain,native-oft,21142641,37432129.552218,ok
1779300000,2026-05-20,Conflux,native-oft,148013534,5696864.875688,ok
1779300000,2026-05-20,Flare,native-oft,61235440,23956477.206823,ok
1779300000,2026-05-20,HyperEVM,native-oft,35629037,188386763.485583,ok
1779300000,2026-05-20,Ink,native-oft,45801589,115859588.210598,ok
1779300000,2026-05-20,Mantle,native-oft,95584844,345867352.769789,ok
1779300000,2026-05-20,Monad,native-oft,75878344,0.000000,not-deployed
1779300000,2026-05-20,Morph,native-oft,23025590,2570369.413090,ok
1779300000,2026-05-20,Optimism,native-oft,151850611,9503108.933534,ok
1779300000,2026-05-20,Optimism_L1Bridge,legacy-escrow,25138101,209245907.218254,ok
1779300000,2026-05-20,Plasma,native-oft,22368032,810841764.639816,ok
1779300000,2026-05-20,Polygon,upgraded-in-place,87177309,856719284.220085,ok
1779300000,2026-05-20,Polygon_ERC20Pred,legacy-escrow,25138101,0.020000,ok
1779300000,2026-05-20,Rootstock,native-oft,8858335,1828365.238866,ok
1779300000,2026-05-20,Stable,native-oft,,0.000000,pre-history
1779300000,2026-05-20,Tempo,native-oft,21012889,4714985.545711,ok
1779300000,2026-05-20,USDT0_lockbox,collateral,25138101,3588756671.767346,ok
1779300000,2026-05-20,Unichain,native-oft,48551641,6868875.419316,ok
1779300000,2026-05-20,XLayer,native-oft,60530964,90062273.357989,ok
1779472800,2026-05-22,Arbitrum,upgraded-in-place,465572494,980312841.380005,ok
1779472800,2026-05-22,Arbitrum_L1Gateway,legacy-escrow,25152450,138852.213145,ok
1779472800,2026-05-22,Berachain,native-oft,21229042,38311624.396880,ok
1779472800,2026-05-22,Conflux,native-oft,148149064,5649148.694293,ok
1779472800,2026-05-22,Flare,native-oft,61369130,25160853.885013,ok
1779472800,2026-05-22,HyperEVM,native-oft,35804717,192313719.206966,ok
1779472800,2026-05-22,Ink,native-oft,45974389,116617616.644151,ok
1779472800,2026-05-22,Mantle,native-oft,95671244,344716575.842049,ok
1779472800,2026-05-22,Monad,native-oft,76310805,0.000000,not-deployed
1779472800,2026-05-22,Morph,native-oft,23184198,2521576.438131,ok
1779472800,2026-05-22,Optimism,native-oft,151937011,9499628.669066,ok
1779472800,2026-05-22,Optimism_L1Bridge,legacy-escrow,25152450,181245433.749565,ok
1779472800,2026-05-22,Plasma,native-oft,22540832,821498329.169602,ok
1779472800,2026-05-22,Polygon,upgraded-in-place,87276052,859327101.633020,ok
1779472800,2026-05-22,Polygon_ERC20Pred,legacy-escrow,25152450,0.020000,ok
1779472800,2026-05-22,Rootstock,native-oft,8865304,1782697.011105,ok
1779472800,2026-05-22,Stable,native-oft,,0.000000,pre-history
1779472800,2026-05-22,Tempo,native-oft,21359729,4848143.729081,ok
1779472800,2026-05-22,USDT0_lockbox,collateral,25152450,3614024540.837710,ok
1779472800,2026-05-22,Unichain,native-oft,48724441,6803100.379865,ok
1779472800,2026-05-22,XLayer,native-oft,60703764,93895151.611616,ok
1779645600,2026-05-24,Arbitrum,upgraded-in-place,466258002,980970282.850863,ok
1779645600,2026-05-24,Arbitrum_L1Gateway,legacy-escrow,25166802,138852.213145,ok
1779645600,2026-05-24,Berachain,native-oft,21315442,37223514.107052,ok
1779645600,2026-05-24,Conflux,native-oft,148295759,5684020.499002,ok
1779645600,2026-05-24,Flare,native-oft,61506581,25872417.046038,ok
1779645600,2026-05-24,HyperEVM,native-oft,35980305,192407371.109524,ok
1779645600,2026-05-24,Ink,native-oft,46147189,116822800.095966,ok
1779645600,2026-05-24,Mantle,native-oft,95757644,335693009.795839,ok
1779645600,2026-05-24,Monad,native-oft,76743407,0.000000,not-deployed
1779645600,2026-05-24,Morph,native-oft,23232779,2511587.967011,ok
1779645600,2026-05-24,Optimism,native-oft,152023411,9473381.433486,ok
1779645600,2026-05-24,Optimism_L1Bridge,legacy-escrow,25166802,182817930.490146,ok
1779645600,2026-05-24,Plasma,native-oft,22709173,796032208.861891,ok
1779645600,2026-05-24,Polygon,upgraded-in-place,87374795,858613505.112381,ok
1779645600,2026-05-24,Polygon_ERC20Pred,legacy-escrow,25166802,0.020000,ok
1779645600,2026-05-24,Rootstock,native-oft,8872298,1774463.127678,ok
1779645600,2026-05-24,Stable,native-oft,,0.000000,pre-history
1779645600,2026-05-24,Tempo,native-oft,21706443,5026452.154576,ok
1779645600,2026-05-24,USDT0_lockbox,collateral,25166802,3580193689.222916,ok
1779645600,2026-05-24,Unichain,native-oft,48897241,6778168.025225,ok
1779645600,2026-05-24,XLayer,native-oft,60876564,94346689.275492,ok
1779818400,2026-05-26,Arbitrum,upgraded-in-place,466941980,980962569.789255,ok
1779818400,2026-05-26,Arbitrum_L1Gateway,legacy-escrow,25181147,138852.213145,ok
1779818400,2026-05-26,Berachain,native-oft,21401842,36985602.656327,ok
1779818400,2026-05-26,Conflux,native-oft,148467617,5700017.440386,ok
1779818400,2026-05-26,Flare,native-oft,61640519,25271456.830869,ok
1779818400,2026-05-26,HyperEVM,native-oft,36155985,193334277.887185,ok
1779818400,2026-05-26,Ink,native-oft,46319989,114890608.983580,ok
1779818400,2026-05-26,Mantle,native-oft,95844044,335985658.354059,ok
1779818400,2026-05-26,Monad,native-oft,77175955,0.000000,not-deployed
1779818400,2026-05-26,Morph,native-oft,23281285,2497890.876831,ok
1779818400,2026-05-26,Optimism,native-oft,152109811,9519980.724893,ok
1779818400,2026-05-26,Optimism_L1Bridge,legacy-escrow,25181147,184356926.205149,ok
1779818400,2026-05-26,Plasma,native-oft,22881973,747919602.971072,ok
1779818400,2026-05-26,Polygon,upgraded-in-place,87473538,863061083.708831,ok
1779818400,2026-05-26,Polygon_ERC20Pred,legacy-escrow,25181147,0.020000,ok
1779818400,2026-05-26,Rootstock,native-oft,8879363,1794721.918167,ok
1779818400,2026-05-26,Stable,native-oft,,0.000000,pre-history
1779818400,2026-05-26,Tempo,native-oft,22053876,4640410.358704,ok
1779818400,2026-05-26,USDT0_lockbox,collateral,25181147,3537650858.786820,ok
1779818400,2026-05-26,Unichain,native-oft,49070041,6768815.424919,ok
1779818400,2026-05-26,XLayer,native-oft,61049364,94634062.174680,ok
1779991200,2026-05-28,Arbitrum,upgraded-in-place,467631544,989920600.503458,ok
1779991200,2026-05-28,Arbitrum_L1Gateway,legacy-escrow,25195498,138852.213145,ok
1779991200,2026-05-28,Berachain,native-oft,21488242,36330643.375885,ok
1779991200,2026-05-28,Conflux,native-oft,148612382,6078643.691905,ok
1779991200,2026-05-28,Flare,native-oft,61778162,25278518.116553,ok
1779991200,2026-05-28,HyperEVM,native-oft,36331665,194724012.264544,ok
1779991200,2026-05-28,Ink,native-oft,46492789,109184753.569326,ok
1779991200,2026-05-28,Mantle,native-oft,95930444,338429804.854979,ok
1779991200,2026-05-28,Monad,native-oft,77607703,0.000000,not-deployed
1779991200,2026-05-28,Morph,native-oft,23329721,2480824.817161,ok
1779991200,2026-05-28,Optimism,native-oft,152196211,9636264.373311,ok
1779991200,2026-05-28,Optimism_L1Bridge,legacy-escrow,25195498,185337666.030239,ok
1779991200,2026-05-28,Plasma,native-oft,23051392,764432229.933733,ok
1779991200,2026-05-28,Polygon,upgraded-in-place,87572273,850303339.755158,ok
1779991200,2026-05-28,Polygon_ERC20Pred,legacy-escrow,25195498,0.020000,ok
1779991200,2026-05-28,Rootstock,native-oft,8886444,1665461.631438,ok
1779991200,2026-05-28,Stable,native-oft,,0.000000,pre-history
1779991200,2026-05-28,Tempo,native-oft,22401396,5016606.686775,ok
1779991200,2026-05-28,USDT0_lockbox,collateral,25195498,3565027059.067233,ok
1779991200,2026-05-28,Unichain,native-oft,49242841,6770524.457310,ok
1779991200,2026-05-28,XLayer,native-oft,61222164,104356901.338689,ok
1780164000,2026-05-30,Arbitrum,upgraded-in-place,468319936,996966852.511967,ok
1780164000,2026-05-30,Arbitrum_L1Gateway,legacy-escrow,25209835,138852.213145,ok
1780164000,2026-05-30,Berachain,native-oft,21574642,36232735.077479,ok
1780164000,2026-05-30,Conflux,native-oft,148755148,6067570.872620,ok
1780164000,2026-05-30,Flare,native-oft,61913854,25681899.178028,ok
1780164000,2026-05-30,HyperEVM,native-oft,36507256,200229812.287682,ok
1780164000,2026-05-30,Ink,native-oft,46665589,114601232.258989,ok
1780164000,2026-05-30,Mantle,native-oft,96016844,335191965.585645,ok
1780164000,2026-05-30,Monad,native-oft,78039722,0.000000,not-deployed
1780164000,2026-05-30,Morph,native-oft,23377207,2463252.912131,ok
1780164000,2026-05-30,Optimism,native-oft,152282611,9694691.713023,ok
1780164000,2026-05-30,Optimism_L1Bridge,legacy-escrow,25209835,186145508.492030,ok
1780164000,2026-05-30,Plasma,native-oft,23224107,764328182.801055,ok
1780164000,2026-05-30,Polygon,upgraded-in-place,87671016,859355305.719769,ok
1780164000,2026-05-30,Polygon_ERC20Pred,legacy-escrow,25209835,0.020000,ok
1780164000,2026-05-30,Rootstock,native-oft,8893459,1629959.851179,ok
1780164000,2026-05-30,Stable,native-oft,,0.000000,pre-history
1780164000,2026-05-30,Tempo,native-oft,22745989,5275942.667887,ok
1780164000,2026-05-30,USDT0_lockbox,collateral,25209835,3590278042.784614,ok
1780164000,2026-05-30,Unichain,native-oft,49415641,6806273.968479,ok
1780164000,2026-05-30,XLayer,native-oft,61394964,104419556.879545,ok
1780336800,2026-06-01,Arbitrum,upgraded-in-place,469006955,993491108.693969,ok
1780336800,2026-06-01,Arbitrum_L1Gateway,legacy-escrow,25224178,138852.213145,ok
1780336800,2026-06-01,Berachain,native-oft,21661042,35826499.879199,ok
1780336800,2026-06-01,Conflux,native-oft,148897092,5867447.107723,ok
1780336800,2026-06-01,Flare,native-oft,62044741,25579007.557000,ok
1780336800,2026-06-01,HyperEVM,native-oft,36682936,199748725.515138,ok
1780336800,2026-06-01,Ink,native-oft,46838389,83100746.815959,ok
1780336800,2026-06-01,Mantle,native-oft,96103244,339286023.773307,ok
1780336800,2026-06-01,Monad,native-oft,78471045,0.000000,not-deployed
1780336800,2026-06-01,Morph,native-oft,23425680,2449957.814011,ok
1780336800,2026-06-01,Optimism,native-oft,152369011,9518709.275598,ok
1780336800,2026-06-01,Optimism_L1Bridge,legacy-escrow,25224178,187185187.407113,ok
1780336800,2026-06-01,Plasma,native-oft,23396907,789834692.002145,ok
1780336800,2026-06-01,Polygon,upgraded-in-place,87769759,868163230.104233,ok
1780336800,2026-06-01,Polygon_ERC20Pred,legacy-escrow,25224178,0.020000,ok
1780336800,2026-06-01,Rootstock,native-oft,8900406,1520304.389207,ok
1780336800,2026-06-01,Stable,native-oft,,0.000000,pre-history
1780336800,2026-06-01,Tempo,native-oft,23091327,5690640.882973,ok
1780336800,2026-06-01,USDT0_lockbox,collateral,25224178,3596765235.295918,ok
1780336800,2026-06-01,Unichain,native-oft,49588441,6602338.876335,ok
1780336800,2026-06-01,XLayer,native-oft,61567764,105387921.712492,ok
1780509600,2026-06-03,Arbitrum,upgraded-in-place,469697689,995599322.849734,ok
1780509600,2026-06-03,Arbitrum_L1Gateway,legacy-escrow,25238513,138852.213145,ok
1780509600,2026-06-03,Berachain,native-oft,21747442,35419626.822566,ok
1780509600,2026-06-03,Conflux,native-oft,149048522,5893183.289908,ok
1780509600,2026-06-03,Flare,native-oft,62181809,25633349.500102,ok
1780509600,2026-06-03,HyperEVM,native-oft,36858616,207314050.085918,ok
1780509600,2026-06-03,Ink,native-oft,47011189,83109165.927296,ok
1780509600,2026-06-03,Mantle,native-oft,96189644,343226253.334335,ok
1780509600,2026-06-03,Monad,native-oft,78903161,0.000000,not-deployed
1780509600,2026-06-03,Morph,native-oft,23478349,2421151.572051,ok
1780509600,2026-06-03,Optimism,native-oft,152455411,9568076.865576,ok
1780509600,2026-06-03,Optimism_L1Bridge,legacy-escrow,25238513,190793636.672590,ok
1780509600,2026-06-03,Plasma,native-oft,23569707,797400421.042890,ok
1780509600,2026-06-03,Polygon,upgraded-in-place,87869743,873471764.543144,ok
1780509600,2026-06-03,Polygon_ERC20Pred,legacy-escrow,25238513,0.020000,ok
1780509600,2026-06-03,Rootstock,native-oft,8907506,1547763.311014,ok
1780509600,2026-06-03,Stable,native-oft,,0.000000,pre-history
1780509600,2026-06-03,Tempo,native-oft,23423531,6836977.855227,ok
1780509600,2026-06-03,USDT0_lockbox,collateral,25238513,3612781327.525209,ok
1780509600,2026-06-03,Unichain,native-oft,49761241,6601646.616246,ok
1780509600,2026-06-03,XLayer,native-oft,61740564,105677228.879359,ok
1780682400,2026-06-05,Arbitrum,upgraded-in-place,470389910,1015536083.677247,ok
1780682400,2026-06-05,Arbitrum_L1Gateway,legacy-escrow,25252829,138801.494111,ok
1780682400,2026-06-05,Berachain,native-oft,21833842,36293686.806293,ok
1780682400,2026-06-05,Conflux,native-oft,149198042,5794699.298454,ok
1780682400,2026-06-05,Flare,native-oft,62319035,22569272.661150,ok
1780682400,2026-06-05,HyperEVM,native-oft,37034296,209001495.860854,ok
1780682400,2026-06-05,Ink,native-oft,47183989,73331142.375673,ok
1780682400,2026-06-05,Mantle,native-oft,96276044,334983148.403984,ok
1780682400,2026-06-05,Monad,native-oft,79334828,0.000000,not-deployed
1780682400,2026-06-05,Morph,native-oft,23539880,2386332.645691,ok
1780682400,2026-06-05,Optimism,native-oft,152541811,9407807.754439,ok
1780682400,2026-06-05,Optimism_L1Bridge,legacy-escrow,25252829,194363076.998130,ok
1780682400,2026-06-05,Plasma,native-oft,23742507,804568667.687939,ok
1780682400,2026-06-05,Polygon,upgraded-in-place,87984943,881082999.992196,ok
1780682400,2026-06-05,Polygon_ERC20Pred,legacy-escrow,25252829,0.020000,ok
1780682400,2026-06-05,Rootstock,native-oft,8914498,1400903.888398,ok
1780682400,2026-06-05,Stable,native-oft,,0.000000,pre-history
1780682400,2026-06-05,Tempo,native-oft,23754121,7301550.200521,ok
1780682400,2026-06-05,USDT0_lockbox,collateral,25252829,3630553464.663021,ok
1780682400,2026-06-05,Unichain,native-oft,49934041,6651401.795159,ok
1780682400,2026-06-05,XLayer,native-oft,61913364,105810934.751548,ok
1780855200,2026-06-07,Arbitrum,upgraded-in-place,471078236,1022105653.272282,ok
1780855200,2026-06-07,Arbitrum_L1Gateway,legacy-escrow,25267169,138801.494111,ok
1780855200,2026-06-07,Berachain,native-oft,21920241,36287040.939319,ok
1780855200,2026-06-07,Conflux,native-oft,149348226,5806994.757353,ok
1780855200,2026-06-07,Flare,native-oft,62452851,23001583.247540,ok
1780855200,2026-06-07,HyperEVM,native-oft,37209888,210544047.655962,ok
1780855200,2026-06-07,Ink,native-oft,47356789,108074389.972050,ok
1780855200,2026-06-07,Mantle,native-oft,96362444,333737694.686041,ok
1780855200,2026-06-07,Monad,native-oft,79765982,0.000000,not-deployed
1780855200,2026-06-07,Morph,native-oft,23596419,2383129.566197,ok
1780855200,2026-06-07,Optimism,native-oft,152628211,9314469.314984,ok
1780855200,2026-06-07,Optimism_L1Bridge,legacy-escrow,25267169,195795757.578083,ok
1780855200,2026-06-07,Plasma,native-oft,23915307,851236560.228827,ok
1780855200,2026-06-07,Polygon,upgraded-in-place,88100143,885562017.537445,ok
1780855200,2026-06-07,Polygon_ERC20Pred,legacy-escrow,25267169,0.020000,ok
1780855200,2026-06-07,Rootstock,native-oft,8921514,1313828.234436,ok
1780855200,2026-06-07,Stable,native-oft,,0.000000,pre-history
1780855200,2026-06-07,Tempo,native-oft,24084546,7369423.290966,ok
1780855200,2026-06-07,USDT0_lockbox,collateral,25267169,3719812098.540280,ok
1780855200,2026-06-07,Unichain,native-oft,50106841,6497269.471240,ok
1780855200,2026-06-07,XLayer,native-oft,62086164,105846559.283729,ok
1781028000,2026-06-09,Arbitrum,upgraded-in-place,471765521,999786942.069525,ok
1781028000,2026-06-09,Arbitrum_L1Gateway,legacy-escrow,25281523,138801.494111,ok
1781028000,2026-06-09,Berachain,native-oft,22006642,36914497.877326,ok
1781028000,2026-06-09,Conflux,native-oft,149496201,5782403.086574,ok
1781028000,2026-06-09,Flare,native-oft,62586750,22514599.702477,ok
1781028000,2026-06-09,HyperEVM,native-oft,37385568,211443628.418080,ok
1781028000,2026-06-09,Ink,native-oft,47529589,102737601.125141,ok
1781028000,2026-06-09,Mantle,native-oft,96448844,332404247.545468,ok
1781028000,2026-06-09,Monad,native-oft,80196668,0.000000,not-deployed
1781028000,2026-06-09,Morph,native-oft,23651305,2330937.399434,ok
1781028000,2026-06-09,Optimism,native-oft,152714611,9370290.982633,ok
1781028000,2026-06-09,Optimism_L1Bridge,legacy-escrow,25281523,198931166.959509,ok
1781028000,2026-06-09,Plasma,native-oft,24088107,820080938.661248,ok
1781028000,2026-06-09,Polygon,upgraded-in-place,88215343,881881680.671036,ok
1781028000,2026-06-09,Polygon_ERC20Pred,legacy-escrow,25281523,0.020000,ok
1781028000,2026-06-09,Rootstock,native-oft,8928533,1397708.494959,ok
1781028000,2026-06-09,Stable,native-oft,,0.000000,pre-history
1781028000,2026-06-09,Tempo,native-oft,24414939,7257482.455789,ok
1781028000,2026-06-09,USDT0_lockbox,collateral,25281523,3639012409.878126,ok
1781028000,2026-06-09,Unichain,native-oft,50279641,6486876.268877,ok
1781028000,2026-06-09,XLayer,native-oft,62258964,106105233.785694,ok
1781200800,2026-06-11,Arbitrum,upgraded-in-place,472453896,994902440.138718,ok
1781200800,2026-06-11,Arbitrum_L1Gateway,legacy-escrow,25295869,138801.494111,ok
1781200800,2026-06-11,Berachain,native-oft,22093042,36220152.625642,ok
1781200800,2026-06-11,Conflux,native-oft,149642698,5718081.459974,ok
1781200800,2026-06-11,Flare,native-oft,62718658,23137707.481113,ok
1781200800,2026-06-11,HyperEVM,native-oft,37561248,189441201.265767,ok
1781200800,2026-06-11,Ink,native-oft,47702389,89833499.966988,ok
1781200800,2026-06-11,Mantle,native-oft,96535244,364213732.756991,ok
1781200800,2026-06-11,Monad,native-oft,80628576,0.000000,not-deployed
1781200800,2026-06-11,Morph,native-oft,23703960,2309807.358794,ok
1781200800,2026-06-11,Optimism,native-oft,152801011,9475817.817541,ok
1781200800,2026-06-11,Optimism_L1Bridge,legacy-escrow,25295869,202474025.631475,ok
1781200800,2026-06-11,Plasma,native-oft,24260907,830785402.039629,ok
1781200800,2026-06-11,Polygon,upgraded-in-place,88330543,883597109.372504,ok
1781200800,2026-06-11,Polygon_ERC20Pred,legacy-escrow,25295869,0.020000,ok
1781200800,2026-06-11,Rootstock,native-oft,8935520,1384130.083445,ok
1781200800,2026-06-11,Stable,native-oft,,0.000000,pre-history
1781200800,2026-06-11,Tempo,native-oft,24744121,8579499.316290,ok
1781200800,2026-06-11,USDT0_lockbox,collateral,25295869,3652988325.174926,ok
1781200800,2026-06-11,Unichain,native-oft,50452441,6441846.570288,ok
1781200800,2026-06-11,XLayer,native-oft,62431764,106557003.100847,ok
1781373600,2026-06-13,Arbitrum,upgraded-in-place,473142231,998407212.168528,ok
1781373600,2026-06-13,Arbitrum_L1Gateway,legacy-escrow,25310206,138801.494111,ok
1781373600,2026-06-13,Berachain,native-oft,22179442,36673018.214485,ok
1781373600,2026-06-13,Conflux,native-oft,149796331,5739990.222160,ok
1781373600,2026-06-13,Flare,native-oft,62858846,22704170.465954,ok
1781373600,2026-06-13,HyperEVM,native-oft,37736842,192638821.620998,ok
1781373600,2026-06-13,Ink,native-oft,47875189,65143305.624536,ok
1781373600,2026-06-13,Mantle,native-oft,96621644,360167834.481617,ok
1781373600,2026-06-13,Monad,native-oft,81060631,0.000000,not-deployed
1781373600,2026-06-13,Morph,native-oft,23751871,2308033.310854,ok
1781373600,2026-06-13,Optimism,native-oft,152887411,9364052.493817,ok
1781373600,2026-06-13,Optimism_L1Bridge,legacy-escrow,25310206,204446795.602842,ok
1781373600,2026-06-13,Plasma,native-oft,24433707,886247534.992495,ok
1781373600,2026-06-13,Polygon,upgraded-in-place,88445743,882371951.837882,ok
1781373600,2026-06-13,Polygon_ERC20Pred,legacy-escrow,25310206,0.020000,ok
1781373600,2026-06-13,Rootstock,native-oft,8942414,1430004.816509,ok
1781373600,2026-06-13,Stable,native-oft,,0.000000,pre-history
1781373600,2026-06-13,Tempo,native-oft,25068072,8582677.061653,ok
1781373600,2026-06-13,USDT0_lockbox,collateral,25310206,3668020453.497496,ok
1781373600,2026-06-13,Unichain,native-oft,50625241,6472191.096246,ok
1781373600,2026-06-13,XLayer,native-oft,62604564,107487795.711636,ok
1781546400,2026-06-15,Arbitrum,upgraded-in-place,473827283,974035503.473244,ok
1781546400,2026-06-15,Arbitrum_L1Gateway,legacy-escrow,25324554,138801.494111,ok
1781546400,2026-06-15,Berachain,native-oft,22265842,37716119.540460,ok
1781546400,2026-06-15,Conflux,native-oft,149947399,5829315.410937,ok
1781546400,2026-06-15,Flare,native-oft,62997679,24277441.677543,ok
1781546400,2026-06-15,HyperEVM,native-oft,37912522,167677537.745678,ok
1781546400,2026-06-15,Ink,native-oft,48047989,64079535.914548,ok
1781546400,2026-06-15,Mantle,native-oft,96708044,357066832.801615,ok
1781546400,2026-06-15,Monad,native-oft,81493002,0.000000,not-deployed
1781546400,2026-06-15,Morph,native-oft,23800020,2298697.130392,ok
1781546400,2026-06-15,Optimism,native-oft,152973811,9302140.107099,ok
1781546400,2026-06-15,Optimism_L1Bridge,legacy-escrow,25324554,203432845.083029,ok
1781546400,2026-06-15,Plasma,native-oft,24606505,872527653.524237,ok
1781546400,2026-06-15,Polygon,upgraded-in-place,88560943,881509667.691504,ok
1781546400,2026-06-15,Polygon_ERC20Pred,legacy-escrow,25324554,0.020000,ok
1781546400,2026-06-15,Rootstock,native-oft,8949352,1464931.930479,ok
1781546400,2026-06-15,Stable,native-oft,,0.000000,pre-history
1781546400,2026-06-15,Tempo,native-oft,25387817,8552101.065551,ok
1781546400,2026-06-15,USDT0_lockbox,collateral,25324554,3619531981.542673,ok
1781546400,2026-06-15,Unichain,native-oft,50798041,6458843.504578,ok
1781546400,2026-06-15,XLayer,native-oft,62777364,107151533.625479,ok
1781719200,2026-06-17,Arbitrum,upgraded-in-place,474513579,975156348.585811,ok
1781719200,2026-06-17,Arbitrum_L1Gateway,legacy-escrow,25338920,138801.494111,ok
1781719200,2026-06-17,Berachain,native-oft,22352242,37631605.183234,ok
1781719200,2026-06-17,Conflux,native-oft,150095806,5833243.429565,ok
1781719200,2026-06-17,Flare,native-oft,63134476,25330908.698066,ok
1781719200,2026-06-17,HyperEVM,native-oft,38088202,166633474.395906,ok
1781719200,2026-06-17,Ink,native-oft,48220789,63720944.106919,ok
1781719200,2026-06-17,Mantle,native-oft,96794444,369756505.406710,ok
1781719200,2026-06-17,Monad,native-oft,81925245,0.000000,not-deployed
1781719200,2026-06-17,Morph,native-oft,23851909,2283965.543049,ok
1781719200,2026-06-17,Optimism,native-oft,153060211,9355316.404626,ok
1781719200,2026-06-17,Optimism_L1Bridge,legacy-escrow,25338920,207119489.195512,ok
1781719200,2026-06-17,Plasma,native-oft,24779305,924467171.549482,ok
1781719200,2026-06-17,Polygon,upgraded-in-place,88676140,895532176.997085,ok
1781719200,2026-06-17,Polygon_ERC20Pred,legacy-escrow,25338920,0.020000,ok
1781719200,2026-06-17,Rootstock,native-oft,8956264,1465537.289992,ok
1781719200,2026-06-17,Stable,native-oft,,0.000000,pre-history
1781719200,2026-06-17,Tempo,native-oft,25707139,8936711.868856,ok
1781719200,2026-06-17,USDT0_lockbox,collateral,25338920,3687496464.738389,ok
1781719200,2026-06-17,Unichain,native-oft,50970841,6436879.911390,ok
1781719200,2026-06-17,XLayer,native-oft,62950164,107049193.594755,ok
1781892000,2026-06-19,Arbitrum,upgraded-in-place,475201796,978340041.754046,ok
1781892000,2026-06-19,Arbitrum_L1Gateway,legacy-escrow,25353277,138801.494111,ok
1781892000,2026-06-19,Berachain,native-oft,22438642,37577182.945738,ok
1781892000,2026-06-19,Conflux,native-oft,150244371,5850929.803086,ok
1781892000,2026-06-19,Flare,native-oft,63267051,25314423.135752,ok
1781892000,2026-06-19,HyperEVM,native-oft,38263882,162052946.650369,ok
1781892000,2026-06-19,Ink,native-oft,48393589,66359735.249513,ok
1781892000,2026-06-19,Mantle,native-oft,96880844,369492892.191468,ok
1781892000,2026-06-19,Monad,native-oft,82356832,0.000000,not-deployed
1781892000,2026-06-19,Morph,native-oft,23903014,2269447.128099,ok
1781892000,2026-06-19,Optimism,native-oft,153146611,9511152.842885,ok
1781892000,2026-06-19,Optimism_L1Bridge,legacy-escrow,25353277,190447577.246119,ok
1781892000,2026-06-19,Plasma,native-oft,24952105,918932036.954922,ok
1781892000,2026-06-19,Polygon,upgraded-in-place,88791336,899046464.689321,ok
1781892000,2026-06-19,Polygon_ERC20Pred,legacy-escrow,25353277,0.020000,ok
1781892000,2026-06-19,Rootstock,native-oft,8963243,1473398.827726,ok
1781892000,2026-06-19,Stable,native-oft,,0.000000,pre-history
1781892000,2026-06-19,Tempo,native-oft,26020169,8935820.766058,ok
1781892000,2026-06-19,USDT0_lockbox,collateral,25353277,3689410533.326862,ok
1781892000,2026-06-19,Unichain,native-oft,51143641,6417537.545517,ok
1781892000,2026-06-19,XLayer,native-oft,63122964,107901166.874223,ok
1782064800,2026-06-21,Arbitrum,upgraded-in-place,475889646,967590618.965932,ok
1782064800,2026-06-21,Arbitrum_L1Gateway,legacy-escrow,25367618,138801.494111,ok
1782064800,2026-06-21,Berachain,native-oft,22525041,37368945.992675,ok
1782064800,2026-06-21,Conflux,native-oft,150392655,5859548.388364,ok
1782064800,2026-06-21,Flare,native-oft,63401057,24253164.371267,ok
1782064800,2026-06-21,HyperEVM,native-oft,38439469,161317468.170509,ok
1782064800,2026-06-21,Ink,native-oft,48566389,66055922.331715,ok
1782064800,2026-06-21,Mantle,native-oft,96967244,364312261.490601,ok
1782064800,2026-06-21,Monad,native-oft,82787953,0.000000,not-deployed
1782064800,2026-06-21,Morph,native-oft,23949241,2260321.491949,ok
1782064800,2026-06-21,Optimism,native-oft,153233011,9504329.262524,ok
1782064800,2026-06-21,Optimism_L1Bridge,legacy-escrow,25367618,192424707.121844,ok
1782064800,2026-06-21,Plasma,native-oft,25124905,925530191.961533,ok
1782064800,2026-06-21,Polygon,upgraded-in-place,88906536,898618567.550362,ok
1782064800,2026-06-21,Polygon_ERC20Pred,legacy-escrow,25367618,0.020000,ok
1782064800,2026-06-21,Rootstock,native-oft,8970252,1443447.981125,ok
1782064800,2026-06-21,Stable,native-oft,,0.000000,pre-history
1782064800,2026-06-21,Tempo,native-oft,26338187,8646768.098876,ok
1782064800,2026-06-21,USDT0_lockbox,collateral,25367618,3669988663.482887,ok
1782064800,2026-06-21,Unichain,native-oft,51316441,6413991.012566,ok
1782064800,2026-06-21,XLayer,native-oft,63295764,108050615.440527,ok
1782237600,2026-06-23,Arbitrum,upgraded-in-place,476581000,950697210.178692,ok
1782237600,2026-06-23,Arbitrum_L1Gateway,legacy-escrow,25381963,138801.494111,ok
1782237600,2026-06-23,Berachain,native-oft,22611442,37350628.095453,ok
1782237600,2026-06-23,Conflux,native-oft,150541575,5757560.419983,ok
1782237600,2026-06-23,Flare,native-oft,63541407,24161204.292536,ok
1782237600,2026-06-23,HyperEVM,native-oft,38615149,161670847.440747,ok
1782237600,2026-06-23,Ink,native-oft,48739189,70323873.483664,ok
1782237600,2026-06-23,Mantle,native-oft,97053644,360213547.992574,ok
1782237600,2026-06-23,Monad,native-oft,83218653,0.000000,not-deployed
1782237600,2026-06-23,Morph,native-oft,24001525,2243801.412439,ok
1782237600,2026-06-23,Optimism,native-oft,153319411,9548498.053207,ok
1782237600,2026-06-23,Optimism_L1Bridge,legacy-escrow,25381963,194373664.073966,ok
1782237600,2026-06-23,Plasma,native-oft,25297439,921151126.770387,ok
1782237600,2026-06-23,Polygon,upgraded-in-place,89021736,888818293.034145,ok
1782237600,2026-06-23,Polygon_ERC20Pred,legacy-escrow,25381963,0.020000,ok
1782237600,2026-06-23,Rootstock,native-oft,8977283,1350422.312798,ok
1782237600,2026-06-23,Stable,native-oft,,0.000000,pre-history
1782237600,2026-06-23,Tempo,native-oft,26655555,8708724.825101,ok
1782237600,2026-06-23,USDT0_lockbox,collateral,25381963,3637303676.347710,ok
1782237600,2026-06-23,Unichain,native-oft,51489241,6385883.498430,ok
1782237600,2026-06-23,XLayer,native-oft,63468564,108735843.125418,ok
1782410400,2026-06-25,Arbitrum,upgraded-in-place,477273060,949990915.335546,ok
1782410400,2026-06-25,Arbitrum_L1Gateway,legacy-escrow,25396290,138801.494111,ok
1782410400,2026-06-25,Berachain,native-oft,22697839,37314119.806208,ok
1782410400,2026-06-25,Conflux,native-oft,150688231,5758230.405307,ok
1782410400,2026-06-25,Flare,native-oft,63686309,24491558.165822,ok
1782410400,2026-06-25,HyperEVM,native-oft,38790829,163049731.025777,ok
1782410400,2026-06-25,Ink,native-oft,48911989,68629598.154125,ok
1782410400,2026-06-25,Mantle,native-oft,97140044,377076729.806236,ok
1782410400,2026-06-25,Monad,native-oft,83650009,0.000000,not-deployed
1782410400,2026-06-25,Morph,native-oft,24055227,2232455.528709,ok
1782410400,2026-06-25,Optimism,native-oft,153405811,9667965.090540,ok
1782410400,2026-06-25,Optimism_L1Bridge,legacy-escrow,25396290,212222107.682003,ok
1782410400,2026-06-25,Plasma,native-oft,25470073,912900751.135519,ok
1782410400,2026-06-25,Polygon,upgraded-in-place,89136936,889180587.125324,ok
1782410400,2026-06-25,Polygon_ERC20Pred,legacy-escrow,25396290,0.020000,ok
1782410400,2026-06-25,Rootstock,native-oft,8984267,1472306.841335,ok
1782410400,2026-06-25,Stable,native-oft,,0.000000,pre-history
1782410400,2026-06-25,Tempo,native-oft,26972131,8630906.493480,ok
1782410400,2026-06-25,USDT0_lockbox,collateral,25396290,3644847175.367632,ok
1782410400,2026-06-25,Unichain,native-oft,51662041,6101441.771766,ok
1782410400,2026-06-25,XLayer,native-oft,63641364,108966770.618431,ok
1782583200,2026-06-27,Arbitrum,upgraded-in-place,477965148,951980243.189485,ok
1782583200,2026-06-27,Arbitrum_L1Gateway,legacy-escrow,25410630,138801.494111,ok
1782583200,2026-06-27,Berachain,native-oft,22784242,38298906.757967,ok
1782583200,2026-06-27,Conflux,native-oft,150834559,5788027.799488,ok
1782583200,2026-06-27,Flare,native-oft,63826916,24522244.751622,ok
1782583200,2026-06-27,HyperEVM,native-oft,38966421,155126263.588269,ok
1782583200,2026-06-27,Ink,native-oft,49084789,67563354.972553,ok
1782583200,2026-06-27,Mantle,native-oft,97226444,374087204.196481,ok
1782583200,2026-06-27,Monad,native-oft,84081949,0.000000,not-deployed
1782583200,2026-06-27,Morph,native-oft,24107721,2229127.840080,ok
1782583200,2026-06-27,Optimism,native-oft,153492211,9809459.502748,ok
1782583200,2026-06-27,Optimism_L1Bridge,legacy-escrow,25410630,214449575.154010,ok
1782583200,2026-06-27,Plasma,native-oft,25642871,921704060.823337,ok
1782583200,2026-06-27,Polygon,upgraded-in-place,89252136,897344879.008907,ok
1782583200,2026-06-27,Polygon_ERC20Pred,legacy-escrow,25410630,0.020000,ok
1782583200,2026-06-27,Rootstock,native-oft,8991486,1474771.989283,ok
1782583200,2026-06-27,Stable,native-oft,,0.000000,pre-history
1782583200,2026-06-27,Tempo,native-oft,27288351,8829651.651492,ok
1782583200,2026-06-27,USDT0_lockbox,collateral,25410630,3652271789.560656,ok
1782583200,2026-06-27,Unichain,native-oft,51834841,6090336.544646,ok
1782583200,2026-06-27,XLayer,native-oft,63814164,109118161.994080,ok
1782756000,2026-06-29,Arbitrum,upgraded-in-place,478657221,963569032.198321,ok
1782756000,2026-06-29,Arbitrum_L1Gateway,legacy-escrow,25424971,138801.494111,ok
1782756000,2026-06-29,Berachain,native-oft,22870642,38273637.268692,ok
1782756000,2026-06-29,Conflux,native-oft,150981699,5797146.401785,ok
1782756000,2026-06-29,Flare,native-oft,63967040,24326861.854270,ok
1782756000,2026-06-29,HyperEVM,native-oft,39142101,155972854.997074,ok
1782756000,2026-06-29,Ink,native-oft,49257589,65911782.193304,ok
1782756000,2026-06-29,Mantle,native-oft,97312844,382905117.381776,ok
1782756000,2026-06-29,Monad,native-oft,84514132,0.000000,not-deployed
1782756000,2026-06-29,Morph,native-oft,24158868,2230129.122908,ok
1782756000,2026-06-29,Optimism,native-oft,153578611,9829772.148636,ok
1782756000,2026-06-29,Optimism_L1Bridge,legacy-escrow,25424971,217649312.628074,ok
1782756000,2026-06-29,Plasma,native-oft,25815671,929567347.771669,ok
1782756000,2026-06-29,Polygon,upgraded-in-place,89367336,896893385.671457,ok
1782756000,2026-06-29,Polygon_ERC20Pred,legacy-escrow,25424971,0.020000,ok
1782756000,2026-06-29,Rootstock,native-oft,8998642,1435310.064363,ok
1782756000,2026-06-29,Stable,native-oft,,0.000000,pre-history
1782756000,2026-06-29,Tempo,native-oft,27604972,8735257.544149,ok
1782756000,2026-06-29,USDT0_lockbox,collateral,25424971,3679732100.675302,ok
1782756000,2026-06-29,Unichain,native-oft,52007641,6075867.439832,ok
1782756000,2026-06-29,XLayer,native-oft,63986964,109336942.027544,ok
1782928800,2026-07-01,Arbitrum,upgraded-in-place,479349297,969440189.673273,ok
1782928800,2026-07-01,Arbitrum_L1Gateway,legacy-escrow,25439313,138801.494111,ok
1782928800,2026-07-01,Berachain,native-oft,22957042,38154149.805652,ok
1782928800,2026-07-01,Conflux,native-oft,151127730,6546342.977781,ok
1782928800,2026-07-01,Flare,native-oft,64107562,23167175.475742,ok
1782928800,2026-07-01,HyperEVM,native-oft,39317781,157965339.134592,ok
1782928800,2026-07-01,Ink,native-oft,49430389,64775692.317286,ok
1782928800,2026-07-01,Mantle,native-oft,97399244,375140970.093269,ok
1782928800,2026-07-01,Monad,native-oft,84946272,0.000000,not-deployed
1782928800,2026-07-01,Morph,native-oft,24210264,4227730.329657,ok
1782928800,2026-07-01,Optimism,native-oft,153665011,9745334.644389,ok
1782928800,2026-07-01,Optimism_L1Bridge,legacy-escrow,25439313,217721210.667461,ok
1782928800,2026-07-01,Plasma,native-oft,25988465,892768871.481442,ok
1782928800,2026-07-01,Polygon,upgraded-in-place,89482536,902589544.653893,ok
1782928800,2026-07-01,Polygon_ERC20Pred,legacy-escrow,25439313,0.020000,ok
1782928800,2026-07-01,Rootstock,native-oft,9005703,1591170.186757,ok
1782928800,2026-07-01,Stable,native-oft,,0.000000,pre-history
1782928800,2026-07-01,Tempo,native-oft,27921545,8656359.995375,ok
1782928800,2026-07-01,USDT0_lockbox,collateral,25439313,3646241801.508241,ok
1782928800,2026-07-01,Unichain,native-oft,52180441,6074849.272337,ok
1782928800,2026-07-01,XLayer,native-oft,64159764,110009524.905630,ok
1783101600,2026-07-03,Arbitrum,upgraded-in-place,480041014,973936062.538336,ok
1783101600,2026-07-03,Arbitrum_L1Gateway,legacy-escrow,25453639,138801.494111,ok
1783101600,2026-07-03,Berachain,native-oft,23043442,37582527.292189,ok
1783101600,2026-07-03,Conflux,native-oft,151270823,7869886.408654,ok
1783101600,2026-07-03,Flare,native-oft,64255398,24267064.538586,ok
1783101600,2026-07-03,HyperEVM,native-oft,39493460,138812063.359956,ok
1783101600,2026-07-03,Ink,native-oft,49603189,65716401.990260,ok
1783101600,2026-07-03,Mantle,native-oft,97485644,375459245.727040,ok
1783101600,2026-07-03,Monad,native-oft,85377972,0.000000,not-deployed
1783101600,2026-07-03,Morph,native-oft,24262119,4227730.329657,ok
1783101600,2026-07-03,Optimism,native-oft,153751411,9760824.626922,ok
1783101600,2026-07-03,Optimism_L1Bridge,legacy-escrow,25453639,206789074.007152,ok
1783101600,2026-07-03,Plasma,native-oft,26161265,923333409.186222,ok
1783101600,2026-07-03,Polygon,upgraded-in-place,89597736,896782709.967255,ok
1783101600,2026-07-03,Polygon_ERC20Pred,legacy-escrow,25453639,0.020000,ok
1783101600,2026-07-03,Rootstock,native-oft,9012908,1684957.736844,ok
1783101600,2026-07-03,Stable,native-oft,,0.000000,pre-history
1783101600,2026-07-03,Tempo,native-oft,28230031,8825722.107972,ok
1783101600,2026-07-03,USDT0_lockbox,collateral,25453639,3679502977.344863,ok
1783101600,2026-07-03,Unichain,native-oft,52353241,6074737.749856,ok
1783101600,2026-07-03,XLayer,native-oft,64332564,110054881.837164,ok
1783274400,2026-07-05,Arbitrum,upgraded-in-place,480731965,977998767.161281,ok
1783274400,2026-07-05,Arbitrum_L1Gateway,legacy-escrow,25467974,138801.494111,ok
1783274400,2026-07-05,Berachain,native-oft,23129842,37611335.665785,ok
1783274400,2026-07-05,Conflux,native-oft,151422592,9488010.633147,ok
1783274400,2026-07-05,Flare,native-oft,64404046,24204447.839423,ok
1783274400,2026-07-05,HyperEVM,native-oft,39669051,137589466.209670,ok
1783274400,2026-07-05,Ink,native-oft,49775989,65043143.220306,ok
1783274400,2026-07-05,Mantle,native-oft,97572044,375376943.271169,ok
1783274400,2026-07-05,Monad,native-oft,85810307,0.000000,not-deployed
1783274400,2026-07-05,Morph,native-oft,24308923,4226730.329657,ok
1783274400,2026-07-05,Optimism,native-oft,153837811,9845195.904787,ok
1783274400,2026-07-05,Optimism_L1Bridge,legacy-escrow,25467974,208383823.086642,ok
1783274400,2026-07-05,Plasma,native-oft,26334065,916781662.388088,ok
1783274400,2026-07-05,Polygon,upgraded-in-place,89712936,897099135.889157,ok
1783274400,2026-07-05,Polygon_ERC20Pred,legacy-escrow,25467974,0.020000,ok
1783274400,2026-07-05,Rootstock,native-oft,9020034,1672466.510200,ok
1783274400,2026-07-05,Stable,native-oft,,0.000000,pre-history
1783274400,2026-07-05,Tempo,native-oft,28546386,8712655.850685,ok
1783274400,2026-07-05,USDT0_lockbox,collateral,25467974,3677641924.187183,ok
1783274400,2026-07-05,Unichain,native-oft,52526041,6095475.185231,ok
1783274400,2026-07-05,XLayer,native-oft,64505364,110101366.370937,ok
1783447200,2026-07-07,Arbitrum,upgraded-in-place,481423328,1001121900.277236,ok
1783447200,2026-07-07,Arbitrum_L1Gateway,legacy-escrow,25482324,138801.494111,ok
1783447200,2026-07-07,Berachain,native-oft,23216242,37594067.686086,ok
1783447200,2026-07-07,Conflux,native-oft,151567443,11574535.912599,ok
1783447200,2026-07-07,Flare,native-oft,64551392,23552249.155392,ok
1783447200,2026-07-07,HyperEVM,native-oft,39844731,124423308.139826,ok
1783447200,2026-07-07,Ink,native-oft,49948789,63774063.872814,ok
1783447200,2026-07-07,Mantle,native-oft,97658444,380504644.874796,ok
1783447200,2026-07-07,Monad,native-oft,86241982,0.000000,not-deployed
1783447200,2026-07-07,Morph,native-oft,24359421,4226730.329657,ok
1783447200,2026-07-07,Optimism,native-oft,153924211,9747010.746876,ok
1783447200,2026-07-07,Optimism_L1Bridge,legacy-escrow,25482324,210519388.998045,ok
1783447200,2026-07-07,Plasma,native-oft,26506861,899001885.947582,ok
1783447200,2026-07-07,Polygon,upgraded-in-place,89828136,899299584.337966,ok
1783447200,2026-07-07,Polygon_ERC20Pred,legacy-escrow,25482324,0.020000,ok
1783447200,2026-07-07,Rootstock,native-oft,9027129,1741413.440485,ok
1783447200,2026-07-07,Stable,native-oft,,0.000000,pre-history
1783447200,2026-07-07,Tempo,native-oft,28862606,9224124.856939,ok
1783447200,2026-07-07,USDT0_lockbox,collateral,25482324,3689618095.873086,ok
1783447200,2026-07-07,Unichain,native-oft,52698841,6125661.078897,ok
1783447200,2026-07-07,XLayer,native-oft,64678164,110033824.162402,ok
1783620000,2026-07-09,Arbitrum,upgraded-in-place,482115492,953535625.685655,ok
1783620000,2026-07-09,Arbitrum_L1Gateway,legacy-escrow,25496676,138801.494111,ok
1783620000,2026-07-09,Berachain,native-oft,23302642,37563531.813569,ok
1783620000,2026-07-09,Conflux,native-oft,151711961,12161661.153690,ok
1783620000,2026-07-09,Flare,native-oft,64701497,24048974.215601,ok
1783620000,2026-07-09,HyperEVM,native-oft,40020411,124336136.123098,ok
1783620000,2026-07-09,Ink,native-oft,50121589,63268408.135696,ok
1783620000,2026-07-09,Mantle,native-oft,97744844,407290078.251813,ok
1783620000,2026-07-09,Monad,native-oft,86672613,0.000000,not-deployed
1783620000,2026-07-09,Morph,native-oft,24408248,4226730.329657,ok
1783620000,2026-07-09,Optimism,native-oft,154010611,9775747.398021,ok
1783620000,2026-07-09,Optimism_L1Bridge,legacy-escrow,25496676,213289689.677562,ok
1783620000,2026-07-09,Plasma,native-oft,26679651,842199580.293459,ok
1783620000,2026-07-09,Polygon,upgraded-in-place,89943336,906771729.114190,ok
1783620000,2026-07-09,Polygon_ERC20Pred,legacy-escrow,25496676,0.020000,ok
1783620000,2026-07-09,Rootstock,native-oft,9034264,1695388.064042,ok
1783620000,2026-07-09,Stable,native-oft,,0.000000,pre-history
1783620000,2026-07-09,Tempo,native-oft,29178591,8801934.340206,ok
1783620000,2026-07-09,USDT0_lockbox,collateral,25496676,3593805510.940116,ok
1783620000,2026-07-09,Unichain,native-oft,52871641,6144136.976914,ok
1783620000,2026-07-09,XLayer,native-oft,64850964,110278928.350292,ok
1783792800,2026-07-11,Arbitrum,upgraded-in-place,482807345,953419321.645001,ok
1783792800,2026-07-11,Arbitrum_L1Gateway,legacy-escrow,25511024,138801.494111,ok
1783792800,2026-07-11,Berachain,native-oft,23389042,38546048.516294,ok
1783792800,2026-07-11,Conflux,native-oft,151857490,12807042.040874,ok
1783792800,2026-07-11,Flare,native-oft,64853016,24048333.329180,ok
1783792800,2026-07-11,HyperEVM,native-oft,40196004,126517206.554128,ok
1783792800,2026-07-11,Ink,native-oft,50294389,63063967.907622,ok
1783792800,2026-07-11,Mantle,native-oft,97831244,406749490.338982,ok
1783792800,2026-07-11,Monad,native-oft,87103664,0.000000,not-deployed
1783792800,2026-07-11,Morph,native-oft,24454930,4226730.329657,ok
1783792800,2026-07-11,Optimism,native-oft,154097011,9825959.175891,ok
1783792800,2026-07-11,Optimism_L1Bridge,legacy-escrow,25511024,217403099.904200,ok
1783792800,2026-07-11,Plasma,native-oft,26852447,828823463.253990,ok
1783792800,2026-07-11,Polygon,upgraded-in-place,90058536,905513005.006997,ok
1783792800,2026-07-11,Polygon_ERC20Pred,legacy-escrow,25511024,0.020000,ok
1783792800,2026-07-11,Rootstock,native-oft,9041406,1672946.050268,ok
1783792800,2026-07-11,Stable,native-oft,,0.000000,pre-history
1783792800,2026-07-11,Tempo,native-oft,29494832,9847694.497494,ok
1783792800,2026-07-11,USDT0_lockbox,collateral,25511024,3588146637.737224,ok
1783792800,2026-07-11,Unichain,native-oft,53044441,6126067.747091,ok
1783792800,2026-07-11,XLayer,native-oft,65023764,110450782.520981,ok
1783965600,2026-07-13,Arbitrum,upgraded-in-place,483498422,955944938.573651,ok
1783965600,2026-07-13,Arbitrum_L1Gateway,legacy-escrow,25525357,138801.494111,ok
1783965600,2026-07-13,Berachain,native-oft,23475442,38543798.439796,ok
1783965600,2026-07-13,Conflux,native-oft,152004294,13234497.099905,ok
1783965600,2026-07-13,Flare,native-oft,65002946,24259166.086303,ok
1783965600,2026-07-13,HyperEVM,native-oft,40371684,127548437.558840,ok
1783965600,2026-07-13,Ink,native-oft,50467189,64541656.052950,ok
1783965600,2026-07-13,Mantle,native-oft,97917644,407136632.109973,ok
1783965600,2026-07-13,Monad,native-oft,87534111,0.000000,not-deployed
1783965600,2026-07-13,Morph,native-oft,24504983,4703405.150080,ok
1783965600,2026-07-13,Optimism,native-oft,154183411,9853947.459052,ok
1783965600,2026-07-13,Optimism_L1Bridge,legacy-escrow,25525357,220755917.618511,ok
1783965600,2026-07-13,Plasma,native-oft,27025247,832720638.192345,ok
1783965600,2026-07-13,Polygon,upgraded-in-place,90173736,913564980.544302,ok
1783965600,2026-07-13,Polygon_ERC20Pred,legacy-escrow,25525357,0.020000,ok
1783965600,2026-07-13,Rootstock,native-oft,9048407,1620629.167114,ok
1783965600,2026-07-13,Stable,native-oft,,0.000000,pre-history
1783965600,2026-07-13,Tempo,native-oft,29811338,9055665.116781,ok
1783965600,2026-07-13,USDT0_lockbox,collateral,25525357,3629086916.004959,ok
1783965600,2026-07-13,Unichain,native-oft,53217241,6106498.343250,ok
1783965600,2026-07-13,XLayer,native-oft,65196564,110864205.497894,ok
1784138400,2026-07-15,Arbitrum,upgraded-in-place,484190368,958625102.815761,ok
1784138400,2026-07-15,Arbitrum_L1Gateway,legacy-escrow,25539704,138801.494111,ok
1784138400,2026-07-15,Berachain,native-oft,23561842,38328603.301447,ok
1784138400,2026-07-15,Conflux,native-oft,152150461,13381919.594352,ok
1784138400,2026-07-15,Flare,native-oft,65140145,24189451.273602,ok
1784138400,2026-07-15,HyperEVM,native-oft,40547364,129307557.937530,ok
1784138400,2026-07-15,Ink,native-oft,50639989,70418010.458406,ok
1784138400,2026-07-15,Mantle,native-oft,98004044,407156929.334183,ok
1784138400,2026-07-15,Monad,native-oft,87964721,0.000000,not-deployed
1784138400,2026-07-15,Morph,native-oft,24554579,4703405.150080,ok
1784138400,2026-07-15,Optimism,native-oft,154269811,9423425.011169,ok
1784138400,2026-07-15,Optimism_L1Bridge,legacy-escrow,25539704,222841189.709947,ok
1784138400,2026-07-15,Plasma,native-oft,27198047,797963372.809722,ok
1784138400,2026-07-15,Polygon,upgraded-in-place,90288936,915368707.708863,ok
1784138400,2026-07-15,Polygon_ERC20Pred,legacy-escrow,25539704,0.020000,ok
1784138400,2026-07-15,Rootstock,native-oft,9055493,1710354.655501,ok
1784138400,2026-07-15,Stable,native-oft,,0.000000,pre-history
1784138400,2026-07-15,Tempo,native-oft,30127200,9018468.910984,ok
1784138400,2026-07-15,USDT0_lockbox,collateral,25539704,3604276545.036925,ok
1784138400,2026-07-15,Unichain,native-oft,53390041,6085376.124352,ok
1784138400,2026-07-15,XLayer,native-oft,65369364,110948499.469633,ok
1784311200,2026-07-17,Arbitrum,upgraded-in-place,484881439,913203351.794141,ok
1784311200,2026-07-17,Arbitrum_L1Gateway,legacy-escrow,25554063,138801.494111,ok
1784311200,2026-07-17,Berachain,native-oft,23648242,38234778.765495,ok
1784311200,2026-07-17,Conflux,native-oft,152296459,13534436.500814,ok
1784311200,2026-07-17,Flare,native-oft,65291348,24097051.326236,ok
1784311200,2026-07-17,HyperEVM,native-oft,40723044,131008339.792013,ok
1784311200,2026-07-17,Ink,native-oft,50812789,70509089.071800,ok
1784311200,2026-07-17,Mantle,native-oft,98090444,407069620.096144,ok
1784311200,2026-07-17,Monad,native-oft,88395045,0.000000,not-deployed
1784311200,2026-07-17,Morph,native-oft,24605748,4703405.650080,ok
1784311200,2026-07-17,Optimism,native-oft,154356211,9585362.295067,ok
1784311200,2026-07-17,Optimism_L1Bridge,legacy-escrow,25554063,214987234.694328,ok
1784311200,2026-07-17,Plasma,native-oft,27370847,795852305.742878,ok
1784311200,2026-07-17,Polygon,upgraded-in-place,90404135,918177207.263017,ok
1784311200,2026-07-17,Polygon_ERC20Pred,legacy-escrow,25554063,0.020000,ok
1784311200,2026-07-17,Rootstock,native-oft,9062688,1652504.516679,ok
1784311200,2026-07-17,Stable,native-oft,,0.000000,pre-history
1784311200,2026-07-17,Tempo,native-oft,30434770,9056598.309075,ok
1784311200,2026-07-17,USDT0_lockbox,collateral,25554063,3576372446.270923,ok
1784311200,2026-07-17,Unichain,native-oft,53562841,6032477.306043,ok
1784311200,2026-07-17,XLayer,native-oft,65542164,111286689.406346,ok
1784484000,2026-07-19,Arbitrum,upgraded-in-place,485571752,920958527.934676,ok
1784484000,2026-07-19,Arbitrum_L1Gateway,legacy-escrow,25568407,138801.494111,ok
1784484000,2026-07-19,Berachain,native-oft,23734642,38283606.692627,ok
1784484000,2026-07-19,Conflux,native-oft,152442677,13799632.844147,ok
1784484000,2026-07-19,Flare,native-oft,65440060,23803252.066898,ok
1784484000,2026-07-19,HyperEVM,native-oft,40898634,127147332.872091,ok
1784484000,2026-07-19,Ink,native-oft,50985589,70514014.845468,ok
1784484000,2026-07-19,Mantle,native-oft,98176844,397310465.643777,ok
1784484000,2026-07-19,Monad,native-oft,88825618,0.000000,not-deployed
1784484000,2026-07-19,Morph,native-oft,24651514,4703405.650080,ok
1784484000,2026-07-19,Optimism,native-oft,154442611,9515251.197266,ok
1784484000,2026-07-19,Optimism_L1Bridge,legacy-escrow,25568407,216706134.616737,ok
1784484000,2026-07-19,Plasma,native-oft,27543647,754351384.154067,ok
1784484000,2026-07-19,Polygon,upgraded-in-place,90519335,916221899.369871,ok
1784484000,2026-07-19,Polygon_ERC20Pred,legacy-escrow,25568407,0.020000,ok
1784484000,2026-07-19,Rootstock,native-oft,9069813,1648765.981484,ok
1784484000,2026-07-19,Stable,native-oft,,0.000000,pre-history
1784484000,2026-07-19,Tempo,native-oft,30751484,9265869.309191,ok
1784484000,2026-07-19,USDT0_lockbox,collateral,25568407,3505875409.336802,ok
1784484000,2026-07-19,Unichain,native-oft,53735641,6010534.211798,ok
1784484000,2026-07-19,XLayer,native-oft,65714964,111496175.234826,ok
1784656800,2026-07-21,Arbitrum,upgraded-in-place,486262809,925865075.271224,ok
1784656800,2026-07-21,Arbitrum_L1Gateway,legacy-escrow,25582752,138801.494111,ok
1784656800,2026-07-21,Berachain,native-oft,23821042,38282321.500006,ok
1784656800,2026-07-21,Conflux,native-oft,152587521,13957169.503113,ok
1784656800,2026-07-21,Flare,native-oft,65589893,23926852.737065,ok
1784656800,2026-07-21,HyperEVM,native-oft,41074314,129067210.793798,ok
1784656800,2026-07-21,Ink,native-oft,51158389,70193878.448876,ok
1784656800,2026-07-21,Mantle,native-oft,98263244,399846587.110081,ok
1784656800,2026-07-21,Monad,native-oft,89256355,66834539.697388,ok
1784656800,2026-07-21,Morph,native-oft,24701389,4703405.650080,ok
1784656800,2026-07-21,Optimism,native-oft,154529011,9482852.957100,ok
1784656800,2026-07-21,Optimism_L1Bridge,legacy-escrow,25582752,219417486.911371,ok
1784656800,2026-07-21,Plasma,native-oft,27716447,740673321.786468,ok
1784656800,2026-07-21,Polygon,upgraded-in-place,90634535,904880336.134463,ok
1784656800,2026-07-21,Polygon_ERC20Pred,legacy-escrow,25582752,0.020000,ok
1784656800,2026-07-21,Rootstock,native-oft,9076935,1561079.133870,ok
1784656800,2026-07-21,Stable,native-oft,,0.000000,pre-history
1784656800,2026-07-21,Tempo,native-oft,31068030,9083394.134843,ok
1784656800,2026-07-21,USDT0_lockbox,collateral,25582752,3481872020.151856,ok
1784656800,2026-07-21,Unichain,native-oft,53908441,6002569.424515,ok
1784656800,2026-07-21,XLayer,native-oft,65887764,111473043.783797,ok
1784829600,2026-07-23,Arbitrum,upgraded-in-place,486953298,909221322.483125,ok
1784829600,2026-07-23,Arbitrum_L1Gateway,legacy-escrow,25597080,138794.985167,ok
1784829600,2026-07-23,Berachain,native-oft,23907442,38276277.649964,ok
1784829600,2026-07-23,Conflux,native-oft,152734595,14674449.111315,ok
1784829600,2026-07-23,Flare,native-oft,65739497,23428562.546528,ok
1784829600,2026-07-23,HyperEVM,native-oft,41249994,106842408.032567,ok
1784829600,2026-07-23,Ink,native-oft,51331189,67518968.296610,ok
1784829600,2026-07-23,Mantle,native-oft,98349644,395719817.755706,ok
1784829600,2026-07-23,Monad,native-oft,89697167,66793693.393001,ok
1784829600,2026-07-23,Morph,native-oft,24750860,4703405.650080,ok
1784829600,2026-07-23,Optimism,native-oft,154615411,9482676.675770,ok
1784829600,2026-07-23,Optimism_L1Bridge,legacy-escrow,25597080,221857448.296652,ok
1784829600,2026-07-23,Plasma,native-oft,27889247,751126615.071005,ok
1784829600,2026-07-23,Polygon,upgraded-in-place,90749735,869987722.586910,ok
1784829600,2026-07-23,Polygon_ERC20Pred,legacy-escrow,25597080,0.020000,ok
1784829600,2026-07-23,Rootstock,native-oft,9084218,1728679.843397,ok
1784829600,2026-07-23,Stable,native-oft,32846438,0.000000,not-deployed
1784829600,2026-07-23,Tempo,native-oft,31376983,9080183.596578,ok
1784829600,2026-07-23,USDT0_lockbox,collateral,25597080,3421080302.204287,ok
1784829600,2026-07-23,Unichain,native-oft,54081241,6002328.218294,ok
1784829600,2026-07-23,XLayer,native-oft,66060564,111927066.112992,ok
1785002400,2026-07-25,Arbitrum,upgraded-in-place,487644255,884700972.502031,ok
1785002400,2026-07-25,Arbitrum_L1Gateway,legacy-escrow,25611438,138794.985167,ok
1785002400,2026-07-25,Berachain,native-oft,23993842,38236354.554705,ok
1785002400,2026-07-25,Conflux,native-oft,152882891,16071349.831713,ok
1785002400,2026-07-25,Flare,native-oft,65889774,23260857.702991,ok
1785002400,2026-07-25,HyperEVM,native-oft,41425601,108241104.021013,ok
1785002400,2026-07-25,Ink,native-oft,51503989,67053232.668865,ok
1785002400,2026-07-25,Mantle,native-oft,98436044,393348309.614824,ok
1785002400,2026-07-25,Monad,native-oft,90268042,72089507.727789,ok
1785002400,2026-07-25,Morph,native-oft,24800299,4703405.650080,ok
1785002400,2026-07-25,Optimism,native-oft,154701811,9665372.294493,ok
1785002400,2026-07-25,Optimism_L1Bridge,legacy-escrow,25611438,214896797.793039,ok
1785002400,2026-07-25,Plasma,native-oft,28062044,734903632.059413,ok
1785002400,2026-07-25,Polygon,upgraded-in-place,90864935,867193598.814407,ok
1785002400,2026-07-25,Polygon_ERC20Pred,legacy-escrow,25611438,0.020000,ok
1785002400,2026-07-25,Rootstock,native-oft,9091309,1733812.528628,ok
1785002400,2026-07-25,Stable,native-oft,33090546,29911386.322398,ok
1785002400,2026-07-25,Tempo,native-oft,31687154,9276700.144211,ok
1785002400,2026-07-25,USDT0_lockbox,collateral,25611438,3383428555.426198,ok
1785002400,2026-07-25,Unichain,native-oft,54254041,5937095.821203,ok
1785002400,2026-07-25,XLayer,native-oft,66233364,112007714.756138,ok
