ts,date_utc,entity,class,block,value_usd,status
1753484400,2025-07-25,Arbitrum,upgraded-in-place,361567703,1002267197.661387,ok
1753484400,2025-07-25,Arbitrum_L1Gateway,legacy-escrow,22999296,139783.021025,ok
1753484400,2025-07-25,Berachain,native-oft,8225095,1615310.339184,ok
1753484400,2025-07-25,Flare,native-oft,45108998,71831616.442744,ok
1753484400,2025-07-25,HyperEVM,native-oft,9389635,91855417.857983,ok
1753484400,2025-07-25,Ink,native-oft,19985989,75057150.679201,ok
1753484400,2025-07-25,Mantle,native-oft,82677044,0.000000,not-deployed
1753484400,2025-07-25,Optimism,native-oft,138942811,0.000000,not-deployed
1753484400,2025-07-25,Optimism_L1Bridge,legacy-escrow,22999296,243187532.287885,ok
1753484400,2025-07-25,Plasma,native-oft,,0.000000,pre-history
1753484400,2025-07-25,Polygon,upgraded-in-place,74409664,1245099546.256992,ok
1753484400,2025-07-25,Polygon_ERC20Pred,legacy-escrow,22999296,0.000000,ok
1753484400,2025-07-25,Rootstock,native-oft,7817588,2011326.761850,ok
1753484400,2025-07-25,USDT0_lockbox,collateral,22999296,1421554289.717671,ok
1753484400,2025-07-25,Unichain,native-oft,22736041,137590487.537630,ok
1753484400,2025-07-25,XLayer,native-oft,26563344,0.000000,not-deployed
1753657200,2025-07-27,Arbitrum,upgraded-in-place,362259444,1017381905.957732,ok
1753657200,2025-07-27,Arbitrum_L1Gateway,legacy-escrow,23013627,139783.021025,ok
1753657200,2025-07-27,Berachain,native-oft,8315664,1594214.962424,ok
1753657200,2025-07-27,Flare,native-oft,45208431,68308873.903982,ok
1753657200,2025-07-27,HyperEVM,native-oft,9562700,92910143.448803,ok
1753657200,2025-07-27,Ink,native-oft,20158789,74799022.424092,ok
1753657200,2025-07-27,Mantle,native-oft,82763444,0.000000,not-deployed
1753657200,2025-07-27,Optimism,native-oft,139029211,0.000000,not-deployed
1753657200,2025-07-27,Optimism_L1Bridge,legacy-escrow,23013627,243209255.684481,ok
1753657200,2025-07-27,Plasma,native-oft,,0.000000,pre-history
1753657200,2025-07-27,Polygon,upgraded-in-place,74490694,1244969180.845306,ok
1753657200,2025-07-27,Polygon_ERC20Pred,legacy-escrow,23013627,0.000000,ok
1753657200,2025-07-27,Rootstock,native-oft,7824740,2063164.325819,ok
1753657200,2025-07-27,USDT0_lockbox,collateral,23013627,1424421340.586153,ok
1753657200,2025-07-27,Unichain,native-oft,22908841,127073997.884169,ok
1753657200,2025-07-27,XLayer,native-oft,26982680,0.000000,not-deployed
1753830000,2025-07-29,Arbitrum,upgraded-in-place,362951611,1065353378.712455,ok
1753830000,2025-07-29,Arbitrum_L1Gateway,legacy-escrow,23027930,139763.021025,ok
1753830000,2025-07-29,Berachain,native-oft,8405775,1714363.308704,ok
1753830000,2025-07-29,Flare,native-oft,45308342,82897402.605581,ok
1753830000,2025-07-29,HyperEVM,native-oft,9738379,92147625.113271,ok
1753830000,2025-07-29,Ink,native-oft,20331589,75825372.922068,ok
1753830000,2025-07-29,Mantle,native-oft,82849844,0.000000,not-deployed
1753830000,2025-07-29,Optimism,native-oft,139115611,0.000000,not-deployed
1753830000,2025-07-29,Optimism_L1Bridge,legacy-escrow,23027930,253260847.684481,ok
1753830000,2025-07-29,Plasma,native-oft,,0.000000,pre-history
1753830000,2025-07-29,Polygon,upgraded-in-place,74571964,1226419223.065705,ok
1753830000,2025-07-29,Polygon_ERC20Pred,legacy-escrow,23027930,0.000000,ok
1753830000,2025-07-29,Rootstock,native-oft,7831766,2172274.206785,ok
1753830000,2025-07-29,USDT0_lockbox,collateral,23027930,1490349698.196676,ok
1753830000,2025-07-29,Unichain,native-oft,23081641,130739297.789923,ok
1753830000,2025-07-29,XLayer,native-oft,27402001,0.000000,not-deployed
1754002800,2025-07-31,Arbitrum,upgraded-in-place,363643540,1065820541.752459,ok
1754002800,2025-07-31,Arbitrum_L1Gateway,legacy-escrow,23042215,139763.021025,ok
1754002800,2025-07-31,Berachain,native-oft,8496345,1829523.777157,ok
1754002800,2025-07-31,Flare,native-oft,45406665,81788649.084677,ok
1754002800,2025-07-31,HyperEVM,native-oft,9914059,90024388.620384,ok
1754002800,2025-07-31,Ink,native-oft,20504389,51001645.304119,ok
1754002800,2025-07-31,Mantle,native-oft,82936244,0.000000,not-deployed
1754002800,2025-07-31,Optimism,native-oft,139202011,0.000000,not-deployed
1754002800,2025-07-31,Optimism_L1Bridge,legacy-escrow,23042215,258265947.684481,ok
1754002800,2025-07-31,Plasma,native-oft,,0.000000,pre-history
1754002800,2025-07-31,Polygon,upgraded-in-place,74645799,1226389662.638968,ok
1754002800,2025-07-31,Polygon_ERC20Pred,legacy-escrow,23042215,0.000000,ok
1754002800,2025-07-31,Rootstock,native-oft,7838938,2049099.869339,ok
1754002800,2025-07-31,USDT0_lockbox,collateral,23042215,1454367183.834074,ok
1754002800,2025-07-31,Unichain,native-oft,23254441,121033158.871477,ok
1754002800,2025-07-31,XLayer,native-oft,27821249,0.000000,not-deployed
1754175600,2025-08-02,Arbitrum,upgraded-in-place,364335598,1088827459.148284,ok
1754175600,2025-08-02,Arbitrum_L1Gateway,legacy-escrow,23056513,139738.021025,ok
1754175600,2025-08-02,Berachain,native-oft,8586782,14302011.278918,ok
1754175600,2025-08-02,Flare,native-oft,45507448,80525148.339369,ok
1754175600,2025-08-02,HyperEVM,native-oft,10089551,105188569.242244,ok
1754175600,2025-08-02,Ink,native-oft,20677189,50933103.356409,ok
1754175600,2025-08-02,Mantle,native-oft,83022644,0.000000,not-deployed
1754175600,2025-08-02,Optimism,native-oft,139288411,0.000000,not-deployed
1754175600,2025-08-02,Optimism_L1Bridge,legacy-escrow,23056513,258533841.119432,ok
1754175600,2025-08-02,Plasma,native-oft,,0.000000,pre-history
1754175600,2025-08-02,Polygon,upgraded-in-place,74725633,1213888044.405962,ok
1754175600,2025-08-02,Polygon_ERC20Pred,legacy-escrow,23056513,0.000000,ok
1754175600,2025-08-02,Rootstock,native-oft,7846132,2329895.343294,ok
1754175600,2025-08-02,USDT0_lockbox,collateral,23056513,1494657717.544968,ok
1754175600,2025-08-02,Unichain,native-oft,23427241,106132319.530526,ok
1754175600,2025-08-02,XLayer,native-oft,28240409,0.000000,not-deployed
1754348400,2025-08-04,Arbitrum,upgraded-in-place,365027312,1105130089.851379,ok
1754348400,2025-08-04,Arbitrum_L1Gateway,legacy-escrow,23070846,139738.021025,ok
1754348400,2025-08-04,Berachain,native-oft,8676919,51229465.552782,ok
1754348400,2025-08-04,Flare,native-oft,45610088,84018800.897197,ok
1754348400,2025-08-04,HyperEVM,native-oft,10265231,112705946.953573,ok
1754348400,2025-08-04,Ink,native-oft,20849989,50770488.139355,ok
1754348400,2025-08-04,Mantle,native-oft,83109044,0.000000,not-deployed
1754348400,2025-08-04,Optimism,native-oft,139374811,0.000000,not-deployed
1754348400,2025-08-04,Optimism_L1Bridge,legacy-escrow,23070846,258547091.866831,ok
1754348400,2025-08-04,Plasma,native-oft,,0.000000,pre-history
1754348400,2025-08-04,Polygon,upgraded-in-place,74806669,1215139509.163141,ok
1754348400,2025-08-04,Polygon_ERC20Pred,legacy-escrow,23070846,0.000000,ok
1754348400,2025-08-04,Rootstock,native-oft,7853165,2787417.374916,ok
1754348400,2025-08-04,USDT0_lockbox,collateral,23070846,1549175384.294489,ok
1754348400,2025-08-04,Unichain,native-oft,23600041,96254951.577357,ok
1754348400,2025-08-04,XLayer,native-oft,28642280,0.000000,not-deployed
1754521200,2025-08-06,Arbitrum,upgraded-in-place,365716630,1131208617.969070,ok
1754521200,2025-08-06,Arbitrum_L1Gateway,legacy-escrow,23085165,139738.021025,ok
1754521200,2025-08-06,Berachain,native-oft,8766682,59291099.410685,ok
1754521200,2025-08-06,Flare,native-oft,45708209,95977765.427456,ok
1754521200,2025-08-06,HyperEVM,native-oft,10440910,120860093.211615,ok
1754521200,2025-08-06,Ink,native-oft,21022789,50726143.102739,ok
1754521200,2025-08-06,Mantle,native-oft,83195444,0.000000,not-deployed
1754521200,2025-08-06,Optimism,native-oft,139461211,0.000000,not-deployed
1754521200,2025-08-06,Optimism_L1Bridge,legacy-escrow,23085165,258655454.952133,ok
1754521200,2025-08-06,Plasma,native-oft,,0.000000,pre-history
1754521200,2025-08-06,Polygon,upgraded-in-place,74887709,1211614709.111150,ok
1754521200,2025-08-06,Polygon_ERC20Pred,legacy-escrow,23085165,0.000000,ok
1754521200,2025-08-06,Rootstock,native-oft,7860200,3445551.145369,ok
1754521200,2025-08-06,USDT0_lockbox,collateral,23085165,1589236562.374001,ok
1754521200,2025-08-06,Unichain,native-oft,23772841,83168202.141634,ok
1754521200,2025-08-06,XLayer,native-oft,29030337,0.000000,not-deployed
1754694000,2025-08-08,Arbitrum,upgraded-in-place,366409316,1127021925.305211,ok
1754694000,2025-08-08,Arbitrum_L1Gateway,legacy-escrow,23099478,139738.021025,ok
1754694000,2025-08-08,Berachain,native-oft,8856441,77681938.775315,ok
1754694000,2025-08-08,Flare,native-oft,45806709,71730797.487031,ok
1754694000,2025-08-08,HyperEVM,native-oft,10616588,124340299.682238,ok
1754694000,2025-08-08,Ink,native-oft,21195589,49913706.623986,ok
1754694000,2025-08-08,Mantle,native-oft,83281844,0.000000,not-deployed
1754694000,2025-08-08,Optimism,native-oft,139547611,0.000000,not-deployed
1754694000,2025-08-08,Optimism_L1Bridge,legacy-escrow,23099478,245255676.895574,ok
1754694000,2025-08-08,Plasma,native-oft,,0.000000,pre-history
1754694000,2025-08-08,Polygon,upgraded-in-place,74968806,1226773805.428259,ok
1754694000,2025-08-08,Polygon_ERC20Pred,legacy-escrow,23099478,0.000000,ok
1754694000,2025-08-08,Rootstock,native-oft,7867202,3783317.654709,ok
1754694000,2025-08-08,USDT0_lockbox,collateral,23099478,1615360934.111959,ok
1754694000,2025-08-08,Unichain,native-oft,23945641,101798683.434133,ok
1754694000,2025-08-08,XLayer,native-oft,29426306,0.000000,not-deployed
1754866800,2025-08-10,Arbitrum,upgraded-in-place,367101713,1138933802.374991,ok
1754866800,2025-08-10,Arbitrum_L1Gateway,legacy-escrow,23113796,139738.021025,ok
1754866800,2025-08-10,Berachain,native-oft,8946119,86035802.271626,ok
1754866800,2025-08-10,Flare,native-oft,45903084,73422144.970766,ok
1754866800,2025-08-10,HyperEVM,native-oft,10792111,131377974.251133,ok
1754866800,2025-08-10,Ink,native-oft,21368389,50058387.227634,ok
1754866800,2025-08-10,Mantle,native-oft,83368244,0.000000,not-deployed
1754866800,2025-08-10,Optimism,native-oft,139634011,0.000000,not-deployed
1754866800,2025-08-10,Optimism_L1Bridge,legacy-escrow,23113796,245374552.861472,ok
1754866800,2025-08-10,Plasma,native-oft,,0.000000,pre-history
1754866800,2025-08-10,Polygon,upgraded-in-place,75050114,1227110236.835539,ok
1754866800,2025-08-10,Polygon_ERC20Pred,legacy-escrow,23113796,0.000000,ok
1754866800,2025-08-10,Rootstock,native-oft,7874321,3819367.739187,ok
1754866800,2025-08-10,USDT0_lockbox,collateral,23113796,1638748303.919064,ok
1754866800,2025-08-10,Unichain,native-oft,24118441,101892128.945589,ok
1754866800,2025-08-10,XLayer,native-oft,29820304,0.000000,not-deployed
1755039600,2025-08-12,Arbitrum,upgraded-in-place,367794013,1154906019.610367,ok
1755039600,2025-08-12,Arbitrum_L1Gateway,legacy-escrow,23128106,139738.021025,ok
1755039600,2025-08-12,Berachain,native-oft,9035434,95904525.998082,ok
1755039600,2025-08-12,Flare,native-oft,46001228,70697131.012467,ok
1755039600,2025-08-12,HyperEVM,native-oft,10967791,136545613.560423,ok
1755039600,2025-08-12,Ink,native-oft,21541189,50895632.740154,ok
1755039600,2025-08-12,Mantle,native-oft,83454644,0.000000,not-deployed
1755039600,2025-08-12,Optimism,native-oft,139720411,0.000000,not-deployed
1755039600,2025-08-12,Optimism_L1Bridge,legacy-escrow,23128106,245429261.459056,ok
1755039600,2025-08-12,Plasma,native-oft,,0.000000,pre-history
1755039600,2025-08-12,Polygon,upgraded-in-place,75131399,1237089359.267933,ok
1755039600,2025-08-12,Polygon_ERC20Pred,legacy-escrow,23128106,0.000000,ok
1755039600,2025-08-12,Rootstock,native-oft,7881367,3690765.553310,ok
1755039600,2025-08-12,USDT0_lockbox,collateral,23128106,1677274686.931667,ok
1755039600,2025-08-12,Unichain,native-oft,24291241,111068461.705444,ok
1755039600,2025-08-12,XLayer,native-oft,30210538,0.000000,not-deployed
1755212400,2025-08-14,Arbitrum,upgraded-in-place,368486525,1132303268.413548,ok
1755212400,2025-08-14,Arbitrum_L1Gateway,legacy-escrow,23142417,139728.017286,ok
1755212400,2025-08-14,Berachain,native-oft,9124682,85350872.398995,ok
1755212400,2025-08-14,Flare,native-oft,46097718,70172193.513576,ok
1755212400,2025-08-14,HyperEVM,native-oft,11143470,144354587.548823,ok
1755212400,2025-08-14,Ink,native-oft,21713989,49924829.289882,ok
1755212400,2025-08-14,Mantle,native-oft,83541044,0.000000,not-deployed
1755212400,2025-08-14,Optimism,native-oft,139806811,0.000000,not-deployed
1755212400,2025-08-14,Optimism_L1Bridge,legacy-escrow,23142417,227849183.632345,ok
1755212400,2025-08-14,Plasma,native-oft,,0.000000,pre-history
1755212400,2025-08-14,Polygon,upgraded-in-place,75212239,1275210132.814110,ok
1755212400,2025-08-14,Polygon_ERC20Pred,legacy-escrow,23142417,0.000000,ok
1755212400,2025-08-14,Rootstock,native-oft,7888317,3583883.396664,ok
1755212400,2025-08-14,USDT0_lockbox,collateral,23142417,1622368620.648614,ok
1755212400,2025-08-14,Unichain,native-oft,24464041,83652579.420965,ok
1755212400,2025-08-14,XLayer,native-oft,30601475,0.000000,not-deployed
1755385200,2025-08-16,Arbitrum,upgraded-in-place,369178529,1141002812.772169,ok
1755385200,2025-08-16,Arbitrum_L1Gateway,legacy-escrow,23156747,346330.941079,ok
1755385200,2025-08-16,Berachain,native-oft,9214378,58765042.925415,ok
1755385200,2025-08-16,Flare,native-oft,46197087,86317686.665064,ok
1755385200,2025-08-16,HyperEVM,native-oft,11319028,153877841.993158,ok
1755385200,2025-08-16,Ink,native-oft,21886789,49746817.809746,ok
1755385200,2025-08-16,Mantle,native-oft,83627444,0.000000,not-deployed
1755385200,2025-08-16,Optimism,native-oft,139893211,0.000000,not-deployed
1755385200,2025-08-16,Optimism_L1Bridge,legacy-escrow,23156747,202284667.549125,ok
1755385200,2025-08-16,Plasma,native-oft,,0.000000,pre-history
1755385200,2025-08-16,Polygon,upgraded-in-place,75293434,1305961917.441095,ok
1755385200,2025-08-16,Polygon_ERC20Pred,legacy-escrow,23156747,0.000000,ok
1755385200,2025-08-16,Rootstock,native-oft,7895465,3405472.972109,ok
1755385200,2025-08-16,USDT0_lockbox,collateral,23156747,1621042256.545487,ok
1755385200,2025-08-16,Unichain,native-oft,24636841,76621830.293347,ok
1755385200,2025-08-16,XLayer,native-oft,30947866,0.000000,not-deployed
1755558000,2025-08-18,Arbitrum,upgraded-in-place,369870320,1155967336.342498,ok
1755558000,2025-08-18,Arbitrum_L1Gateway,legacy-escrow,23171091,346330.941079,ok
1755558000,2025-08-18,Berachain,native-oft,9303968,65631019.258212,ok
1755558000,2025-08-18,Flare,native-oft,46294932,86241350.021512,ok
1755558000,2025-08-18,HyperEVM,native-oft,11494708,157061440.680910,ok
1755558000,2025-08-18,Ink,native-oft,22059589,49559329.343565,ok
1755558000,2025-08-18,Mantle,native-oft,83713844,0.000000,not-deployed
1755558000,2025-08-18,Optimism,native-oft,139979611,0.000000,not-deployed
1755558000,2025-08-18,Optimism_L1Bridge,legacy-escrow,23171091,203980791.535950,ok
1755558000,2025-08-18,Plasma,native-oft,,0.000000,pre-history
1755558000,2025-08-18,Polygon,upgraded-in-place,75374723,1375335135.424684,ok
1755558000,2025-08-18,Polygon_ERC20Pred,legacy-escrow,23171091,0.000000,ok
1755558000,2025-08-18,Rootstock,native-oft,7902453,3103631.561889,ok
1755558000,2025-08-18,USDT0_lockbox,collateral,23171091,1644242805.781537,ok
1755558000,2025-08-18,Unichain,native-oft,24809641,74292787.010805,ok
1755558000,2025-08-18,XLayer,native-oft,31255074,0.000000,not-deployed
1755730800,2025-08-20,Arbitrum,upgraded-in-place,370562484,961439397.319152,ok
1755730800,2025-08-20,Arbitrum_L1Gateway,legacy-escrow,23185436,346330.941079,ok
1755730800,2025-08-20,Berachain,native-oft,9393357,69672860.365380,ok
1755730800,2025-08-20,Flare,native-oft,46392005,81972440.211010,ok
1755730800,2025-08-20,HyperEVM,native-oft,11670388,184376656.658357,ok
1755730800,2025-08-20,Ink,native-oft,22232389,64360392.915922,ok
1755730800,2025-08-20,Mantle,native-oft,83800244,0.000000,not-deployed
1755730800,2025-08-20,Optimism,native-oft,140066011,0.000000,not-deployed
1755730800,2025-08-20,Optimism_L1Bridge,legacy-escrow,23185436,205568921.075038,ok
1755730800,2025-08-20,Plasma,native-oft,,0.000000,pre-history
1755730800,2025-08-20,Polygon,upgraded-in-place,75455903,1371285928.659403,ok
1755730800,2025-08-20,Polygon_ERC20Pred,legacy-escrow,23185436,0.000000,ok
1755730800,2025-08-20,Rootstock,native-oft,7909369,2944528.143892,ok
1755730800,2025-08-20,USDT0_lockbox,collateral,23185436,1505518698.964831,ok
1755730800,2025-08-20,Unichain,native-oft,24982441,90850961.104773,ok
1755730800,2025-08-20,XLayer,native-oft,31596046,0.000000,not-deployed
1755903600,2025-08-22,Arbitrum,upgraded-in-place,371254751,912022645.101081,ok
1755903600,2025-08-22,Arbitrum_L1Gateway,legacy-escrow,23199764,346330.941079,ok
1755903600,2025-08-22,Berachain,native-oft,9482473,55881530.392664,ok
1755903600,2025-08-22,Flare,native-oft,46487101,65517561.369054,ok
1755903600,2025-08-22,HyperEVM,native-oft,11846068,203243956.375748,ok
1755903600,2025-08-22,Ink,native-oft,22405189,63242160.763354,ok
1755903600,2025-08-22,Mantle,native-oft,83886644,0.000000,not-deployed
1755903600,2025-08-22,Optimism,native-oft,140152411,0.000000,not-deployed
1755903600,2025-08-22,Optimism_L1Bridge,legacy-escrow,23199764,207345821.371803,ok
1755903600,2025-08-22,Plasma,native-oft,,0.000000,pre-history
1755903600,2025-08-22,Polygon,upgraded-in-place,75536521,1371056077.926937,ok
1755903600,2025-08-22,Polygon_ERC20Pred,legacy-escrow,23199764,0.000000,ok
1755903600,2025-08-22,Rootstock,native-oft,7916282,2864248.259431,ok
1755903600,2025-08-22,USDT0_lockbox,collateral,23199764,1434189013.732163,ok
1755903600,2025-08-22,Unichain,native-oft,25155241,96396120.594591,ok
1755903600,2025-08-22,XLayer,native-oft,31916532,0.000000,not-deployed
1756076400,2025-08-24,Arbitrum,upgraded-in-place,371946704,918327901.065744,ok
1756076400,2025-08-24,Arbitrum_L1Gateway,legacy-escrow,23214097,346330.941079,ok
1756076400,2025-08-24,Berachain,native-oft,9571727,22428561.128923,ok
1756076400,2025-08-24,Flare,native-oft,46581375,67188056.085690,ok
1756076400,2025-08-24,HyperEVM,native-oft,12021042,165261802.266094,ok
1756076400,2025-08-24,Ink,native-oft,22577989,63317078.476775,ok
1756076400,2025-08-24,Mantle,native-oft,83973044,0.000000,not-deployed
1756076400,2025-08-24,Optimism,native-oft,140238811,0.000000,not-deployed
1756076400,2025-08-24,Optimism_L1Bridge,legacy-escrow,23214097,210775077.566275,ok
1756076400,2025-08-24,Plasma,native-oft,,0.000000,pre-history
1756076400,2025-08-24,Polygon,upgraded-in-place,75614843,1383932663.286176,ok
1756076400,2025-08-24,Polygon_ERC20Pred,legacy-escrow,23214097,0.000000,ok
1756076400,2025-08-24,Rootstock,native-oft,7923302,2806065.312461,ok
1756076400,2025-08-24,USDT0_lockbox,collateral,23214097,1395173011.619288,ok
1756076400,2025-08-24,Unichain,native-oft,25328041,91376998.120374,ok
1756076400,2025-08-24,XLayer,native-oft,32262011,0.000000,not-deployed
1756249200,2025-08-26,Arbitrum,upgraded-in-place,372639243,963023933.140993,ok
1756249200,2025-08-26,Arbitrum_L1Gateway,legacy-escrow,23228430,346311.918860,ok
1756249200,2025-08-26,Berachain,native-oft,9660589,40339134.502323,ok
1756249200,2025-08-26,Flare,native-oft,46678236,79920968.478771,ok
1756249200,2025-08-26,HyperEVM,native-oft,12196722,150214476.063127,ok
1756249200,2025-08-26,Ink,native-oft,22750789,63213214.192940,ok
1756249200,2025-08-26,Mantle,native-oft,84059444,0.000000,not-deployed
1756249200,2025-08-26,Optimism,native-oft,140325211,0.000000,not-deployed
1756249200,2025-08-26,Optimism_L1Bridge,legacy-escrow,23228430,203176314.800854,ok
1756249200,2025-08-26,Plasma,native-oft,,0.000000,pre-history
1756249200,2025-08-26,Polygon,upgraded-in-place,75695740,1348190238.736370,ok
1756249200,2025-08-26,Polygon_ERC20Pred,legacy-escrow,23228430,0.000000,ok
1756249200,2025-08-26,Rootstock,native-oft,7930256,2568478.472366,ok
1756249200,2025-08-26,USDT0_lockbox,collateral,23228430,1397829355.189944,ok
1756249200,2025-08-26,Unichain,native-oft,25500841,64334106.835195,ok
1756249200,2025-08-26,XLayer,native-oft,32610325,0.000000,not-deployed
1756422000,2025-08-28,Arbitrum,upgraded-in-place,373331606,885686364.952098,ok
1756422000,2025-08-28,Arbitrum_L1Gateway,legacy-escrow,23242755,346311.918860,ok
1756422000,2025-08-28,Berachain,native-oft,9747960,56946412.753562,ok
1756422000,2025-08-28,Flare,native-oft,46773606,63609712.186385,ok
1756422000,2025-08-28,HyperEVM,native-oft,12372402,170841578.961786,ok
1756422000,2025-08-28,Ink,native-oft,22923589,63324054.814098,ok
1756422000,2025-08-28,Mantle,native-oft,84145844,0.000000,not-deployed
1756422000,2025-08-28,Optimism,native-oft,140411611,0.000000,not-deployed
1756422000,2025-08-28,Optimism_L1Bridge,legacy-escrow,23242755,205050326.129682,ok
1756422000,2025-08-28,Plasma,native-oft,,0.000000,pre-history
1756422000,2025-08-28,Polygon,upgraded-in-place,75776808,1408314232.104264,ok
1756422000,2025-08-28,Polygon_ERC20Pred,legacy-escrow,23242755,0.000000,ok
1756422000,2025-08-28,Rootstock,native-oft,7937152,2578950.675220,ok
1756422000,2025-08-28,USDT0_lockbox,collateral,23242755,2767540614.837905,ok
1756422000,2025-08-28,Unichain,native-oft,25673641,83266525.547375,ok
1756422000,2025-08-28,XLayer,native-oft,32960679,0.000000,not-deployed
1756594800,2025-08-30,Arbitrum,upgraded-in-place,374023756,906642133.356410,ok
1756594800,2025-08-30,Arbitrum_L1Gateway,legacy-escrow,23257102,346311.918860,ok
1756594800,2025-08-30,Berachain,native-oft,9837672,67160743.095081,ok
1756594800,2025-08-30,Flare,native-oft,46869569,63362793.442348,ok
1756594800,2025-08-30,HyperEVM,native-oft,12548013,177789729.882275,ok
1756594800,2025-08-30,Ink,native-oft,23096389,63480535.317691,ok
1756594800,2025-08-30,Mantle,native-oft,84232244,0.000000,not-deployed
1756594800,2025-08-30,Optimism,native-oft,140498011,0.000000,not-deployed
1756594800,2025-08-30,Optimism_L1Bridge,legacy-escrow,23257102,207052551.479800,ok
1756594800,2025-08-30,Plasma,native-oft,,0.000000,pre-history
1756594800,2025-08-30,Polygon,upgraded-in-place,75857718,1406959494.709816,ok
1756594800,2025-08-30,Polygon_ERC20Pred,legacy-escrow,23257102,0.000000,ok
1756594800,2025-08-30,Rootstock,native-oft,7944223,2491151.105113,ok
1756594800,2025-08-30,USDT0_lockbox,collateral,23257102,2792341650.436797,ok
1756594800,2025-08-30,Unichain,native-oft,25846441,71043519.057008,ok
1756594800,2025-08-30,XLayer,native-oft,33324290,0.000000,ok
1756767600,2025-09-01,Arbitrum,upgraded-in-place,374715598,897204141.854678,ok
1756767600,2025-09-01,Arbitrum_L1Gateway,legacy-escrow,23271431,346311.918860,ok
1756767600,2025-09-01,Berachain,native-oft,9927278,76613384.720384,ok
1756767600,2025-09-01,Flare,native-oft,46965562,57340788.687116,ok
1756767600,2025-09-01,HyperEVM,native-oft,12723693,176818384.825310,ok
1756767600,2025-09-01,Ink,native-oft,23269189,63436358.199056,ok
1756767600,2025-09-01,Mantle,native-oft,84318644,0.000000,not-deployed
1756767600,2025-09-01,Optimism,native-oft,140584411,0.000000,not-deployed
1756767600,2025-09-01,Optimism_L1Bridge,legacy-escrow,23271431,207087544.603054,ok
1756767600,2025-09-01,Plasma,native-oft,,0.000000,pre-history
1756767600,2025-09-01,Polygon,upgraded-in-place,75938860,1408438263.025406,ok
1756767600,2025-09-01,Polygon_ERC20Pred,legacy-escrow,23271431,0.000000,ok
1756767600,2025-09-01,Rootstock,native-oft,7951283,2371666.228719,ok
1756767600,2025-09-01,USDT0_lockbox,collateral,23271431,2792560040.342999,ok
1756767600,2025-09-01,Unichain,native-oft,26019241,79402168.615009,ok
1756767600,2025-09-01,XLayer,native-oft,33688028,0.000000,ok
1756940400,2025-09-03,Arbitrum,upgraded-in-place,375407541,911136062.697533,ok
1756940400,2025-09-03,Arbitrum_L1Gateway,legacy-escrow,23285725,346311.918860,ok
1756940400,2025-09-03,Berachain,native-oft,10015881,75813194.370336,ok
1756940400,2025-09-03,Flare,native-oft,47065256,57072907.847670,ok
1756940400,2025-09-03,HyperEVM,native-oft,12899373,182964053.452931,ok
1756940400,2025-09-03,Ink,native-oft,23441989,63579728.341822,ok
1756940400,2025-09-03,Mantle,native-oft,84405044,0.000000,not-deployed
1756940400,2025-09-03,Optimism,native-oft,140670811,0.000000,not-deployed
1756940400,2025-09-03,Optimism_L1Bridge,legacy-escrow,23285725,209121624.379080,ok
1756940400,2025-09-03,Plasma,native-oft,12135,0.000000,not-deployed
1756940400,2025-09-03,Polygon,upgraded-in-place,76019992,1407775173.383501,ok
1756940400,2025-09-03,Polygon_ERC20Pred,legacy-escrow,23285725,0.000000,ok
1756940400,2025-09-03,Rootstock,native-oft,7958358,2268898.578730,ok
1756940400,2025-09-03,USDT0_lockbox,collateral,23285725,2802552647.938069,ok
1756940400,2025-09-03,Unichain,native-oft,26192041,73304893.705041,ok
1756940400,2025-09-03,XLayer,native-oft,34055892,0.000000,ok
1757113200,2025-09-05,Arbitrum,upgraded-in-place,376099541,911532227.118378,ok
1757113200,2025-09-05,Arbitrum_L1Gateway,legacy-escrow,23300047,346191.614690,ok
1757113200,2025-09-05,Berachain,native-oft,10102281,64439636.570592,ok
1757113200,2025-09-05,Flare,native-oft,47161567,57881061.706377,ok
1757113200,2025-09-05,HyperEVM,native-oft,13075053,187831386.018023,ok
1757113200,2025-09-05,Ink,native-oft,23614789,63688485.841316,ok
1757113200,2025-09-05,Mantle,native-oft,84491444,0.000000,not-deployed
1757113200,2025-09-05,Optimism,native-oft,140757211,0.000000,not-deployed
1757113200,2025-09-05,Optimism_L1Bridge,legacy-escrow,23300047,209079118.774423,ok
1757113200,2025-09-05,Plasma,native-oft,184935,0.000000,not-deployed
1757113200,2025-09-05,Polygon,upgraded-in-place,76101295,1435924840.102948,ok
1757113200,2025-09-05,Polygon_ERC20Pred,legacy-escrow,23300047,0.000000,ok
1757113200,2025-09-05,Rootstock,native-oft,7965440,2218869.051680,ok
1757113200,2025-09-05,USDT0_lockbox,collateral,23300047,2809942294.688095,ok
1757113200,2025-09-05,Unichain,native-oft,26364841,58293006.707185,ok
1757113200,2025-09-05,XLayer,native-oft,34409547,6.010000,ok
1757286000,2025-09-07,Arbitrum,upgraded-in-place,376790929,914396460.337271,ok
1757286000,2025-09-07,Arbitrum_L1Gateway,legacy-escrow,23314355,346171.614690,ok
1757286000,2025-09-07,Berachain,native-oft,10188681,67452422.204465,ok
1757286000,2025-09-07,Flare,native-oft,47257201,56763117.924604,ok
1757286000,2025-09-07,HyperEVM,native-oft,13250653,188813040.477009,ok
1757286000,2025-09-07,Ink,native-oft,23787589,63786795.218590,ok
1757286000,2025-09-07,Mantle,native-oft,84577844,0.000000,not-deployed
1757286000,2025-09-07,Optimism,native-oft,140843611,0.000000,not-deployed
1757286000,2025-09-07,Optimism_L1Bridge,legacy-escrow,23314355,209151120.198923,ok
1757286000,2025-09-07,Plasma,native-oft,357735,0.000000,not-deployed
1757286000,2025-09-07,Polygon,upgraded-in-place,76182607,1461501179.700396,ok
1757286000,2025-09-07,Polygon_ERC20Pred,legacy-escrow,23314355,0.000000,ok
1757286000,2025-09-07,Rootstock,native-oft,7972516,2244680.734372,ok
1757286000,2025-09-07,USDT0_lockbox,collateral,23314355,2837399261.120528,ok
1757286000,2025-09-07,Unichain,native-oft,26537641,53466817.661185,ok
1757286000,2025-09-07,XLayer,native-oft,34705341,171.545481,ok
1757458800,2025-09-09,Arbitrum,upgraded-in-place,377482884,857510118.535534,ok
1757458800,2025-09-09,Arbitrum_L1Gateway,legacy-escrow,23328683,346171.614690,ok
1757458800,2025-09-09,Berachain,native-oft,10275081,74692398.790827,ok
1757458800,2025-09-09,Flare,native-oft,47354311,65548080.971948,ok
1757458800,2025-09-09,HyperEVM,native-oft,13426333,209625911.491417,ok
1757458800,2025-09-09,Ink,native-oft,23960389,63421991.023763,ok
1757458800,2025-09-09,Mantle,native-oft,84664244,0.000000,not-deployed
1757458800,2025-09-09,Optimism,native-oft,140930011,0.000000,not-deployed
1757458800,2025-09-09,Optimism_L1Bridge,legacy-escrow,23328683,197524306.886694,ok
1757458800,2025-09-09,Plasma,native-oft,530535,0.000000,ok
1757458800,2025-09-09,Polygon,upgraded-in-place,76263760,1450914767.139471,ok
1757458800,2025-09-09,Polygon_ERC20Pred,legacy-escrow,23328683,0.000000,ok
1757458800,2025-09-09,Rootstock,native-oft,7979644,2248792.359586,ok
1757458800,2025-09-09,USDT0_lockbox,collateral,23328683,2840417779.807806,ok
1757458800,2025-09-09,Unichain,native-oft,26710441,68085721.907456,ok
1757458800,2025-09-09,XLayer,native-oft,35008956,14099417.040781,ok
1757631600,2025-09-11,Arbitrum,upgraded-in-place,378174465,873209318.702807,ok
1757631600,2025-09-11,Arbitrum_L1Gateway,legacy-escrow,23342959,346171.614690,ok
1757631600,2025-09-11,Berachain,native-oft,10361481,35111524.374742,ok
1757631600,2025-09-11,Flare,native-oft,47448551,65110446.275103,ok
1757631600,2025-09-11,HyperEVM,native-oft,13602013,177404295.723952,ok
1757631600,2025-09-11,Ink,native-oft,24133189,63366421.362117,ok
1757631600,2025-09-11,Mantle,native-oft,84750644,0.000000,not-deployed
1757631600,2025-09-11,Optimism,native-oft,141016411,0.000000,not-deployed
1757631600,2025-09-11,Optimism_L1Bridge,legacy-escrow,23342959,197524310.516694,ok
1757631600,2025-09-11,Plasma,native-oft,703335,0.000000,ok
1757631600,2025-09-11,Polygon,upgraded-in-place,76336463,1475945452.004484,ok
1757631600,2025-09-11,Polygon_ERC20Pred,legacy-escrow,23342959,0.000000,ok
1757631600,2025-09-11,Rootstock,native-oft,7986556,2346737.108972,ok
1757631600,2025-09-11,USDT0_lockbox,collateral,23342959,2816042617.292987,ok
1757631600,2025-09-11,Unichain,native-oft,26883241,62749036.436559,ok
1757631600,2025-09-11,XLayer,native-oft,35331566,22153443.274450,ok
1757804400,2025-09-13,Arbitrum,upgraded-in-place,378865596,888930369.930274,ok
1757804400,2025-09-13,Arbitrum_L1Gateway,legacy-escrow,23357292,139540.855695,ok
1757804400,2025-09-13,Berachain,native-oft,10447881,71998625.536477,ok
1757804400,2025-09-13,Flare,native-oft,47544284,64288715.793120,ok
1757804400,2025-09-13,HyperEVM,native-oft,13777619,185664779.748096,ok
1757804400,2025-09-13,Ink,native-oft,24305989,63374850.668293,ok
1757804400,2025-09-13,Mantle,native-oft,84837044,0.000000,not-deployed
1757804400,2025-09-13,Optimism,native-oft,141102811,0.000000,not-deployed
1757804400,2025-09-13,Optimism_L1Bridge,legacy-escrow,23357292,199087653.551272,ok
1757804400,2025-09-13,Plasma,native-oft,876128,133.000000,ok
1757804400,2025-09-13,Polygon,upgraded-in-place,76416343,1457239563.955050,ok
1757804400,2025-09-13,Polygon_ERC20Pred,legacy-escrow,23357292,0.000000,ok
1757804400,2025-09-13,Rootstock,native-oft,7993538,2350458.968845,ok
1757804400,2025-09-13,USDT0_lockbox,collateral,23357292,2856816106.702726,ok
1757804400,2025-09-13,Unichain,native-oft,27056041,63548615.990696,ok
1757804400,2025-09-13,XLayer,native-oft,35609010,22969178.833413,ok
1757977200,2025-09-15,Arbitrum,upgraded-in-place,379556345,898551748.557554,ok
1757977200,2025-09-15,Arbitrum_L1Gateway,legacy-escrow,23371616,139540.855695,ok
1757977200,2025-09-15,Berachain,native-oft,10534281,41438873.412654,ok
1757977200,2025-09-15,Flare,native-oft,47643907,64856628.041032,ok
1757977200,2025-09-15,HyperEVM,native-oft,13953299,166811014.289105,ok
1757977200,2025-09-15,Ink,native-oft,24478789,83322812.470075,ok
1757977200,2025-09-15,Mantle,native-oft,84923444,0.000000,not-deployed
1757977200,2025-09-15,Optimism,native-oft,141189211,0.000000,not-deployed
1757977200,2025-09-15,Optimism_L1Bridge,legacy-escrow,23371616,199090908.808998,ok
1757977200,2025-09-15,Plasma,native-oft,1048928,133.000000,ok
1757977200,2025-09-15,Polygon,upgraded-in-place,76496952,1439373121.007222,ok
1757977200,2025-09-15,Polygon_ERC20Pred,legacy-escrow,23371616,0.000000,ok
1757977200,2025-09-15,Rootstock,native-oft,8000534,2355526.491482,ok
1757977200,2025-09-15,USDT0_lockbox,collateral,23371616,2829940099.635078,ok
1757977200,2025-09-15,Unichain,native-oft,27228841,74663089.359113,ok
1757977200,2025-09-15,XLayer,native-oft,35867181,20364225.053547,ok
1758150000,2025-09-17,Arbitrum,upgraded-in-place,380247478,907070576.931830,ok
1758150000,2025-09-17,Arbitrum_L1Gateway,legacy-escrow,23385943,139540.855695,ok
1758150000,2025-09-17,Berachain,native-oft,10620681,28497968.186371,ok
1758150000,2025-09-17,Flare,native-oft,47740701,65111958.448560,ok
1758150000,2025-09-17,HyperEVM,native-oft,14128979,182964034.778636,ok
1758150000,2025-09-17,Ink,native-oft,24651589,83269673.265936,ok
1758150000,2025-09-17,Mantle,native-oft,85009844,0.000000,not-deployed
1758150000,2025-09-17,Optimism,native-oft,141275611,0.000000,not-deployed
1758150000,2025-09-17,Optimism_L1Bridge,legacy-escrow,23385943,201391548.956509,ok
1758150000,2025-09-17,Plasma,native-oft,1221728,434.950212,ok
1758150000,2025-09-17,Polygon,upgraded-in-place,76577415,1420901796.581152,ok
1758150000,2025-09-17,Polygon_ERC20Pred,legacy-escrow,23385943,0.000000,ok
1758150000,2025-09-17,Rootstock,native-oft,8007524,2245712.245816,ok
1758150000,2025-09-17,USDT0_lockbox,collateral,23385943,2829682487.244950,ok
1758150000,2025-09-17,Unichain,native-oft,27401641,80238008.453820,ok
1758150000,2025-09-17,XLayer,native-oft,36121825,22012875.476463,ok
1758322800,2025-09-19,Arbitrum,upgraded-in-place,380938930,932211264.850663,ok
1758322800,2025-09-19,Arbitrum_L1Gateway,legacy-escrow,23400264,139540.855695,ok
1758322800,2025-09-19,Berachain,native-oft,10707081,37791502.849700,ok
1758322800,2025-09-19,Flare,native-oft,47835100,65343054.591025,ok
1758322800,2025-09-19,HyperEVM,native-oft,14304659,193510462.472723,ok
1758322800,2025-09-19,Ink,native-oft,24824389,83334250.791263,ok
1758322800,2025-09-19,Mantle,native-oft,85096244,0.000000,not-deployed
1758322800,2025-09-19,Optimism,native-oft,141362011,0.000000,not-deployed
1758322800,2025-09-19,Optimism_L1Bridge,legacy-escrow,23400264,201398102.791286,ok
1758322800,2025-09-19,Plasma,native-oft,1393940,1265.546900,ok
1758322800,2025-09-19,Polygon,upgraded-in-place,76658506,1418448887.428877,ok
1758322800,2025-09-19,Polygon_ERC20Pred,legacy-escrow,23400264,0.000000,ok
1758322800,2025-09-19,Rootstock,native-oft,8014435,2407002.610664,ok
1758322800,2025-09-19,USDT0_lockbox,collateral,23400264,2870588504.445493,ok
1758322800,2025-09-19,Unichain,native-oft,27574441,78137014.019255,ok
1758322800,2025-09-19,XLayer,native-oft,36421018,23503208.897432,ok
1758495600,2025-09-21,Arbitrum,upgraded-in-place,381630351,943471961.229113,ok
1758495600,2025-09-21,Arbitrum_L1Gateway,legacy-escrow,23414557,139545.355695,ok
1758495600,2025-09-21,Berachain,native-oft,10793481,37882545.173381,ok
1758495600,2025-09-21,Flare,native-oft,47930988,65554961.319864,ok
1758495600,2025-09-21,HyperEVM,native-oft,14480260,168895868.102523,ok
1758495600,2025-09-21,Ink,native-oft,24997189,83643434.962266,ok
1758495600,2025-09-21,Mantle,native-oft,85182644,0.000000,not-deployed
1758495600,2025-09-21,Optimism,native-oft,141448411,0.000000,not-deployed
1758495600,2025-09-21,Optimism_L1Bridge,legacy-escrow,23414557,202645292.579033,ok
1758495600,2025-09-21,Plasma,native-oft,1566740,2296.605288,ok
1758495600,2025-09-21,Polygon,upgraded-in-place,76739797,1412537591.887455,ok
1758495600,2025-09-21,Polygon_ERC20Pred,legacy-escrow,23414557,0.000000,ok
1758495600,2025-09-21,Rootstock,native-oft,8021233,2271778.860218,ok
1758495600,2025-09-21,USDT0_lockbox,collateral,23414557,2850427609.871854,ok
1758495600,2025-09-21,Unichain,native-oft,27747241,78654076.847480,ok
1758495600,2025-09-21,XLayer,native-oft,36721130,24163958.448144,ok
1758668400,2025-09-23,Arbitrum,upgraded-in-place,382322647,1004304430.742323,ok
1758668400,2025-09-23,Arbitrum_L1Gateway,legacy-escrow,23428873,139045.355695,ok
1758668400,2025-09-23,Berachain,native-oft,10879881,40467428.050897,ok
1758668400,2025-09-23,Flare,native-oft,48027359,67132783.167720,ok
1758668400,2025-09-23,HyperEVM,native-oft,14655939,139292093.909949,ok
1758668400,2025-09-23,Ink,native-oft,25169989,68933463.654958,ok
1758668400,2025-09-23,Mantle,native-oft,85269044,0.000000,not-deployed
1758668400,2025-09-23,Optimism,native-oft,141534811,0.000000,not-deployed
1758668400,2025-09-23,Optimism_L1Bridge,legacy-escrow,23428873,197988393.319428,ok
1758668400,2025-09-23,Plasma,native-oft,1739323,750057259.722123,ok
1758668400,2025-09-23,Polygon,upgraded-in-place,76820950,1424891408.117624,ok
1758668400,2025-09-23,Polygon_ERC20Pred,legacy-escrow,23428873,0.000000,ok
1758668400,2025-09-23,Rootstock,native-oft,8028094,2192216.283410,ok
1758668400,2025-09-23,USDT0_lockbox,collateral,23428873,3652249041.009924,ok
1758668400,2025-09-23,Unichain,native-oft,27920041,64503414.625388,ok
1758668400,2025-09-23,XLayer,native-oft,37036952,32235855.757574,ok
1758841200,2025-09-25,Arbitrum,upgraded-in-place,383015979,827396970.923744,ok
1758841200,2025-09-25,Arbitrum_L1Gateway,legacy-escrow,23443186,139045.355695,ok
1758841200,2025-09-25,Berachain,native-oft,10966281,39389840.668123,ok
1758841200,2025-09-25,Flare,native-oft,48131748,62360841.119090,ok
1758841200,2025-09-25,HyperEVM,native-oft,14831619,162619433.530985,ok
1758841200,2025-09-25,Ink,native-oft,25342789,68871314.860465,ok
1758841200,2025-09-25,Mantle,native-oft,85355444,0.000000,not-deployed
1758841200,2025-09-25,Optimism,native-oft,141621211,0.000000,not-deployed
1758841200,2025-09-25,Optimism_L1Bridge,legacy-escrow,23443186,206054958.065684,ok
1758841200,2025-09-25,Plasma,native-oft,1912123,3288692819.632821,ok
1758841200,2025-09-25,Polygon,upgraded-in-place,76901556,1408589386.375301,ok
1758841200,2025-09-25,Polygon_ERC20Pred,legacy-escrow,23443186,0.000000,ok
1758841200,2025-09-25,Rootstock,native-oft,8035024,2157937.618236,ok
1758841200,2025-09-25,USDT0_lockbox,collateral,23443186,5997727992.893959,ok
1758841200,2025-09-25,Unichain,native-oft,28092841,59341086.947595,ok
1758841200,2025-09-25,XLayer,native-oft,37365663,34531514.758712,ok
1759014000,2025-09-27,Arbitrum,upgraded-in-place,383708852,799006505.234875,ok
1759014000,2025-09-27,Arbitrum_L1Gateway,legacy-escrow,23457481,139045.355695,ok
1759014000,2025-09-27,Berachain,native-oft,11052681,43222074.952506,ok
1759014000,2025-09-27,Flare,native-oft,48231777,54800636.467455,ok
1759014000,2025-09-27,HyperEVM,native-oft,15007211,163041302.796817,ok
1759014000,2025-09-27,Ink,native-oft,25515589,69093224.475795,ok
1759014000,2025-09-27,Mantle,native-oft,85441844,0.000000,not-deployed
1759014000,2025-09-27,Optimism,native-oft,141707611,0.000000,not-deployed
1759014000,2025-09-27,Optimism_L1Bridge,legacy-escrow,23457481,206318132.679926,ok
1759014000,2025-09-27,Plasma,native-oft,2084818,4776839140.678055,ok
1759014000,2025-09-27,Polygon,upgraded-in-place,76982638,1414768512.791970,ok
1759014000,2025-09-27,Polygon_ERC20Pred,legacy-escrow,23457481,0.000000,ok
1759014000,2025-09-27,Rootstock,native-oft,8041941,2346639.215381,ok
1759014000,2025-09-27,USDT0_lockbox,collateral,23457481,7450403538.484775,ok
1759014000,2025-09-27,Unichain,native-oft,28265641,57108131.306260,ok
1759014000,2025-09-27,XLayer,native-oft,37706700,35573573.213769,ok
1759186800,2025-09-29,Arbitrum,upgraded-in-place,384400810,830903762.882955,ok
1759186800,2025-09-29,Arbitrum_L1Gateway,legacy-escrow,23471791,139045.355695,ok
1759186800,2025-09-29,Berachain,native-oft,11139081,43964821.443192,ok
1759186800,2025-09-29,Flare,native-oft,48329536,60423658.384475,ok
1759186800,2025-09-29,HyperEVM,native-oft,15182891,181741049.393201,ok
1759186800,2025-09-29,Ink,native-oft,25688389,68892172.384631,ok
1759186800,2025-09-29,Mantle,native-oft,85528244,0.000000,not-deployed
1759186800,2025-09-29,Optimism,native-oft,141794011,0.000000,not-deployed
1759186800,2025-09-29,Optimism_L1Bridge,legacy-escrow,23471791,207314302.679519,ok
1759186800,2025-09-29,Plasma,native-oft,2257618,4926265317.959388,ok
1759186800,2025-09-29,Polygon,upgraded-in-place,77063805,1400303845.896553,ok
1759186800,2025-09-29,Polygon_ERC20Pred,legacy-escrow,23471791,0.000000,ok
1759186800,2025-09-29,Rootstock,native-oft,8048860,2412302.030142,ok
1759186800,2025-09-29,USDT0_lockbox,collateral,23471791,7638230126.091683,ok
1759186800,2025-09-29,Unichain,native-oft,28438441,54842149.281501,ok
1759186800,2025-09-29,XLayer,native-oft,38047389,38284658.788049,ok
1759359600,2025-10-01,Arbitrum,upgraded-in-place,385093102,877197947.894139,ok
1759359600,2025-10-01,Arbitrum_L1Gateway,legacy-escrow,23486083,139045.355695,ok
1759359600,2025-10-01,Berachain,native-oft,11225481,48220618.367967,ok
1759359600,2025-10-01,Flare,native-oft,48429720,80153092.909298,ok
1759359600,2025-10-01,HyperEVM,native-oft,15358571,201572373.044579,ok
1759359600,2025-10-01,Ink,native-oft,25861189,68536739.618524,ok
1759359600,2025-10-01,Mantle,native-oft,85614644,0.000000,not-deployed
1759359600,2025-10-01,Optimism,native-oft,141880411,0.000000,not-deployed
1759359600,2025-10-01,Optimism_L1Bridge,legacy-escrow,23486083,207434050.748964,ok
1759359600,2025-10-01,Plasma,native-oft,2430418,4749091907.989163,ok
1759359600,2025-10-01,Polygon,upgraded-in-place,77144984,842156994.588890,ok
1759359600,2025-10-01,Polygon_ERC20Pred,legacy-escrow,23486083,0.000000,ok
1759359600,2025-10-01,Rootstock,native-oft,8055801,1915609.455090,ok
1759359600,2025-10-01,USDT0_lockbox,collateral,23486083,7016189257.141487,ok
1759359600,2025-10-01,Unichain,native-oft,28611241,54512348.082396,ok
1759359600,2025-10-01,XLayer,native-oft,38394199,57409608.397084,ok
1759532400,2025-10-03,Arbitrum,upgraded-in-place,385784875,948438844.753594,ok
1759532400,2025-10-03,Arbitrum_L1Gateway,legacy-escrow,23500395,139045.355695,ok
1759532400,2025-10-03,Berachain,native-oft,11311881,51657353.567071,ok
1759532400,2025-10-03,Flare,native-oft,48532914,80947437.697251,ok
1759532400,2025-10-03,HyperEVM,native-oft,15534250,169925707.427744,ok
1759532400,2025-10-03,Ink,native-oft,26033989,68347832.306970,ok
1759532400,2025-10-03,Mantle,native-oft,85701044,0.000000,not-deployed
1759532400,2025-10-03,Optimism,native-oft,141966811,0.000000,not-deployed
1759532400,2025-10-03,Optimism_L1Bridge,legacy-escrow,23500395,217365537.969579,ok
1759532400,2025-10-03,Plasma,native-oft,2603218,4555247046.439632,ok
1759532400,2025-10-03,Polygon,upgraded-in-place,77226257,875561343.245966,ok
1759532400,2025-10-03,Polygon_ERC20Pred,legacy-escrow,23500395,0.000000,ok
1759532400,2025-10-03,Rootstock,native-oft,8062766,2058289.780135,ok
1759532400,2025-10-03,USDT0_lockbox,collateral,23500395,6885144783.935575,ok
1759532400,2025-10-03,Unichain,native-oft,28784041,59066823.045767,ok
1759532400,2025-10-03,XLayer,native-oft,38739379,25118548.352003,ok
1759705200,2025-10-05,Arbitrum,upgraded-in-place,386476932,953432590.889264,ok
1759705200,2025-10-05,Arbitrum_L1Gateway,legacy-escrow,23514712,139045.355695,ok
1759705200,2025-10-05,Berachain,native-oft,11398281,50980023.632986,ok
1759705200,2025-10-05,Flare,native-oft,48628606,77890659.446452,ok
1759705200,2025-10-05,HyperEVM,native-oft,15709930,156001513.798352,ok
1759705200,2025-10-05,Ink,native-oft,26206789,68332897.121803,ok
1759705200,2025-10-05,Mantle,native-oft,85787444,0.000000,not-deployed
1759705200,2025-10-05,Optimism,native-oft,142053211,0.000000,not-deployed
1759705200,2025-10-05,Optimism_L1Bridge,legacy-escrow,23514712,217739915.448307,ok
1759705200,2025-10-05,Plasma,native-oft,2776018,4166453673.782634,ok
1759705200,2025-10-05,Polygon,upgraded-in-place,77307439,875380365.245579,ok
1759705200,2025-10-05,Polygon_ERC20Pred,legacy-escrow,23514712,0.000000,ok
1759705200,2025-10-05,Rootstock,native-oft,8069659,2243617.241698,ok
1759705200,2025-10-05,USDT0_lockbox,collateral,23514712,6473355163.935817,ok
1759705200,2025-10-05,Unichain,native-oft,28956841,59573546.316215,ok
1759705200,2025-10-05,XLayer,native-oft,39072845,28503540.055473,ok
1759878000,2025-10-07,Arbitrum,upgraded-in-place,387169598,942329721.259122,ok
1759878000,2025-10-07,Arbitrum_L1Gateway,legacy-escrow,23529021,139045.355695,ok
1759878000,2025-10-07,Berachain,native-oft,11484681,50631231.473809,ok
1759878000,2025-10-07,Flare,native-oft,48725165,78123961.864933,ok
1759878000,2025-10-07,HyperEVM,native-oft,15885610,172186484.178795,ok
1759878000,2025-10-07,Ink,native-oft,26379589,59208769.177718,ok
1759878000,2025-10-07,Mantle,native-oft,85873844,0.000000,not-deployed
1759878000,2025-10-07,Optimism,native-oft,142139611,0.000000,not-deployed
1759878000,2025-10-07,Optimism_L1Bridge,legacy-escrow,23529021,227992070.144811,ok
1759878000,2025-10-07,Plasma,native-oft,2948818,4385014117.278793,ok
1759878000,2025-10-07,Polygon,upgraded-in-place,77388709,863435194.944976,ok
1759878000,2025-10-07,Polygon_ERC20Pred,legacy-escrow,23529021,0.000000,ok
1759878000,2025-10-07,Rootstock,native-oft,8076551,2481655.650867,ok
1759878000,2025-10-07,USDT0_lockbox,collateral,23529021,6682736474.045111,ok
1759878000,2025-10-07,Unichain,native-oft,29129641,56403520.246428,ok
1759878000,2025-10-07,XLayer,native-oft,39414741,29679986.159724,ok
1760050800,2025-10-09,Arbitrum,upgraded-in-place,387862036,978004370.464779,ok
1760050800,2025-10-09,Arbitrum_L1Gateway,legacy-escrow,23543317,139045.355695,ok
1760050800,2025-10-09,Berachain,native-oft,11571081,54178349.447884,ok
1760050800,2025-10-09,Flare,native-oft,48823206,81821960.164906,ok
1760050800,2025-10-09,HyperEVM,native-oft,16061290,157240424.776496,ok
1760050800,2025-10-09,Ink,native-oft,26552389,60021367.098176,ok
1760050800,2025-10-09,Mantle,native-oft,85960244,0.000000,not-deployed
1760050800,2025-10-09,Optimism,native-oft,142226011,0.000000,not-deployed
1760050800,2025-10-09,Optimism_L1Bridge,legacy-escrow,23543317,228501217.647852,ok
1760050800,2025-10-09,Plasma,native-oft,3121611,4391112433.573379,ok
1760050800,2025-10-09,Polygon,upgraded-in-place,77473117,885970289.356647,ok
1760050800,2025-10-09,Polygon_ERC20Pred,legacy-escrow,23543317,0.000000,ok
1760050800,2025-10-09,Rootstock,native-oft,8083448,2456327.771223,ok
1760050800,2025-10-09,USDT0_lockbox,collateral,23543317,6758742293.176951,ok
1760050800,2025-10-09,Unichain,native-oft,29302441,56471047.119809,ok
1760050800,2025-10-09,XLayer,native-oft,39736889,29851790.154488,ok
1760223600,2025-10-11,Arbitrum,upgraded-in-place,388554664,1017316475.120691,ok
1760223600,2025-10-11,Arbitrum_L1Gateway,legacy-escrow,23557622,139045.355695,ok
1760223600,2025-10-11,Berachain,native-oft,11657481,60341038.015274,ok
1760223600,2025-10-11,Flare,native-oft,48925520,81890311.907703,ok
1760223600,2025-10-11,HyperEVM,native-oft,16236970,177153940.023155,ok
1760223600,2025-10-11,Ink,native-oft,26725189,60090466.284395,ok
1760223600,2025-10-11,Mantle,native-oft,86046644,0.000000,not-deployed
1760223600,2025-10-11,Optimism,native-oft,142312411,0.000000,not-deployed
1760223600,2025-10-11,Optimism_L1Bridge,legacy-escrow,23557622,232625577.890053,ok
1760223600,2025-10-11,Plasma,native-oft,3294194,4994839655.548957,ok
1760223600,2025-10-11,Polygon,upgraded-in-place,77559463,898962262.876605,ok
1760223600,2025-10-11,Polygon_ERC20Pred,legacy-escrow,23557622,0.000000,ok
1760223600,2025-10-11,Rootstock,native-oft,8090351,2392160.392744,ok
1760223600,2025-10-11,USDT0_lockbox,collateral,23557622,7412896348.904485,ok
1760223600,2025-10-11,Unichain,native-oft,29475241,37875751.161164,ok
1760223600,2025-10-11,XLayer,native-oft,40061959,25427832.117080,ok
1760396400,2025-10-13,Arbitrum,upgraded-in-place,389247044,1010726712.238543,ok
1760396400,2025-10-13,Arbitrum_L1Gateway,legacy-escrow,23571927,139045.355695,ok
1760396400,2025-10-13,Berachain,native-oft,11743881,60059765.713263,ok
1760396400,2025-10-13,Flare,native-oft,49023095,82924135.952813,ok
1760396400,2025-10-13,HyperEVM,native-oft,16412498,194269094.256523,ok
1760396400,2025-10-13,Ink,native-oft,26897989,59911086.169069,ok
1760396400,2025-10-13,Mantle,native-oft,86133044,0.000000,not-deployed
1760396400,2025-10-13,Optimism,native-oft,142398811,0.000000,not-deployed
1760396400,2025-10-13,Optimism_L1Bridge,legacy-escrow,23571927,216638016.603324,ok
1760396400,2025-10-13,Plasma,native-oft,3466994,5015453614.896574,ok
1760396400,2025-10-13,Polygon,upgraded-in-place,77645862,910170746.396374,ok
1760396400,2025-10-13,Polygon_ERC20Pred,legacy-escrow,23571927,0.000000,ok
1760396400,2025-10-13,Rootstock,native-oft,8097275,2391082.820961,ok
1760396400,2025-10-13,USDT0_lockbox,collateral,23571927,7447486716.136641,ok
1760396400,2025-10-13,Unichain,native-oft,29648041,39936353.678748,ok
1760396400,2025-10-13,XLayer,native-oft,40398032,23180945.846652,ok
1760569200,2025-10-15,Arbitrum,upgraded-in-place,389939447,1014738048.462338,ok
1760569200,2025-10-15,Arbitrum_L1Gateway,legacy-escrow,23586226,139040.350169,ok
1760569200,2025-10-15,Berachain,native-oft,11830281,57333605.049647,ok
1760569200,2025-10-15,Flare,native-oft,49120513,82996329.586705,ok
1760569200,2025-10-15,HyperEVM,native-oft,16588176,195299916.588985,ok
1760569200,2025-10-15,Ink,native-oft,27070789,79653819.357475,ok
1760569200,2025-10-15,Mantle,native-oft,86219444,0.000000,not-deployed
1760569200,2025-10-15,Optimism,native-oft,142485211,0.000000,not-deployed
1760569200,2025-10-15,Optimism_L1Bridge,legacy-escrow,23586226,210258572.859721,ok
1760569200,2025-10-15,Plasma,native-oft,3639794,5064137136.061670,ok
1760569200,2025-10-15,Polygon,upgraded-in-place,77732243,875967561.751269,ok
1760569200,2025-10-15,Polygon_ERC20Pred,legacy-escrow,23586226,0.000000,ok
1760569200,2025-10-15,Rootstock,native-oft,8104212,2407544.537063,ok
1760569200,2025-10-15,USDT0_lockbox,collateral,23586226,7470485956.867409,ok
1760569200,2025-10-15,Unichain,native-oft,29820841,39328658.451108,ok
1760569200,2025-10-15,XLayer,native-oft,40744548,22774267.393398,ok
1760742000,2025-10-17,Arbitrum,upgraded-in-place,390631484,982456441.840637,ok
1760742000,2025-10-17,Arbitrum_L1Gateway,legacy-escrow,23600523,139040.350169,ok
1760742000,2025-10-17,Berachain,native-oft,11916682,60319905.048192,ok
1760742000,2025-10-17,Flare,native-oft,49219969,85008613.223694,ok
1760742000,2025-10-17,HyperEVM,native-oft,16763856,183980436.455362,ok
1760742000,2025-10-17,Ink,native-oft,27243589,100081105.989876,ok
1760742000,2025-10-17,Mantle,native-oft,86305844,0.000000,not-deployed
1760742000,2025-10-17,Optimism,native-oft,142571611,0.000000,not-deployed
1760742000,2025-10-17,Optimism_L1Bridge,legacy-escrow,23600523,217986241.729382,ok
1760742000,2025-10-17,Plasma,native-oft,3812594,5349470406.086976,ok
1760742000,2025-10-17,Polygon,upgraded-in-place,77818634,897916232.405057,ok
1760742000,2025-10-17,Polygon_ERC20Pred,legacy-escrow,23600523,0.000000,ok
1760742000,2025-10-17,Rootstock,native-oft,8111102,2274749.787684,ok
1760742000,2025-10-17,USDT0_lockbox,collateral,23600523,7761309632.113699,ok
1760742000,2025-10-17,Unichain,native-oft,29993641,30549149.555253,ok
1760742000,2025-10-17,XLayer,native-oft,41099732,27349037.424910,ok
1760914800,2025-10-19,Arbitrum,upgraded-in-place,391322280,975084273.618392,ok
1760914800,2025-10-19,Arbitrum_L1Gateway,legacy-escrow,23614817,139040.350169,ok
1760914800,2025-10-19,Berachain,native-oft,12003081,29021051.139004,ok
1760914800,2025-10-19,Flare,native-oft,49315916,85656102.437941,ok
1760914800,2025-10-19,HyperEVM,native-oft,16939463,197679915.155929,ok
1760914800,2025-10-19,Ink,native-oft,27416389,88792696.448693,ok
1760914800,2025-10-19,Mantle,native-oft,86392244,0.000000,not-deployed
1760914800,2025-10-19,Optimism,native-oft,142658011,0.000000,not-deployed
1760914800,2025-10-19,Optimism_L1Bridge,legacy-escrow,23614817,218013682.234902,ok
1760914800,2025-10-19,Plasma,native-oft,3985394,5324350626.364326,ok
1760914800,2025-10-19,Polygon,upgraded-in-place,77905026,884516187.693827,ok
1760914800,2025-10-19,Polygon_ERC20Pred,legacy-escrow,23614817,0.000000,ok
1760914800,2025-10-19,Rootstock,native-oft,8118051,2215465.082245,ok
1760914800,2025-10-19,USDT0_lockbox,collateral,23614817,7688897402.202525,ok
1760914800,2025-10-19,Unichain,native-oft,30166441,38503693.881752,ok
1760914800,2025-10-19,XLayer,native-oft,41457636,28493326.554198,ok
1761087600,2025-10-21,Arbitrum,upgraded-in-place,392013277,1000470053.889704,ok
1761087600,2025-10-21,Arbitrum_L1Gateway,legacy-escrow,23629062,139040.350169,ok
1761087600,2025-10-21,Berachain,native-oft,12089481,26024569.475331,ok
1761087600,2025-10-21,Flare,native-oft,49413568,86175832.798151,ok
1761087600,2025-10-21,HyperEVM,native-oft,17115143,196550799.960923,ok
1761087600,2025-10-21,Ink,native-oft,27589189,103317645.620048,ok
1761087600,2025-10-21,Mantle,native-oft,86478644,0.000000,not-deployed
1761087600,2025-10-21,Optimism,native-oft,142744411,0.000000,not-deployed
1761087600,2025-10-21,Optimism_L1Bridge,legacy-escrow,23629062,220021765.124822,ok
1761087600,2025-10-21,Plasma,native-oft,4158194,4692823769.787301,ok
1761087600,2025-10-21,Polygon,upgraded-in-place,77991414,881695658.549607,ok
1761087600,2025-10-21,Polygon_ERC20Pred,legacy-escrow,23629062,0.000000,ok
1761087600,2025-10-21,Rootstock,native-oft,8124879,1962554.720207,ok
1761087600,2025-10-21,USDT0_lockbox,collateral,23629062,7089459512.268096,ok
1761087600,2025-10-21,Unichain,native-oft,30339241,37330037.441680,ok
1761087600,2025-10-21,XLayer,native-oft,41808206,28727694.634585,ok
1761260400,2025-10-23,Arbitrum,upgraded-in-place,392705458,994841790.736570,ok
1761260400,2025-10-23,Arbitrum_L1Gateway,legacy-escrow,23643320,139040.350169,ok
1761260400,2025-10-23,Berachain,native-oft,12175881,23619384.284456,ok
1761260400,2025-10-23,Flare,native-oft,49509105,86275744.816248,ok
1761260400,2025-10-23,HyperEVM,native-oft,17290823,190707517.021401,ok
1761260400,2025-10-23,Ink,native-oft,27761989,76321804.286473,ok
1761260400,2025-10-23,Mantle,native-oft,86565044,0.000000,not-deployed
1761260400,2025-10-23,Optimism,native-oft,142830811,0.000000,not-deployed
1761260400,2025-10-23,Optimism_L1Bridge,legacy-escrow,23643320,193090328.629187,ok
1761260400,2025-10-23,Plasma,native-oft,4330994,4688100530.709793,ok
1761260400,2025-10-23,Polygon,upgraded-in-place,78077788,874836578.774269,ok
1761260400,2025-10-23,Polygon_ERC20Pred,legacy-escrow,23643320,0.000000,ok
1761260400,2025-10-23,Rootstock,native-oft,8131789,1377047.342477,ok
1761260400,2025-10-23,USDT0_lockbox,collateral,23643320,7042090210.425348,ok
1761260400,2025-10-23,Unichain,native-oft,30512041,35545927.426162,ok
1761260400,2025-10-23,XLayer,native-oft,42158305,29663195.283109,ok
1761433200,2025-10-25,Arbitrum,upgraded-in-place,393397310,994303802.404107,ok
1761433200,2025-10-25,Arbitrum_L1Gateway,legacy-escrow,23657611,139040.350169,ok
1761433200,2025-10-25,Berachain,native-oft,12262281,22993908.962543,ok
1761433200,2025-10-25,Flare,native-oft,49604289,80803250.228351,ok
1761433200,2025-10-25,HyperEVM,native-oft,17466425,192084091.188288,ok
1761433200,2025-10-25,Ink,native-oft,27934789,88216096.489201,ok
1761433200,2025-10-25,Mantle,native-oft,86651444,0.000000,not-deployed
1761433200,2025-10-25,Optimism,native-oft,142917211,0.000000,not-deployed
1761433200,2025-10-25,Optimism_L1Bridge,legacy-escrow,23657611,196598072.543914,ok
1761433200,2025-10-25,Plasma,native-oft,4503794,4778315410.765979,ok
1761433200,2025-10-25,Polygon,upgraded-in-place,78164186,872508582.681688,ok
1761433200,2025-10-25,Polygon_ERC20Pred,legacy-escrow,23657611,0.000000,ok
1761433200,2025-10-25,Rootstock,native-oft,8138702,1327819.658384,ok
1761433200,2025-10-25,USDT0_lockbox,collateral,23657611,7123351143.592705,ok
1761433200,2025-10-25,Unichain,native-oft,30684841,35311652.367815,ok
1761433200,2025-10-25,XLayer,native-oft,42509140,24031053.124796,ok
1761606000,2025-10-27,Arbitrum,upgraded-in-place,394089287,990074044.646670,ok
1761606000,2025-10-27,Arbitrum_L1Gateway,legacy-escrow,23671912,139040.350169,ok
1761606000,2025-10-27,Berachain,native-oft,12348682,21166080.739761,ok
1761606000,2025-10-27,Flare,native-oft,49698454,80630103.756530,ok
1761606000,2025-10-27,HyperEVM,native-oft,17642105,189754032.959148,ok
1761606000,2025-10-27,Ink,native-oft,28107589,100248323.653394,ok
1761606000,2025-10-27,Mantle,native-oft,86737844,0.000000,not-deployed
1761606000,2025-10-27,Optimism,native-oft,143003611,0.000000,not-deployed
1761606000,2025-10-27,Optimism_L1Bridge,legacy-escrow,23671912,197801940.965570,ok
1761606000,2025-10-27,Plasma,native-oft,4676594,5090822065.305709,ok
1761606000,2025-10-27,Polygon,upgraded-in-place,78250586,856869794.118452,ok
1761606000,2025-10-27,Polygon_ERC20Pred,legacy-escrow,23671912,0.000000,ok
1761606000,2025-10-27,Rootstock,native-oft,8145570,1338268.456719,ok
1761606000,2025-10-27,USDT0_lockbox,collateral,23671912,7443694229.676272,ok
1761606000,2025-10-27,Unichain,native-oft,30857641,35761923.110393,ok
1761606000,2025-10-27,XLayer,native-oft,42836964,35584171.991478,ok
1761778800,2025-10-29,Arbitrum,upgraded-in-place,394781590,965033639.750126,ok
1761778800,2025-10-29,Arbitrum_L1Gateway,legacy-escrow,23686188,139040.350169,ok
1761778800,2025-10-29,Berachain,native-oft,12435081,21451357.141102,ok
1761778800,2025-10-29,Flare,native-oft,49794882,77761960.100785,ok
1761778800,2025-10-29,HyperEVM,native-oft,17817785,163279103.454304,ok
1761778800,2025-10-29,Ink,native-oft,28280389,122462773.016586,ok
1761778800,2025-10-29,Mantle,native-oft,86824244,0.000000,not-deployed
1761778800,2025-10-29,Optimism,native-oft,143090011,0.000000,not-deployed
1761778800,2025-10-29,Optimism_L1Bridge,legacy-escrow,23686188,198940560.986714,ok
1761778800,2025-10-29,Plasma,native-oft,4849394,4479267036.688556,ok
1761778800,2025-10-29,Polygon,upgraded-in-place,78336985,858842653.215852,ok
1761778800,2025-10-29,Polygon_ERC20Pred,legacy-escrow,23686188,0.000000,ok
1761778800,2025-10-29,Rootstock,native-oft,8152560,1379798.268202,ok
1761778800,2025-10-29,USDT0_lockbox,collateral,23686188,6820152901.886338,ok
1761778800,2025-10-29,Unichain,native-oft,31030441,35768508.741470,ok
1761778800,2025-10-29,XLayer,native-oft,43009764,35528165.058555,ok
1761951600,2025-10-31,Arbitrum,upgraded-in-place,395473932,963284500.464243,ok
1761951600,2025-10-31,Arbitrum_L1Gateway,legacy-escrow,23700467,139026.864623,ok
1761951600,2025-10-31,Berachain,native-oft,12521481,29160230.875000,ok
1761951600,2025-10-31,Flare,native-oft,49893336,63634902.088917,ok
1761951600,2025-10-31,HyperEVM,native-oft,17993465,165180004.395048,ok
1761951600,2025-10-31,Ink,native-oft,28453189,111028696.851126,ok
1761951600,2025-10-31,Mantle,native-oft,86910644,0.000000,not-deployed
1761951600,2025-10-31,Optimism,native-oft,143176411,0.000000,not-deployed
1761951600,2025-10-31,Optimism_L1Bridge,legacy-escrow,23700467,199071476.980197,ok
1761951600,2025-10-31,Plasma,native-oft,5022189,2976613037.452072,ok
1761951600,2025-10-31,Polygon,upgraded-in-place,78423380,862115135.651874,ok
1761951600,2025-10-31,Polygon_ERC20Pred,legacy-escrow,23700467,0.000000,ok
1761951600,2025-10-31,Rootstock,native-oft,8159450,1415282.382741,ok
1761951600,2025-10-31,USDT0_lockbox,collateral,23700467,5277385024.039894,ok
1761951600,2025-10-31,Unichain,native-oft,31203241,34806285.350175,ok
1761951600,2025-10-31,XLayer,native-oft,43182564,36247351.743063,ok
1762124400,2025-11-02,Arbitrum,upgraded-in-place,396165941,959797845.874491,ok
1762124400,2025-11-02,Arbitrum_L1Gateway,legacy-escrow,23714780,139026.864623,ok
1762124400,2025-11-02,Berachain,native-oft,12607881,29742694.497485,ok
1762124400,2025-11-02,Flare,native-oft,49994606,62790157.241957,ok
1762124400,2025-11-02,HyperEVM,native-oft,18169068,166942088.589128,ok
1762124400,2025-11-02,Ink,native-oft,28625989,124000953.831454,ok
1762124400,2025-11-02,Mantle,native-oft,86997044,0.000000,ok
1762124400,2025-11-02,Optimism,native-oft,143262811,0.000000,not-deployed
1762124400,2025-11-02,Optimism_L1Bridge,legacy-escrow,23714780,200237611.408361,ok
1762124400,2025-11-02,Plasma,native-oft,5194989,2913993429.571641,ok
1762124400,2025-11-02,Polygon,upgraded-in-place,78509773,870739474.368691,ok
1762124400,2025-11-02,Polygon_ERC20Pred,legacy-escrow,23714780,0.000000,ok
1762124400,2025-11-02,Rootstock,native-oft,8166293,1388685.866434,ok
1762124400,2025-11-02,USDT0_lockbox,collateral,23714780,5234132387.040412,ok
1762124400,2025-11-02,Unichain,native-oft,31376041,34517291.183348,ok
1762124400,2025-11-02,XLayer,native-oft,43355364,36362958.224814,ok
1762297200,2025-11-04,Arbitrum,upgraded-in-place,396858309,968386124.054731,ok
1762297200,2025-11-04,Arbitrum_L1Gateway,legacy-escrow,23729089,139026.864623,ok
1762297200,2025-11-04,Berachain,native-oft,12641183,27660007.377702,ok
1762297200,2025-11-04,Flare,native-oft,50105530,54125099.370967,ok
1762297200,2025-11-04,HyperEVM,native-oft,18344748,172736756.470395,ok
1762297200,2025-11-04,Ink,native-oft,28798789,117995471.813029,ok
1762297200,2025-11-04,Mantle,native-oft,87083444,0.000000,ok
1762297200,2025-11-04,Optimism,native-oft,143349211,0.000000,not-deployed
1762297200,2025-11-04,Optimism_L1Bridge,legacy-escrow,23729089,200358729.550362,ok
1762297200,2025-11-04,Plasma,native-oft,5367789,1999917958.956497,ok
1762297200,2025-11-04,Polygon,upgraded-in-place,78596168,851943252.138328,ok
1762297200,2025-11-04,Polygon_ERC20Pred,legacy-escrow,23729089,0.000000,ok
1762297200,2025-11-04,Rootstock,native-oft,8173217,1324633.775261,ok
1762297200,2025-11-04,USDT0_lockbox,collateral,23729089,4296947059.146833,ok
1762297200,2025-11-04,Unichain,native-oft,31548841,34459438.263001,ok
1762297200,2025-11-04,XLayer,native-oft,43528164,27090950.975014,ok
1762470000,2025-11-06,Arbitrum,upgraded-in-place,397550480,957269913.113605,ok
1762470000,2025-11-06,Arbitrum_L1Gateway,legacy-escrow,23743378,139026.864623,ok
1762470000,2025-11-06,Berachain,native-oft,12727641,29051799.834201,ok
1762470000,2025-11-06,Flare,native-oft,50210946,51914771.951587,ok
1762470000,2025-11-06,HyperEVM,native-oft,18520428,187035428.049105,ok
1762470000,2025-11-06,Ink,native-oft,28971589,127120013.153739,ok
1762470000,2025-11-06,Mantle,native-oft,87169844,0.000000,ok
1762470000,2025-11-06,Optimism,native-oft,143435611,0.000000,not-deployed
1762470000,2025-11-06,Optimism_L1Bridge,legacy-escrow,23743378,200466482.263471,ok
1762470000,2025-11-06,Plasma,native-oft,5540589,1063591932.755911,ok
1762470000,2025-11-06,Polygon,upgraded-in-place,78682568,883166260.330396,ok
1762470000,2025-11-06,Polygon_ERC20Pred,legacy-escrow,23743378,0.000000,ok
1762470000,2025-11-06,Rootstock,native-oft,8180206,1144674.807732,ok
1762470000,2025-11-06,USDT0_lockbox,collateral,23743378,3394546672.996487,ok
1762470000,2025-11-06,Unichain,native-oft,31721641,35519369.869305,ok
1762470000,2025-11-06,XLayer,native-oft,43700964,27899633.144059,ok
1762642800,2025-11-08,Arbitrum,upgraded-in-place,398242625,973623626.170132,ok
1762642800,2025-11-08,Arbitrum_L1Gateway,legacy-escrow,23757681,139026.864623,ok
1762642800,2025-11-08,Berachain,native-oft,12814041,21576005.342759,ok
1762642800,2025-11-08,Flare,native-oft,50317921,52773895.289816,ok
1762642800,2025-11-08,HyperEVM,native-oft,18696031,188846695.462667,ok
1762642800,2025-11-08,Ink,native-oft,29144389,123902380.000502,ok
1762642800,2025-11-08,Mantle,native-oft,87256244,0.000000,ok
1762642800,2025-11-08,Optimism,native-oft,143522011,0.000000,not-deployed
1762642800,2025-11-08,Optimism_L1Bridge,legacy-escrow,23757681,204710578.893667,ok
1762642800,2025-11-08,Plasma,native-oft,5713228,1225982920.578674,ok
1762642800,2025-11-08,Polygon,upgraded-in-place,78768959,891276165.376911,ok
1762642800,2025-11-08,Polygon_ERC20Pred,legacy-escrow,23757681,0.000000,ok
1762642800,2025-11-08,Rootstock,native-oft,8187175,1101792.745158,ok
1762642800,2025-11-08,USDT0_lockbox,collateral,23757681,3572861795.151120,ok
1762642800,2025-11-08,Unichain,native-oft,31894441,35104119.966961,ok
1762642800,2025-11-08,XLayer,native-oft,43873764,28053183.551120,ok
1762815600,2025-11-10,Arbitrum,upgraded-in-place,398934604,976435720.334748,ok
1762815600,2025-11-10,Arbitrum_L1Gateway,legacy-escrow,23771990,139011.877348,ok
1762815600,2025-11-10,Berachain,native-oft,12900442,39077542.545779,ok
1762815600,2025-11-10,Flare,native-oft,50424279,53380578.545156,ok
1762815600,2025-11-10,HyperEVM,native-oft,18871711,191710832.276094,ok
1762815600,2025-11-10,Ink,native-oft,29317189,125749931.173550,ok
1762815600,2025-11-10,Mantle,native-oft,87342644,0.000000,ok
1762815600,2025-11-10,Optimism,native-oft,143608411,0.000000,not-deployed
1762815600,2025-11-10,Optimism_L1Bridge,legacy-escrow,23771990,204887292.734061,ok
1762815600,2025-11-10,Plasma,native-oft,5886028,1279222433.862098,ok
1762815600,2025-11-10,Polygon,upgraded-in-place,78855358,891158566.634879,ok
1762815600,2025-11-10,Polygon_ERC20Pred,legacy-escrow,23771990,0.000000,ok
1762815600,2025-11-10,Rootstock,native-oft,8194104,1054812.334928,ok
1762815600,2025-11-10,USDT0_lockbox,collateral,23771990,3649314935.228761,ok
1762815600,2025-11-10,Unichain,native-oft,32067241,33495944.718521,ok
1762815600,2025-11-10,XLayer,native-oft,44046564,28315404.531157,ok
1762988400,2025-11-12,Arbitrum,upgraded-in-place,399626557,976348934.860575,ok
1762988400,2025-11-12,Arbitrum_L1Gateway,legacy-escrow,23786279,139011.877348,ok
1762988400,2025-11-12,Berachain,native-oft,12986841,39654084.550254,ok
1762988400,2025-11-12,Flare,native-oft,50528255,59064367.740309,ok
1762988400,2025-11-12,HyperEVM,native-oft,19047391,205848327.967417,ok
1762988400,2025-11-12,Ink,native-oft,29489989,127259362.372145,ok
1762988400,2025-11-12,Mantle,native-oft,87429044,0.100000,ok
1762988400,2025-11-12,Optimism,native-oft,143694811,0.000000,not-deployed
1762988400,2025-11-12,Optimism_L1Bridge,legacy-escrow,23786279,187122959.921057,ok
1762988400,2025-11-12,Plasma,native-oft,6057897,1481208156.172449,ok
1762988400,2025-11-12,Polygon,upgraded-in-place,78941757,889545842.311508,ok
1762988400,2025-11-12,Polygon_ERC20Pred,legacy-escrow,23786279,0.000000,ok
1762988400,2025-11-12,Rootstock,native-oft,8201048,1003944.631597,ok
1762988400,2025-11-12,USDT0_lockbox,collateral,23786279,3880124381.821132,ok
1762988400,2025-11-12,Unichain,native-oft,32240041,34301786.936163,ok
1762988400,2025-11-12,XLayer,native-oft,44219364,27965470.273977,ok
1763161200,2025-11-14,Arbitrum,upgraded-in-place,400318683,986685874.375247,ok
1763161200,2025-11-14,Arbitrum_L1Gateway,legacy-escrow,23800571,138985.783919,ok
1763161200,2025-11-14,Berachain,native-oft,13073241,33503661.328291,ok
1763161200,2025-11-14,Flare,native-oft,50637350,58875628.347726,ok
1763161200,2025-11-14,HyperEVM,native-oft,19223071,215122886.173516,ok
1763161200,2025-11-14,Ink,native-oft,29662789,130831528.335153,ok
1763161200,2025-11-14,Mantle,native-oft,87515444,0.100000,ok
1763161200,2025-11-14,Optimism,native-oft,143781211,0.000000,not-deployed
1763161200,2025-11-14,Optimism_L1Bridge,legacy-escrow,23800571,187123010.021057,ok
1763161200,2025-11-14,Plasma,native-oft,6230697,1650166317.539189,ok
1763161200,2025-11-14,Polygon,upgraded-in-place,79028090,908855906.682796,ok
1763161200,2025-11-14,Polygon_ERC20Pred,legacy-escrow,23800571,0.000000,ok
1763161200,2025-11-14,Rootstock,native-oft,8207965,968370.189107,ok
1763161200,2025-11-14,USDT0_lockbox,collateral,23800571,4091872993.672017,ok
1763161200,2025-11-14,Unichain,native-oft,32412841,40954657.697072,ok
1763161200,2025-11-14,XLayer,native-oft,44392164,28036022.467733,ok
1763334000,2025-11-16,Arbitrum,upgraded-in-place,401008984,983807253.959031,ok
1763334000,2025-11-16,Arbitrum_L1Gateway,legacy-escrow,23814881,138985.783919,ok
1763334000,2025-11-16,Berachain,native-oft,13159641,35080672.683272,ok
1763334000,2025-11-16,Flare,native-oft,50741701,56691040.399532,ok
1763334000,2025-11-16,HyperEVM,native-oft,19398665,217853933.200302,ok
1763334000,2025-11-16,Ink,native-oft,29835589,130554945.557276,ok
1763334000,2025-11-16,Mantle,native-oft,87601844,0.100000,ok
1763334000,2025-11-16,Optimism,native-oft,143867611,0.000000,not-deployed
1763334000,2025-11-16,Optimism_L1Bridge,legacy-escrow,23814881,187724132.444616,ok
1763334000,2025-11-16,Plasma,native-oft,6403497,1631878342.778272,ok
1763334000,2025-11-16,Polygon,upgraded-in-place,79114484,920647666.040812,ok
1763334000,2025-11-16,Polygon_ERC20Pred,legacy-escrow,23814881,0.000000,ok
1763334000,2025-11-16,Rootstock,native-oft,8214963,938458.063774,ok
1763334000,2025-11-16,USDT0_lockbox,collateral,23814881,4088064288.739009,ok
1763334000,2025-11-16,Unichain,native-oft,32585641,49451076.132977,ok
1763334000,2025-11-16,XLayer,native-oft,44564964,27947966.373899,ok
1763506800,2025-11-18,Arbitrum,upgraded-in-place,401700501,1022996130.962337,ok
1763506800,2025-11-18,Arbitrum_L1Gateway,legacy-escrow,23829129,138985.783919,ok
1763506800,2025-11-18,Berachain,native-oft,13246041,39658799.163821,ok
1763506800,2025-11-18,Flare,native-oft,50848208,56765896.523753,ok
1763506800,2025-11-18,HyperEVM,native-oft,19574345,227799462.285168,ok
1763506800,2025-11-18,Ink,native-oft,30008389,142400612.210463,ok
1763506800,2025-11-18,Mantle,native-oft,87688244,0.100000,ok
1763506800,2025-11-18,Optimism,native-oft,143954011,0.000000,not-deployed
1763506800,2025-11-18,Optimism_L1Bridge,legacy-escrow,23829129,188838375.800115,ok
1763506800,2025-11-18,Plasma,native-oft,6576297,1427328642.162983,ok
1763506800,2025-11-18,Polygon,upgraded-in-place,79200884,930646586.847060,ok
1763506800,2025-11-18,Polygon_ERC20Pred,legacy-escrow,23829129,0.000000,ok
1763506800,2025-11-18,Rootstock,native-oft,8221932,1496817.682308,ok
1763506800,2025-11-18,USDT0_lockbox,collateral,23829129,3947086725.675143,ok
1763506800,2025-11-18,Unichain,native-oft,32758441,35985508.123319,ok
1763506800,2025-11-18,XLayer,native-oft,44737764,28373245.227721,ok
1763679600,2025-11-20,Arbitrum,upgraded-in-place,402392249,1057209019.628298,ok
1763679600,2025-11-20,Arbitrum_L1Gateway,legacy-escrow,23843375,138985.783919,ok
1763679600,2025-11-20,Berachain,native-oft,13332442,48525051.773233,ok
1763679600,2025-11-20,Flare,native-oft,50954995,53213181.085201,ok
1763679600,2025-11-20,HyperEVM,native-oft,19750025,158026398.317052,ok
1763679600,2025-11-20,Ink,native-oft,30181189,134062504.727768,ok
1763679600,2025-11-20,Mantle,native-oft,87774644,0.100000,ok
1763679600,2025-11-20,Optimism,native-oft,144040411,0.000000,not-deployed
1763679600,2025-11-20,Optimism_L1Bridge,legacy-escrow,23843375,188841375.900115,ok
1763679600,2025-11-20,Plasma,native-oft,6749097,1377025893.802745,ok
1763679600,2025-11-20,Polygon,upgraded-in-place,79287284,922494989.698475,ok
1763679600,2025-11-20,Polygon_ERC20Pred,legacy-escrow,23843375,0.000000,ok
1763679600,2025-11-20,Rootstock,native-oft,8228905,1712450.628562,ok
1763679600,2025-11-20,USDT0_lockbox,collateral,23843375,3928436821.552250,ok
1763679600,2025-11-20,Unichain,native-oft,32931241,34472159.207542,ok
1763679600,2025-11-20,XLayer,native-oft,44910564,28472038.321429,ok
1763852400,2025-11-22,Arbitrum,upgraded-in-place,403083245,1079946109.519048,ok
1763852400,2025-11-22,Arbitrum_L1Gateway,legacy-escrow,23857598,138983.783919,ok
1763852400,2025-11-22,Berachain,native-oft,13418842,53461112.736054,ok
1763852400,2025-11-22,Flare,native-oft,51064843,56945692.755816,ok
1763852400,2025-11-22,HyperEVM,native-oft,19925614,160806869.589782,ok
1763852400,2025-11-22,Ink,native-oft,30353989,137375160.884045,ok
1763852400,2025-11-22,Mantle,native-oft,87861044,0.300000,ok
1763852400,2025-11-22,Optimism,native-oft,144126811,0.000000,not-deployed
1763852400,2025-11-22,Optimism_L1Bridge,legacy-escrow,23857598,176901413.841947,ok
1763852400,2025-11-22,Plasma,native-oft,6921827,1445006591.261581,ok
1763852400,2025-11-22,Polygon,upgraded-in-place,79373683,927711655.049631,ok
1763852400,2025-11-22,Polygon_ERC20Pred,legacy-escrow,23857598,0.000000,ok
1763852400,2025-11-22,Rootstock,native-oft,8235761,1718846.703307,ok
1763852400,2025-11-22,USDT0_lockbox,collateral,23857598,3960604856.041232,ok
1763852400,2025-11-22,Unichain,native-oft,33104041,34297679.565307,ok
1763852400,2025-11-22,XLayer,native-oft,45083364,30356576.321995,ok
1764025200,2025-11-24,Arbitrum,upgraded-in-place,403773040,1075281861.311943,ok
1764025200,2025-11-24,Arbitrum_L1Gateway,legacy-escrow,23871824,138983.783919,ok
1764025200,2025-11-24,Berachain,native-oft,13505241,57043257.802786,ok
1764025200,2025-11-24,Flare,native-oft,51171682,58295813.568949,ok
1764025200,2025-11-24,HyperEVM,native-oft,20101294,164044847.685047,ok
1764025200,2025-11-24,Ink,native-oft,30526789,140361517.574594,ok
1764025200,2025-11-24,Mantle,native-oft,87947444,1700000.200000,ok
1764025200,2025-11-24,Optimism,native-oft,144213211,0.000000,not-deployed
1764025200,2025-11-24,Optimism_L1Bridge,legacy-escrow,23871824,176906713.841947,ok
1764025200,2025-11-24,Plasma,native-oft,7094627,1377202343.336540,ok
1764025200,2025-11-24,Polygon,upgraded-in-place,79460082,937262281.677574,ok
1764025200,2025-11-24,Polygon_ERC20Pred,legacy-escrow,23871824,0.000000,ok
1764025200,2025-11-24,Rootstock,native-oft,8242708,1602745.114604,ok
1764025200,2025-11-24,USDT0_lockbox,collateral,23871824,3911412152.444929,ok
1764025200,2025-11-24,Unichain,native-oft,33276841,33734123.887264,ok
1764025200,2025-11-24,XLayer,native-oft,45256164,26065418.851332,ok
1764198000,2025-11-26,Arbitrum,upgraded-in-place,404465393,1091313877.844238,ok
1764198000,2025-11-26,Arbitrum_L1Gateway,legacy-escrow,23886045,138983.783919,ok
1764198000,2025-11-26,Berachain,native-oft,13591642,58362053.911392,ok
1764198000,2025-11-26,Flare,native-oft,51275263,58023632.882340,ok
1764198000,2025-11-26,HyperEVM,native-oft,20276974,166722880.092759,ok
1764198000,2025-11-26,Ink,native-oft,30699589,140142896.763844,ok
1764198000,2025-11-26,Mantle,native-oft,88033844,1700001.300001,ok
1764198000,2025-11-26,Optimism,native-oft,144299611,0.000000,not-deployed
1764198000,2025-11-26,Optimism_L1Bridge,legacy-escrow,23886045,176940514.841947,ok
1764198000,2025-11-26,Plasma,native-oft,7267329,1402462278.059093,ok
1764198000,2025-11-26,Polygon,upgraded-in-place,79546482,928493513.536727,ok
1764198000,2025-11-26,Polygon_ERC20Pred,legacy-escrow,23886045,0.000000,ok
1764198000,2025-11-26,Rootstock,native-oft,8249700,1726424.479414,ok
1764198000,2025-11-26,USDT0_lockbox,collateral,23886045,3950117697.894093,ok
1764198000,2025-11-26,Unichain,native-oft,33449641,33659465.126034,ok
1764198000,2025-11-26,XLayer,native-oft,45428964,26153971.208236,ok
1764370800,2025-11-28,Arbitrum,upgraded-in-place,405157403,969122377.967164,ok
1764370800,2025-11-28,Arbitrum_L1Gateway,legacy-escrow,23900303,138983.783919,ok
1764370800,2025-11-28,Berachain,native-oft,13678041,53348139.515158,ok
1764370800,2025-11-28,Flare,native-oft,51380732,57066112.546670,ok
1764370800,2025-11-28,HyperEVM,native-oft,20452654,178739824.500467,ok
1764370800,2025-11-28,Ink,native-oft,30872389,147612831.081285,ok
1764370800,2025-11-28,Mantle,native-oft,88120244,1699987.640869,ok
1764370800,2025-11-28,Optimism,native-oft,144386011,0.000000,not-deployed
1764370800,2025-11-28,Optimism_L1Bridge,legacy-escrow,23900303,176932415.911356,ok
1764370800,2025-11-28,Plasma,native-oft,7440129,1318792334.541999,ok
1764370800,2025-11-28,Polygon,upgraded-in-place,79632882,787980985.174498,ok
1764370800,2025-11-28,Polygon_ERC20Pred,legacy-escrow,23900303,0.000000,ok
1764370800,2025-11-28,Rootstock,native-oft,8256717,1604431.275708,ok
1764370800,2025-11-28,USDT0_lockbox,collateral,23900303,3620317904.760246,ok
1764370800,2025-11-28,Unichain,native-oft,33622441,33203912.749231,ok
1764370800,2025-11-28,XLayer,native-oft,45601764,26026508.995479,ok
1764543600,2025-11-30,Arbitrum,upgraded-in-place,405849166,979681707.461439,ok
1764543600,2025-11-30,Arbitrum_L1Gateway,legacy-escrow,23914621,138983.783919,ok
1764543600,2025-11-30,Berachain,native-oft,13764441,52371187.829077,ok
1764543600,2025-11-30,Flare,native-oft,51483325,59339646.132585,ok
1764543600,2025-11-30,HyperEVM,native-oft,20628252,174461181.686297,ok
1764543600,2025-11-30,Ink,native-oft,31045189,149795669.520670,ok
1764543600,2025-11-30,Mantle,native-oft,88206644,1682669.257062,ok
1764543600,2025-11-30,Optimism,native-oft,144472411,0.000000,not-deployed
1764543600,2025-11-30,Optimism_L1Bridge,legacy-escrow,23914621,176932434.451356,ok
1764543600,2025-11-30,Plasma,native-oft,7612929,1497255672.339863,ok
1764543600,2025-11-30,Polygon,upgraded-in-place,79719281,791871212.147435,ok
1764543600,2025-11-30,Polygon_ERC20Pred,legacy-escrow,23914621,0.000000,ok
1764543600,2025-11-30,Rootstock,native-oft,8263704,1560423.742388,ok
1764543600,2025-11-30,USDT0_lockbox,collateral,23914621,3810175821.232855,ok
1764543600,2025-11-30,Unichain,native-oft,33795241,33191237.741447,ok
1764543600,2025-11-30,XLayer,native-oft,45774564,23676911.916330,ok
1764716400,2025-12-02,Arbitrum,upgraded-in-place,406542612,984246078.544404,ok
1764716400,2025-12-02,Arbitrum_L1Gateway,legacy-escrow,23928914,138976.996287,ok
1764716400,2025-12-02,Berachain,native-oft,13850841,57147465.175727,ok
1764716400,2025-12-02,Flare,native-oft,51595762,59586491.620238,ok
1764716400,2025-12-02,HyperEVM,native-oft,20803932,172086048.139323,ok
1764716400,2025-12-02,Ink,native-oft,31217989,152582869.286859,ok
1764716400,2025-12-02,Mantle,native-oft,88293044,1726636.979447,ok
1764716400,2025-12-02,Optimism,native-oft,144558811,0.000000,not-deployed
1764716400,2025-12-02,Optimism_L1Bridge,legacy-escrow,23928914,177340612.334444,ok
1764716400,2025-12-02,Plasma,native-oft,7785729,1433341355.378685,ok
1764716400,2025-12-02,Polygon,upgraded-in-place,79805679,791440518.087555,ok
1764716400,2025-12-02,Polygon_ERC20Pred,legacy-escrow,23928914,0.000000,ok
1764716400,2025-12-02,Rootstock,native-oft,8270677,1468840.973658,ok
1764716400,2025-12-02,USDT0_lockbox,collateral,23928914,3757153887.663738,ok
1764716400,2025-12-02,Unichain,native-oft,33968041,32987422.806932,ok
1764716400,2025-12-02,XLayer,native-oft,45947364,24277570.528831,ok
1764889200,2025-12-04,Arbitrum,upgraded-in-place,407234953,1001505625.649040,ok
1764889200,2025-12-04,Arbitrum_L1Gateway,legacy-escrow,23942775,138950.837922,ok
1764889200,2025-12-04,Berachain,native-oft,13937241,48556006.783090,ok
1764889200,2025-12-04,Flare,native-oft,51706603,59700179.593785,ok
1764889200,2025-12-04,HyperEVM,native-oft,20979612,172730016.274179,ok
1764889200,2025-12-04,Ink,native-oft,31390789,162818707.074872,ok
1764889200,2025-12-04,Mantle,native-oft,88379444,26762431.328585,ok
1764889200,2025-12-04,Optimism,native-oft,144645211,0.000000,not-deployed
1764889200,2025-12-04,Optimism_L1Bridge,legacy-escrow,23942775,177409455.972731,ok
1764889200,2025-12-04,Plasma,native-oft,7958529,1493940367.053330,ok
1764889200,2025-12-04,Polygon,upgraded-in-place,79892079,845388648.626705,ok
1764889200,2025-12-04,Polygon_ERC20Pred,legacy-escrow,23942775,0.000000,ok
1764889200,2025-12-04,Rootstock,native-oft,8277660,1684399.423160,ok
1764889200,2025-12-04,USDT0_lockbox,collateral,23942775,3917055456.139337,ok
1764889200,2025-12-04,Unichain,native-oft,34140841,31241749.138684,ok
1764889200,2025-12-04,XLayer,native-oft,46120164,24374065.067811,ok
1765062000,2025-12-06,Arbitrum,upgraded-in-place,407928287,1008959247.950201,ok
1765062000,2025-12-06,Arbitrum_L1Gateway,legacy-escrow,23956955,138950.837922,ok
1765062000,2025-12-06,Berachain,native-oft,14023641,46164468.657735,ok
1765062000,2025-12-06,Flare,native-oft,51811797,60475282.081923,ok
1765062000,2025-12-06,HyperEVM,native-oft,21155208,173299851.748329,ok
1765062000,2025-12-06,Ink,native-oft,31563589,164196573.694863,ok
1765062000,2025-12-06,Mantle,native-oft,88465844,26986409.154677,ok
1765062000,2025-12-06,Optimism,native-oft,144731611,0.000000,not-deployed
1765062000,2025-12-06,Optimism_L1Bridge,legacy-escrow,23956955,178461377.875521,ok
1765062000,2025-12-06,Plasma,native-oft,8131329,1528594929.908582,ok
1765062000,2025-12-06,Polygon,upgraded-in-place,79978479,836089022.929534,ok
1765062000,2025-12-06,Polygon_ERC20Pred,legacy-escrow,23956955,0.000000,ok
1765062000,2025-12-06,Rootstock,native-oft,8284719,1704390.542722,ok
1765062000,2025-12-06,USDT0_lockbox,collateral,23956955,3949878169.513286,ok
1765062000,2025-12-06,Unichain,native-oft,34313641,31185155.843539,ok
1765062000,2025-12-06,XLayer,native-oft,46292964,24415860.592996,ok
1765234800,2025-12-08,Arbitrum,upgraded-in-place,408621307,999910397.252104,ok
1765234800,2025-12-08,Arbitrum_L1Gateway,legacy-escrow,23971214,138950.837922,ok
1765234800,2025-12-08,Berachain,native-oft,14110041,46714425.973142,ok
1765234800,2025-12-08,Flare,native-oft,51916639,60444604.542519,ok
1765234800,2025-12-08,HyperEVM,native-oft,21330888,173340449.804901,ok
1765234800,2025-12-08,Ink,native-oft,31736389,165960407.999229,ok
1765234800,2025-12-08,Mantle,native-oft,88552244,26958659.064396,ok
1765234800,2025-12-08,Optimism,native-oft,144818011,0.000000,not-deployed
1765234800,2025-12-08,Optimism_L1Bridge,legacy-escrow,23971214,178463174.098295,ok
1765234800,2025-12-08,Plasma,native-oft,8304129,1593206153.292744,ok
1765234800,2025-12-08,Polygon,upgraded-in-place,80064878,845339244.868946,ok
1765234800,2025-12-08,Polygon_ERC20Pred,legacy-escrow,23971214,0.000000,ok
1765234800,2025-12-08,Rootstock,native-oft,8291796,1668190.477599,ok
1765234800,2025-12-08,USDT0_lockbox,collateral,23971214,4503585761.706991,ok
1765234800,2025-12-08,Unichain,native-oft,34486441,31096733.657122,ok
1765234800,2025-12-08,XLayer,native-oft,46465764,23099387.138570,ok
1765407600,2025-12-10,Arbitrum,upgraded-in-place,409314069,992810181.323419,ok
1765407600,2025-12-10,Arbitrum_L1Gateway,legacy-escrow,23985434,138950.837922,ok
1765407600,2025-12-10,Berachain,native-oft,14196441,51539433.055936,ok
1765407600,2025-12-10,Flare,native-oft,52023357,59375248.212822,ok
1765407600,2025-12-10,HyperEVM,native-oft,21506568,173867224.835641,ok
1765407600,2025-12-10,Ink,native-oft,31909189,164736723.253399,ok
1765407600,2025-12-10,Mantle,native-oft,88638644,77006787.488344,ok
1765407600,2025-12-10,Optimism,native-oft,144904411,0.000000,not-deployed
1765407600,2025-12-10,Optimism_L1Bridge,legacy-escrow,23985434,148473254.562632,ok
1765407600,2025-12-10,Plasma,native-oft,8476929,1683198106.463749,ok
1765407600,2025-12-10,Polygon,upgraded-in-place,80151204,846147502.476571,ok
1765407600,2025-12-10,Polygon_ERC20Pred,legacy-escrow,23985434,0.000000,ok
1765407600,2025-12-10,Rootstock,native-oft,8298751,2248143.993936,ok
1765407600,2025-12-10,USDT0_lockbox,collateral,23985434,4647590235.787733,ok
1765407600,2025-12-10,Unichain,native-oft,34659241,30669677.810910,ok
1765407600,2025-12-10,XLayer,native-oft,46638564,23358540.408806,ok
1765580400,2025-12-12,Arbitrum,upgraded-in-place,410006738,1044783393.643826,ok
1765580400,2025-12-12,Arbitrum_L1Gateway,legacy-escrow,23999672,138950.837922,ok
1765580400,2025-12-12,Berachain,native-oft,14282842,46223005.460931,ok
1765580400,2025-12-12,Flare,native-oft,52129332,60949104.092731,ok
1765580400,2025-12-12,HyperEVM,native-oft,21682248,175113181.788423,ok
1765580400,2025-12-12,Ink,native-oft,32081989,170626726.089888,ok
1765580400,2025-12-12,Mantle,native-oft,88725044,126990029.633244,ok
1765580400,2025-12-12,Optimism,native-oft,144990811,0.000000,not-deployed
1765580400,2025-12-12,Optimism_L1Bridge,legacy-escrow,23999672,157595708.832632,ok
1765580400,2025-12-12,Plasma,native-oft,8649729,1482007407.615487,ok
1765580400,2025-12-12,Polygon,upgraded-in-place,80237503,861478753.313665,ok
1765580400,2025-12-12,Polygon_ERC20Pred,legacy-escrow,23999672,0.000000,ok
1765580400,2025-12-12,Rootstock,native-oft,8305731,2198409.008487,ok
1765580400,2025-12-12,USDT0_lockbox,collateral,23999672,4549725772.677519,ok
1765580400,2025-12-12,Unichain,native-oft,34832041,22923457.554462,ok
1765580400,2025-12-12,XLayer,native-oft,46811364,24287520.314966,ok
1765753200,2025-12-14,Arbitrum,upgraded-in-place,410698055,1057961415.942495,ok
1765753200,2025-12-14,Arbitrum_L1Gateway,legacy-escrow,24013986,138950.837922,ok
1765753200,2025-12-14,Berachain,native-oft,14369242,38281911.806399,ok
1765753200,2025-12-14,Flare,native-oft,52231510,60080865.680289,ok
1765753200,2025-12-14,HyperEVM,native-oft,21857928,173105869.564188,ok
1765753200,2025-12-14,Ink,native-oft,32254789,173682786.770796,ok
1765753200,2025-12-14,Mantle,native-oft,88811444,126984357.062547,ok
1765753200,2025-12-14,Optimism,native-oft,145077211,0.000000,not-deployed
1765753200,2025-12-14,Optimism_L1Bridge,legacy-escrow,24013986,157595708.832632,ok
1765753200,2025-12-14,Plasma,native-oft,8822529,1509391503.989092,ok
1765753200,2025-12-14,Polygon,upgraded-in-place,80323888,872013005.412511,ok
1765753200,2025-12-14,Polygon_ERC20Pred,legacy-escrow,24013986,0.000000,ok
1765753200,2025-12-14,Rootstock,native-oft,8312762,2185146.588635,ok
1765753200,2025-12-14,USDT0_lockbox,collateral,24013986,4593711258.437289,ok
1765753200,2025-12-14,Unichain,native-oft,35004841,22925341.106607,ok
1765753200,2025-12-14,XLayer,native-oft,46984164,24401484.747353,ok
1765926000,2025-12-16,Arbitrum,upgraded-in-place,411390666,1062428603.119000,ok
1765926000,2025-12-16,Arbitrum_L1Gateway,legacy-escrow,24028309,138950.837922,ok
1765926000,2025-12-16,Berachain,native-oft,14455642,40018553.394206,ok
1765926000,2025-12-16,Flare,native-oft,52339475,55882809.649490,ok
1765926000,2025-12-16,HyperEVM,native-oft,22033608,176577697.292349,ok
1765926000,2025-12-16,Ink,native-oft,32427589,185804068.013446,ok
1765926000,2025-12-16,Mantle,native-oft,88897844,176955028.737394,ok
1765926000,2025-12-16,Optimism,native-oft,145163611,12040531.321985,ok
1765926000,2025-12-16,Optimism_L1Bridge,legacy-escrow,24028309,157615406.520309,ok
1765926000,2025-12-16,Plasma,native-oft,8995329,1518125848.464282,ok
1765926000,2025-12-16,Polygon,upgraded-in-place,80407244,871141717.329556,ok
1765926000,2025-12-16,Polygon_ERC20Pred,legacy-escrow,24028309,0.000000,ok
1765926000,2025-12-16,Rootstock,native-oft,8319742,2129904.214175,ok
1765926000,2025-12-16,USDT0_lockbox,collateral,24028309,4340759541.461073,ok
1765926000,2025-12-16,Unichain,native-oft,35177641,29754916.420954,ok
1765926000,2025-12-16,XLayer,native-oft,47156964,23867909.193510,ok
1766098800,2025-12-18,Arbitrum,upgraded-in-place,412082967,1015037473.159266,ok
1766098800,2025-12-18,Arbitrum_L1Gateway,legacy-escrow,24042627,138950.837922,ok
1766098800,2025-12-18,Berachain,native-oft,14542042,35344022.885526,ok
1766098800,2025-12-18,Flare,native-oft,52446545,56064779.566392,ok
1766098800,2025-12-18,HyperEVM,native-oft,22209288,175742791.884263,ok
1766098800,2025-12-18,Ink,native-oft,32600389,213371083.686184,ok
1766098800,2025-12-18,Mantle,native-oft,88984244,226988167.076260,ok
1766098800,2025-12-18,Optimism,native-oft,145250011,11859292.667505,ok
1766098800,2025-12-18,Optimism_L1Bridge,legacy-escrow,24042627,162222228.370309,ok
1766098800,2025-12-18,Plasma,native-oft,9168129,1429317756.784421,ok
1766098800,2025-12-18,Polygon,upgraded-in-place,80489838,881972593.541112,ok
1766098800,2025-12-18,Polygon_ERC20Pred,legacy-escrow,24042627,0.000000,ok
1766098800,2025-12-18,Rootstock,native-oft,8326861,2156067.310812,ok
1766098800,2025-12-18,USDT0_lockbox,collateral,24042627,4256277952.395394,ok
1766098800,2025-12-18,Unichain,native-oft,35350441,29645449.202616,ok
1766098800,2025-12-18,XLayer,native-oft,47329764,29063832.559598,ok
1766271600,2025-12-20,Arbitrum,upgraded-in-place,412774457,1007017684.204624,ok
1766271600,2025-12-20,Arbitrum_L1Gateway,legacy-escrow,24056953,138950.837922,ok
1766271600,2025-12-20,Berachain,native-oft,14628442,39421876.649626,ok
1766271600,2025-12-20,Flare,native-oft,52551666,58144139.272774,ok
1766271600,2025-12-20,HyperEVM,native-oft,22384881,175164244.680010,ok
1766271600,2025-12-20,Ink,native-oft,32773189,215105385.658450,ok
1766271600,2025-12-20,Mantle,native-oft,89070644,276825474.389610,ok
1766271600,2025-12-20,Optimism,native-oft,145336411,11915551.732190,ok
1766271600,2025-12-20,Optimism_L1Bridge,legacy-escrow,24056953,162419979.015546,ok
1766271600,2025-12-20,Plasma,native-oft,9340929,1427246013.344627,ok
1766271600,2025-12-20,Polygon,upgraded-in-place,80576211,884757140.455770,ok
1766271600,2025-12-20,Polygon_ERC20Pred,legacy-escrow,24056953,0.000000,ok
1766271600,2025-12-20,Rootstock,native-oft,8333860,2136898.688212,ok
1766271600,2025-12-20,USDT0_lockbox,collateral,24056953,4293513872.780075,ok
1766271600,2025-12-20,Unichain,native-oft,35523241,28903135.824910,ok
1766271600,2025-12-20,XLayer,native-oft,47502564,25851065.077376,ok
1766444400,2025-12-22,Arbitrum,upgraded-in-place,413466514,995492625.072510,ok
1766444400,2025-12-22,Arbitrum_L1Gateway,legacy-escrow,24071294,138950.837922,ok
1766444400,2025-12-22,Berachain,native-oft,14714842,36292669.766908,ok
1766444400,2025-12-22,Flare,native-oft,52655508,58371031.393141,ok
1766444400,2025-12-22,HyperEVM,native-oft,22560561,183320421.721686,ok
1766444400,2025-12-22,Ink,native-oft,32945989,237796656.291236,ok
1766444400,2025-12-22,Mantle,native-oft,89157044,276822355.030983,ok
1766444400,2025-12-22,Optimism,native-oft,145422811,11621837.215832,ok
1766444400,2025-12-22,Optimism_L1Bridge,legacy-escrow,24071294,162423609.494193,ok
1766444400,2025-12-22,Plasma,native-oft,9513729,1321599856.719770,ok
1766444400,2025-12-22,Polygon,upgraded-in-place,80662586,885752279.268094,ok
1766444400,2025-12-22,Polygon_ERC20Pred,legacy-escrow,24071294,0.000000,ok
1766444400,2025-12-22,Rootstock,native-oft,8340889,2094759.214556,ok
1766444400,2025-12-22,USDT0_lockbox,collateral,24071294,4148171156.162604,ok
1766444400,2025-12-22,Unichain,native-oft,35696041,28294179.158144,ok
1766444400,2025-12-22,XLayer,native-oft,47675364,27661804.321804,ok
1766617200,2025-12-24,Arbitrum,upgraded-in-place,414159522,1024306926.094647,ok
1766617200,2025-12-24,Arbitrum_L1Gateway,legacy-escrow,24085624,138950.837922,ok
1766617200,2025-12-24,Berachain,native-oft,14801241,36762218.805356,ok
1766617200,2025-12-24,Flare,native-oft,52757441,55142474.683081,ok
1766617200,2025-12-24,HyperEVM,native-oft,22736241,177859889.948057,ok
1766617200,2025-12-24,Ink,native-oft,33118789,235825087.414741,ok
1766617200,2025-12-24,Mantle,native-oft,89243444,266003058.825031,ok
1766617200,2025-12-24,Optimism,native-oft,145509211,11598622.878896,ok
1766617200,2025-12-24,Optimism_L1Bridge,legacy-escrow,24085624,149948534.484128,ok
1766617200,2025-12-24,Plasma,native-oft,9686529,1277074277.188681,ok
1766617200,2025-12-24,Polygon,upgraded-in-place,80748978,898523752.016976,ok
1766617200,2025-12-24,Polygon_ERC20Pred,legacy-escrow,24085624,0.000000,ok
1766617200,2025-12-24,Rootstock,native-oft,8347960,2075927.949256,ok
1766617200,2025-12-24,USDT0_lockbox,collateral,24085624,4121181269.358977,ok
1766617200,2025-12-24,Unichain,native-oft,35868841,26081157.372957,ok
1766617200,2025-12-24,XLayer,native-oft,47848164,24933321.810356,ok
1766790000,2025-12-26,Arbitrum,upgraded-in-place,414850761,1018540635.781480,ok
1766790000,2025-12-26,Arbitrum_L1Gateway,legacy-escrow,24099947,138946.387741,ok
1766790000,2025-12-26,Berachain,native-oft,14887642,59236753.898931,ok
1766790000,2025-12-26,Flare,native-oft,52859985,57438317.752932,ok
1766790000,2025-12-26,HyperEVM,native-oft,22911921,175833147.813911,ok
1766790000,2025-12-26,Ink,native-oft,33291589,234736390.971023,ok
1766790000,2025-12-26,Mantle,native-oft,89329844,399584526.635895,ok
1766790000,2025-12-26,Optimism,native-oft,145595611,11747286.295802,ok
1766790000,2025-12-26,Optimism_L1Bridge,legacy-escrow,24099947,151007574.567561,ok
1766790000,2025-12-26,Plasma,native-oft,9859329,1248363676.323448,ok
1766790000,2025-12-26,Polygon,upgraded-in-place,80835378,893355381.428329,ok
1766790000,2025-12-26,Polygon_ERC20Pred,legacy-escrow,24099947,0.000000,ok
1766790000,2025-12-26,Rootstock,native-oft,8354980,2072976.300912,ok
1766790000,2025-12-26,USDT0_lockbox,collateral,24099947,4239182960.641216,ok
1766790000,2025-12-26,Unichain,native-oft,36041641,25015003.959531,ok
1766790000,2025-12-26,XLayer,native-oft,48020964,27366655.594375,ok
1766962800,2025-12-28,Arbitrum,upgraded-in-place,415541483,1033552474.316368,ok
1766962800,2025-12-28,Arbitrum_L1Gateway,legacy-escrow,24114278,138946.387741,ok
1766962800,2025-12-28,Berachain,native-oft,14974042,52728376.462807,ok
1766962800,2025-12-28,Flare,native-oft,52959298,57272500.769168,ok
1766962800,2025-12-28,HyperEVM,native-oft,23087600,175244015.724434,ok
1766962800,2025-12-28,Ink,native-oft,33464389,234371585.893296,ok
1766962800,2025-12-28,Mantle,native-oft,89416244,399585293.787876,ok
1766962800,2025-12-28,Optimism,native-oft,145682011,11559598.068073,ok
1766962800,2025-12-28,Optimism_L1Bridge,legacy-escrow,24114278,152018708.687571,ok
1766962800,2025-12-28,Plasma,native-oft,10032129,1314835918.722396,ok
1766962800,2025-12-28,Polygon,upgraded-in-place,80921778,892175941.655143,ok
1766962800,2025-12-28,Polygon_ERC20Pred,legacy-escrow,24114278,0.000000,ok
1766962800,2025-12-28,Rootstock,native-oft,8361943,2122150.184888,ok
1766962800,2025-12-28,USDT0_lockbox,collateral,24114278,4307050981.560438,ok
1766962800,2025-12-28,Unichain,native-oft,36214441,24393571.633786,ok
1766962800,2025-12-28,XLayer,native-oft,48193764,24961388.578909,ok
1767135600,2025-12-30,Arbitrum,upgraded-in-place,416233569,1052539428.040269,ok
1767135600,2025-12-30,Arbitrum_L1Gateway,legacy-escrow,24128585,138946.387741,ok
1767135600,2025-12-30,Berachain,native-oft,15060441,53914036.896167,ok
1767135600,2025-12-30,Flare,native-oft,53065547,58840565.681097,ok
1767135600,2025-12-30,HyperEVM,native-oft,23263280,176660848.748561,ok
1767135600,2025-12-30,Ink,native-oft,33637189,221737256.888864,ok
1767135600,2025-12-30,Mantle,native-oft,89502644,388425538.147724,ok
1767135600,2025-12-30,Optimism,native-oft,145768411,11398598.425028,ok
1767135600,2025-12-30,Optimism_L1Bridge,legacy-escrow,24128585,153056339.527674,ok
1767135600,2025-12-30,Plasma,native-oft,10204929,1339912236.828155,ok
1767135600,2025-12-30,Polygon,upgraded-in-place,81008178,891653534.200274,ok
1767135600,2025-12-30,Polygon_ERC20Pred,legacy-escrow,24128585,0.000000,ok
1767135600,2025-12-30,Rootstock,native-oft,8368943,2100386.670224,ok
1767135600,2025-12-30,USDT0_lockbox,collateral,24128585,4730087496.031141,ok
1767135600,2025-12-30,Unichain,native-oft,36387241,23957844.033081,ok
1767135600,2025-12-30,XLayer,native-oft,48366564,27027168.427613,ok
1767308400,2026-01-01,Arbitrum,upgraded-in-place,416925144,1029008664.404108,ok
1767308400,2026-01-01,Arbitrum_L1Gateway,legacy-escrow,24142925,138946.387741,ok
1767308400,2026-01-01,Berachain,native-oft,15146842,57148510.566411,ok
1767308400,2026-01-01,Flare,native-oft,53176926,59138264.349877,ok
1767308400,2026-01-01,HyperEVM,native-oft,23438960,149091005.059696,ok
1767308400,2026-01-01,Ink,native-oft,33809989,215057248.395178,ok
1767308400,2026-01-01,Mantle,native-oft,89589044,374980483.622572,ok
1767308400,2026-01-01,Optimism,native-oft,145854811,11451168.810015,ok
1767308400,2026-01-01,Optimism_L1Bridge,legacy-escrow,24142925,154092991.589323,ok
1767308400,2026-01-01,Plasma,native-oft,10377729,1392111434.540957,ok
1767308400,2026-01-01,Polygon,upgraded-in-place,81094570,892733862.622776,ok
1767308400,2026-01-01,Polygon_ERC20Pred,legacy-escrow,24142925,0.000000,ok
1767308400,2026-01-01,Rootstock,native-oft,8376044,2119295.135968,ok
1767308400,2026-01-01,USDT0_lockbox,collateral,24142925,4451730891.084085,ok
1767308400,2026-01-01,Unichain,native-oft,36560041,32345140.125543,ok
1767308400,2026-01-01,XLayer,native-oft,48539364,24469132.454538,ok
1767481200,2026-01-03,Arbitrum,upgraded-in-place,417616579,1040611604.565005,ok
1767481200,2026-01-03,Arbitrum_L1Gateway,legacy-escrow,24157267,138946.387741,ok
1767481200,2026-01-03,Berachain,native-oft,15233241,59002834.533668,ok
1767481200,2026-01-03,Flare,native-oft,53283907,58235980.207988,ok
1767481200,2026-01-03,HyperEVM,native-oft,23614558,150511414.193155,ok
1767481200,2026-01-03,Ink,native-oft,33982789,213059469.394904,ok
1767481200,2026-01-03,Mantle,native-oft,89675444,373159276.424251,ok
1767481200,2026-01-03,Optimism,native-oft,145941211,11284921.040894,ok
1767481200,2026-01-03,Optimism_L1Bridge,legacy-escrow,24157267,155205308.259619,ok
1767481200,2026-01-03,Plasma,native-oft,10550529,1431798408.752214,ok
1767481200,2026-01-03,Polygon,upgraded-in-place,81180970,890863717.329333,ok
1767481200,2026-01-03,Polygon_ERC20Pred,legacy-escrow,24157267,0.000000,ok
1767481200,2026-01-03,Rootstock,native-oft,8383057,2101564.551985,ok
1767481200,2026-01-03,USDT0_lockbox,collateral,24157267,4461125911.374205,ok
1767481200,2026-01-03,Unichain,native-oft,36732841,31636477.497029,ok
1767481200,2026-01-03,XLayer,native-oft,48712164,24217510.375017,ok
1767654000,2026-01-05,Arbitrum,upgraded-in-place,418308463,1046223901.411339,ok
1767654000,2026-01-05,Arbitrum_L1Gateway,legacy-escrow,24171603,138946.387741,ok
1767654000,2026-01-05,Berachain,native-oft,15319642,54105155.531609,ok
1767654000,2026-01-05,Flare,native-oft,53393057,56726979.627188,ok
1767654000,2026-01-05,HyperEVM,native-oft,23790238,150300557.089446,ok
1767654000,2026-01-05,Ink,native-oft,34155589,235460871.858094,ok
1767654000,2026-01-05,Mantle,native-oft,89761844,359121802.544404,ok
1767654000,2026-01-05,Optimism,native-oft,146027611,11210605.785238,ok
1767654000,2026-01-05,Optimism_L1Bridge,legacy-escrow,24171603,155326463.870716,ok
1767654000,2026-01-05,Plasma,native-oft,10723329,1472666992.478100,ok
1767654000,2026-01-05,Polygon,upgraded-in-place,81267370,932369253.903580,ok
1767654000,2026-01-05,Polygon_ERC20Pred,legacy-escrow,24171603,0.000000,ok
1767654000,2026-01-05,Rootstock,native-oft,8390092,2229167.067843,ok
1767654000,2026-01-05,USDT0_lockbox,collateral,24171603,4526685246.432062,ok
1767654000,2026-01-05,Unichain,native-oft,36905641,30811536.482550,ok
1767654000,2026-01-05,XLayer,native-oft,48884964,24966367.041728,ok
1767826800,2026-01-07,Arbitrum,upgraded-in-place,419000842,1048295740.633259,ok
1767826800,2026-01-07,Arbitrum_L1Gateway,legacy-escrow,24185943,138946.387741,ok
1767826800,2026-01-07,Berachain,native-oft,15406042,60991432.698646,ok
1767826800,2026-01-07,Flare,native-oft,53502316,56519485.918550,ok
1767826800,2026-01-07,HyperEVM,native-oft,23965918,152936504.052122,ok
1767826800,2026-01-07,Ink,native-oft,34328389,233727522.391687,ok
1767826800,2026-01-07,Mantle,native-oft,89848244,355034838.984436,ok
1767826800,2026-01-07,Optimism,native-oft,146114011,11471564.290062,ok
1767826800,2026-01-07,Optimism_L1Bridge,legacy-escrow,24185943,160495899.655244,ok
1767826800,2026-01-07,Plasma,native-oft,10896129,1503948429.914225,ok
1767826800,2026-01-07,Polygon,upgraded-in-place,81353770,920234282.465104,ok
1767826800,2026-01-07,Polygon_ERC20Pred,legacy-escrow,24185943,0.000000,ok
1767826800,2026-01-07,Rootstock,native-oft,8397146,2227015.416414,ok
1767826800,2026-01-07,USDT0_lockbox,collateral,24185943,4553442599.909956,ok
1767826800,2026-01-07,Unichain,native-oft,37078441,29283265.433523,ok
1767826800,2026-01-07,XLayer,native-oft,49057764,24137151.753995,ok
1767999600,2026-01-09,Arbitrum,upgraded-in-place,419692997,1045316606.993461,ok
1767999600,2026-01-09,Arbitrum_L1Gateway,legacy-escrow,24200271,138946.387741,ok
1767999600,2026-01-09,Berachain,native-oft,15492442,89382389.572196,ok
1767999600,2026-01-09,Flare,native-oft,53607309,59369859.611121,ok
1767999600,2026-01-09,HyperEVM,native-oft,24141598,152506450.477135,ok
1767999600,2026-01-09,Ink,native-oft,34501189,240963728.603021,ok
1767999600,2026-01-09,Mantle,native-oft,89934644,340562362.230885,ok
1767999600,2026-01-09,Optimism,native-oft,146200411,11598058.532429,ok
1767999600,2026-01-09,Optimism_L1Bridge,legacy-escrow,24200271,161631147.212443,ok
1767999600,2026-01-09,Plasma,native-oft,11068929,1669888698.477752,ok
1767999600,2026-01-09,Polygon,upgraded-in-place,81440169,934368378.690090,ok
1767999600,2026-01-09,Polygon_ERC20Pred,legacy-escrow,24200271,0.000000,ok
1767999600,2026-01-09,Rootstock,native-oft,8404211,2220201.184412,ok
1767999600,2026-01-09,USDT0_lockbox,collateral,24200271,4743551740.320396,ok
1767999600,2026-01-09,Unichain,native-oft,37251241,28635390.778324,ok
1767999600,2026-01-09,XLayer,native-oft,49230564,25036828.134171,ok
1768172400,2026-01-11,Arbitrum,upgraded-in-place,420382900,1037506105.916767,ok
1768172400,2026-01-11,Arbitrum_L1Gateway,legacy-escrow,24214614,138946.387741,ok
1768172400,2026-01-11,Berachain,native-oft,15578842,92834528.173751,ok
1768172400,2026-01-11,Flare,native-oft,53707449,59126045.286787,ok
1768172400,2026-01-11,HyperEVM,native-oft,24317278,153148395.260360,ok
1768172400,2026-01-11,Ink,native-oft,34673989,251559797.257502,ok
1768172400,2026-01-11,Mantle,native-oft,90021044,335761372.483072,ok
1768172400,2026-01-11,Optimism,native-oft,146286811,11612208.175222,ok
1768172400,2026-01-11,Optimism_L1Bridge,legacy-escrow,24214614,159192933.464066,ok
1768172400,2026-01-11,Plasma,native-oft,11241729,1654554847.810329,ok
1768172400,2026-01-11,Polygon,upgraded-in-place,81526568,934316041.834788,ok
1768172400,2026-01-11,Polygon_ERC20Pred,legacy-escrow,24214614,0.000000,ok
1768172400,2026-01-11,Rootstock,native-oft,8411059,2194175.582303,ok
1768172400,2026-01-11,USDT0_lockbox,collateral,24214614,4731315271.924904,ok
1768172400,2026-01-11,Unichain,native-oft,37424041,28053692.389957,ok
1768172400,2026-01-11,XLayer,native-oft,49403364,26940615.399945,ok
1768345200,2026-01-13,Arbitrum,upgraded-in-place,421074605,1040906500.045067,ok
1768345200,2026-01-13,Arbitrum_L1Gateway,legacy-escrow,24228922,138946.387741,ok
1768345200,2026-01-13,Berachain,native-oft,15665242,94062331.596515,ok
1768345200,2026-01-13,Flare,native-oft,53813508,58497386.009810,ok
1768345200,2026-01-13,HyperEVM,native-oft,24492958,152741862.797859,ok
1768345200,2026-01-13,Ink,native-oft,34846789,252517708.568862,ok
1768345200,2026-01-13,Mantle,native-oft,90107444,330730167.646684,ok
1768345200,2026-01-13,Optimism,native-oft,146373211,11207539.616101,ok
1768345200,2026-01-13,Optimism_L1Bridge,legacy-escrow,24228922,150312355.323526,ok
1768345200,2026-01-13,Plasma,native-oft,11414529,1672969459.544945,ok
1768345200,2026-01-13,Polygon,upgraded-in-place,81612614,946565071.951965,ok
1768345200,2026-01-13,Polygon_ERC20Pred,legacy-escrow,24228922,0.000000,ok
1768345200,2026-01-13,Rootstock,native-oft,8418003,2276794.797092,ok
1768345200,2026-01-13,USDT0_lockbox,collateral,24228922,4796498067.514378,ok
1768345200,2026-01-13,Unichain,native-oft,37596841,37752202.349908,ok
1768345200,2026-01-13,XLayer,native-oft,49576164,26215511.684696,ok
1768518000,2026-01-15,Arbitrum,upgraded-in-place,421766086,1042303479.894235,ok
1768518000,2026-01-15,Arbitrum_L1Gateway,legacy-escrow,24243257,138946.387741,ok
1768518000,2026-01-15,Berachain,native-oft,15751642,117660066.241801,ok
1768518000,2026-01-15,Flare,native-oft,53916859,57751271.091036,ok
1768518000,2026-01-15,HyperEVM,native-oft,24668638,128710533.974447,ok
1768518000,2026-01-15,Ink,native-oft,35019589,227184200.860403,ok
1768518000,2026-01-15,Mantle,native-oft,90193844,334969212.870838,ok
1768518000,2026-01-15,Optimism,native-oft,146459611,11177106.268609,ok
1768518000,2026-01-15,Optimism_L1Bridge,legacy-escrow,24243257,149217105.873635,ok
1768518000,2026-01-15,Plasma,native-oft,11587329,1515938593.021599,ok
1768518000,2026-01-15,Polygon,upgraded-in-place,81699014,946664560.187325,ok
1768518000,2026-01-15,Polygon_ERC20Pred,legacy-escrow,24243257,0.000000,ok
1768518000,2026-01-15,Rootstock,native-oft,8425018,2375630.128058,ok
1768518000,2026-01-15,USDT0_lockbox,collateral,24243257,4599577283.348763,ok
1768518000,2026-01-15,Unichain,native-oft,37769641,36694286.625022,ok
1768518000,2026-01-15,XLayer,native-oft,49748964,26829754.744685,ok
1768690800,2026-01-17,Arbitrum,upgraded-in-place,422456729,1025473729.998960,ok
1768690800,2026-01-17,Arbitrum_L1Gateway,legacy-escrow,24257611,138946.387741,ok
1768690800,2026-01-17,Berachain,native-oft,15838042,117956204.744142,ok
1768690800,2026-01-17,Flare,native-oft,54018462,57587345.528752,ok
1768690800,2026-01-17,HyperEVM,native-oft,24844234,130469593.297662,ok
1768690800,2026-01-17,Ink,native-oft,35192389,222395178.316461,ok
1768690800,2026-01-17,Mantle,native-oft,90280244,337125718.119288,ok
1768690800,2026-01-17,Optimism,native-oft,146546011,10875543.619853,ok
1768690800,2026-01-17,Optimism_L1Bridge,legacy-escrow,24257611,149217105.873635,ok
1768690800,2026-01-17,Plasma,native-oft,11760129,1561748448.257853,ok
1768690800,2026-01-17,Polygon,upgraded-in-place,81785414,963529702.823792,ok
1768690800,2026-01-17,Polygon_ERC20Pred,legacy-escrow,24257611,0.000000,ok
1768690800,2026-01-17,Rootstock,native-oft,8432019,2376283.782840,ok
1768690800,2026-01-17,USDT0_lockbox,collateral,24257611,4643056744.365052,ok
1768690800,2026-01-17,Unichain,native-oft,37942441,32320122.014529,ok
1768690800,2026-01-17,XLayer,native-oft,49921764,26718815.742050,ok
1768863600,2026-01-19,Arbitrum,upgraded-in-place,423147537,1049872430.534848,ok
1768863600,2026-01-19,Arbitrum_L1Gateway,legacy-escrow,24271965,138946.387741,ok
1768863600,2026-01-19,Berachain,native-oft,15924442,115275681.814625,ok
1768863600,2026-01-19,Flare,native-oft,54121909,57561760.394807,ok
1768863600,2026-01-19,HyperEVM,native-oft,25019914,130159762.048387,ok
1768863600,2026-01-19,Ink,native-oft,35365189,217723448.983792,ok
1768863600,2026-01-19,Mantle,native-oft,90366644,338053057.256292,ok
1768863600,2026-01-19,Optimism,native-oft,146632411,10786436.289413,ok
1768863600,2026-01-19,Optimism_L1Bridge,legacy-escrow,24271965,169213116.030195,ok
1768863600,2026-01-19,Plasma,native-oft,11932929,1546010711.586771,ok
1768863600,2026-01-19,Polygon,upgraded-in-place,81871814,958375464.456923,ok
1768863600,2026-01-19,Polygon_ERC20Pred,legacy-escrow,24271965,0.000000,ok
1768863600,2026-01-19,Rootstock,native-oft,8439057,1915547.036262,ok
1768863600,2026-01-19,USDT0_lockbox,collateral,24271965,4660823470.820797,ok
1768863600,2026-01-19,Unichain,native-oft,38115241,32162004.706624,ok
1768863600,2026-01-19,XLayer,native-oft,50094564,25456512.732603,ok
1769036400,2026-01-21,Arbitrum,upgraded-in-place,423839823,1023775461.799883,ok
1769036400,2026-01-21,Arbitrum_L1Gateway,legacy-escrow,24286308,138946.387741,ok
1769036400,2026-01-21,Berachain,native-oft,16010842,113478989.484816,ok
1769036400,2026-01-21,Flare,native-oft,54226737,52365679.263299,ok
1769036400,2026-01-21,HyperEVM,native-oft,25195591,142428640.105699,ok
1769036400,2026-01-21,Ink,native-oft,35537989,223483486.755196,ok
1769036400,2026-01-21,Mantle,native-oft,90453044,337320507.296055,ok
1769036400,2026-01-21,Optimism,native-oft,146718811,10547640.734900,ok
1769036400,2026-01-21,Optimism_L1Bridge,legacy-escrow,24286308,186973446.414037,ok
1769036400,2026-01-21,Plasma,native-oft,12105729,1542439792.840241,ok
1769036400,2026-01-21,Polygon,upgraded-in-place,81958214,956347869.309736,ok
1769036400,2026-01-21,Polygon_ERC20Pred,legacy-escrow,24286308,0.000000,ok
1769036400,2026-01-21,Rootstock,native-oft,8446035,1710846.934120,ok
1769036400,2026-01-21,USDT0_lockbox,collateral,24286308,4657200551.938378,ok
1769036400,2026-01-21,Unichain,native-oft,38288041,31243264.635689,ok
1769036400,2026-01-21,XLayer,native-oft,50267364,29749650.825664,ok
1769209200,2026-01-23,Arbitrum,upgraded-in-place,424531034,1021852958.058342,ok
1769209200,2026-01-23,Arbitrum_L1Gateway,legacy-escrow,24300628,138946.387741,ok
1769209200,2026-01-23,Berachain,native-oft,16097242,112427776.750935,ok
1769209200,2026-01-23,Flare,native-oft,54327723,55064002.517752,ok
1769209200,2026-01-23,HyperEVM,native-oft,25371271,142103059.448980,ok
1769209200,2026-01-23,Ink,native-oft,35710789,229091560.837656,ok
1769209200,2026-01-23,Mantle,native-oft,90539444,329709180.597531,ok
1769209200,2026-01-23,Optimism,native-oft,146805211,10428482.076797,ok
1769209200,2026-01-23,Optimism_L1Bridge,legacy-escrow,24300628,192342209.544037,ok
1769209200,2026-01-23,Plasma,native-oft,12277444,1528558146.558611,ok
1769209200,2026-01-23,Polygon,upgraded-in-place,82044614,863286413.557013,ok
1769209200,2026-01-23,Polygon_ERC20Pred,legacy-escrow,24300628,0.000000,ok
1769209200,2026-01-23,Rootstock,native-oft,8453055,1708159.825381,ok
1769209200,2026-01-23,USDT0_lockbox,collateral,24300628,4547577793.135088,ok
1769209200,2026-01-23,Unichain,native-oft,38460841,29924632.952343,ok
1769209200,2026-01-23,XLayer,native-oft,50440164,31353108.711936,ok
1769382000,2026-01-25,Arbitrum,upgraded-in-place,425220454,1009908968.951231,ok
1769382000,2026-01-25,Arbitrum_L1Gateway,legacy-escrow,24314974,138946.387741,ok
1769382000,2026-01-25,Berachain,native-oft,16183642,111342748.083348,ok
1769382000,2026-01-25,Flare,native-oft,54427596,57507115.586735,ok
1769382000,2026-01-25,HyperEVM,native-oft,25546864,142766603.224956,ok
1769382000,2026-01-25,Ink,native-oft,35883589,238571631.855221,ok
1769382000,2026-01-25,Mantle,native-oft,90625844,319843447.099295,ok
1769382000,2026-01-25,Optimism,native-oft,146891611,10546741.653145,ok
1769382000,2026-01-25,Optimism_L1Bridge,legacy-escrow,24314974,197798338.744037,ok
1769382000,2026-01-25,Plasma,native-oft,12450244,1548724141.860493,ok
1769382000,2026-01-25,Polygon,upgraded-in-place,82131014,858029702.878670,ok
1769382000,2026-01-25,Polygon_ERC20Pred,legacy-escrow,24314974,0.000000,ok
1769382000,2026-01-25,Rootstock,native-oft,8459878,1707142.872770,ok
1769382000,2026-01-25,USDT0_lockbox,collateral,24314974,4552384435.247853,ok
1769382000,2026-01-25,Unichain,native-oft,38633641,29245239.102844,ok
1769382000,2026-01-25,XLayer,native-oft,50612964,30514710.707436,ok
1769554800,2026-01-27,Arbitrum,upgraded-in-place,425913308,996611313.687152,ok
1769554800,2026-01-27,Arbitrum_L1Gateway,legacy-escrow,24329313,138946.387741,ok
1769554800,2026-01-27,Berachain,native-oft,16270042,54615896.027999,ok
1769554800,2026-01-27,Flare,native-oft,54531428,56148382.304691,ok
1769554800,2026-01-27,HyperEVM,native-oft,25722543,152937657.966201,ok
1769554800,2026-01-27,Ink,native-oft,36056389,228884863.386321,ok
1769554800,2026-01-27,Mantle,native-oft,90712244,317625275.356219,ok
1769554800,2026-01-27,Optimism,native-oft,146978011,10416944.244201,ok
1769554800,2026-01-27,Optimism_L1Bridge,legacy-escrow,24329313,209853017.939938,ok
1769554800,2026-01-27,Plasma,native-oft,12623044,1502512408.045842,ok
1769554800,2026-01-27,Polygon,upgraded-in-place,82217405,859950239.276603,ok
1769554800,2026-01-27,Polygon_ERC20Pred,legacy-escrow,24329313,0.000000,ok
1769554800,2026-01-27,Rootstock,native-oft,8466893,1651903.964251,ok
1769554800,2026-01-27,USDT0_lockbox,collateral,24329313,4436694059.048566,ok
1769554800,2026-01-27,Unichain,native-oft,38806441,29273817.425265,ok
1769554800,2026-01-27,XLayer,native-oft,50785764,31913957.043462,ok
1769727600,2026-01-29,Arbitrum,upgraded-in-place,426606421,988151218.347415,ok
1769727600,2026-01-29,Arbitrum_L1Gateway,legacy-escrow,24343657,138946.387741,ok
1769727600,2026-01-29,Berachain,native-oft,16356442,44955389.690945,ok
1769727600,2026-01-29,Flare,native-oft,54636734,47963090.344031,ok
1769727600,2026-01-29,HyperEVM,native-oft,25898223,160728924.888110,ok
1769727600,2026-01-29,Ink,native-oft,36229189,228976703.030842,ok
1769727600,2026-01-29,Mantle,native-oft,90798644,316302122.113137,ok
1769727600,2026-01-29,Optimism,native-oft,147064411,12414503.058747,ok
1769727600,2026-01-29,Optimism_L1Bridge,legacy-escrow,24343657,192151969.015806,ok
1769727600,2026-01-29,Plasma,native-oft,12795844,1471187056.294090,ok
1769727600,2026-01-29,Polygon,upgraded-in-place,82303797,882707671.079228,ok
1769727600,2026-01-29,Polygon_ERC20Pred,legacy-escrow,24343657,0.000000,ok
1769727600,2026-01-29,Rootstock,native-oft,8473772,1809244.114140,ok
1769727600,2026-01-29,USDT0_lockbox,collateral,24343657,4415710229.657644,ok
1769727600,2026-01-29,Unichain,native-oft,38979241,33361377.145993,ok
1769727600,2026-01-29,XLayer,native-oft,50958564,33291943.160042,ok
1769900400,2026-01-31,Arbitrum,upgraded-in-place,427300754,977345211.522856,ok
1769900400,2026-01-31,Arbitrum_L1Gateway,legacy-escrow,24357995,138946.387741,ok
1769900400,2026-01-31,Berachain,native-oft,16442842,44394829.433401,ok
1769900400,2026-01-31,Flare,native-oft,54749452,47060804.713296,ok
1769900400,2026-01-31,HyperEVM,native-oft,26073813,156088704.553010,ok
1769900400,2026-01-31,Ink,native-oft,36401989,212486742.965462,ok
1769900400,2026-01-31,Mantle,native-oft,90885044,316789753.856239,ok
1769900400,2026-01-31,Optimism,native-oft,147150811,12110543.753929,ok
1769900400,2026-01-31,Optimism_L1Bridge,legacy-escrow,24357995,192325493.187306,ok
1769900400,2026-01-31,Plasma,native-oft,12968644,1457703272.149493,ok
1769900400,2026-01-31,Polygon,upgraded-in-place,82390197,882231685.333568,ok
1769900400,2026-01-31,Polygon_ERC20Pred,legacy-escrow,24357995,0.000000,ok
1769900400,2026-01-31,Rootstock,native-oft,8480726,1696388.362226,ok
1769900400,2026-01-31,USDT0_lockbox,collateral,24357995,4372923923.363199,ok
1769900400,2026-01-31,Unichain,native-oft,39152041,33715425.051015,ok
1769900400,2026-01-31,XLayer,native-oft,51131364,32746339.775136,ok
1770073200,2026-02-02,Arbitrum,upgraded-in-place,427994227,984656144.224179,ok
1770073200,2026-02-02,Arbitrum_L1Gateway,legacy-escrow,24372314,138946.387741,ok
1770073200,2026-02-02,Berachain,native-oft,16529242,42108617.293538,ok
1770073200,2026-02-02,Flare,native-oft,54861692,42164728.871035,ok
1770073200,2026-02-02,HyperEVM,native-oft,26249493,162257771.985816,ok
1770073200,2026-02-02,Ink,native-oft,36574789,208111209.549655,ok
1770073200,2026-02-02,Mantle,native-oft,90971444,312751417.392137,ok
1770073200,2026-02-02,Optimism,native-oft,147237211,11956228.157081,ok
1770073200,2026-02-02,Optimism_L1Bridge,legacy-escrow,24372314,192347643.978629,ok
1770073200,2026-02-02,Plasma,native-oft,13141444,1522758915.728872,ok
1770073200,2026-02-02,Polygon,upgraded-in-place,82476597,883031083.730152,ok
1770073200,2026-02-02,Polygon_ERC20Pred,legacy-escrow,24372314,0.000000,ok
1770073200,2026-02-02,Rootstock,native-oft,8487718,1630313.139681,ok
1770073200,2026-02-02,USDT0_lockbox,collateral,24372314,4439341401.671583,ok
1770073200,2026-02-02,Unichain,native-oft,39324841,33155626.903650,ok
1770073200,2026-02-02,XLayer,native-oft,51304164,33218574.465803,ok
1770246000,2026-02-04,Arbitrum,upgraded-in-place,428688849,932831004.533164,ok
1770246000,2026-02-04,Arbitrum_L1Gateway,legacy-escrow,24386615,138946.387741,ok
1770246000,2026-02-04,Berachain,native-oft,16615642,39391387.994593,ok
1770246000,2026-02-04,Flare,native-oft,54970623,48643625.733489,ok
1770246000,2026-02-04,HyperEVM,native-oft,26425173,136214787.032635,ok
1770246000,2026-02-04,Ink,native-oft,36747589,236193148.035106,ok
1770246000,2026-02-04,Mantle,native-oft,91057844,312028206.374834,ok
1770246000,2026-02-04,Optimism,native-oft,147323611,11688622.893839,ok
1770246000,2026-02-04,Optimism_L1Bridge,legacy-escrow,24386615,178526880.099400,ok
1770246000,2026-02-04,Plasma,native-oft,13314244,1472935423.478025,ok
1770246000,2026-02-04,Polygon,upgraded-in-place,82562996,904054385.495809,ok
1770246000,2026-02-04,Polygon_ERC20Pred,legacy-escrow,24386615,0.000000,ok
1770246000,2026-02-04,Rootstock,native-oft,8494576,1783485.388408,ok
1770246000,2026-02-04,USDT0_lockbox,collateral,24386615,4360838033.470307,ok
1770246000,2026-02-04,Unichain,native-oft,39497641,35989085.301717,ok
1770246000,2026-02-04,XLayer,native-oft,51476964,39283837.578582,ok
1770418800,2026-02-06,Arbitrum,upgraded-in-place,429384463,959266102.617259,ok
1770418800,2026-02-06,Arbitrum_L1Gateway,legacy-escrow,24400924,138946.387741,ok
1770418800,2026-02-06,Berachain,native-oft,16702042,38158679.794000,ok
1770418800,2026-02-06,Flare,native-oft,55086063,37839193.409914,ok
1770418800,2026-02-06,HyperEVM,native-oft,26600853,140387496.881203,ok
1770418800,2026-02-06,Ink,native-oft,36920389,232503878.086802,ok
1770418800,2026-02-06,Mantle,native-oft,91144244,320942828.695423,ok
1770418800,2026-02-06,Optimism,native-oft,147410011,14666614.045369,ok
1770418800,2026-02-06,Optimism_L1Bridge,legacy-escrow,24400924,173696869.298932,ok
1770418800,2026-02-06,Plasma,native-oft,13487044,1416057083.044979,ok
1770418800,2026-02-06,Polygon,upgraded-in-place,82649388,906878194.839979,ok
1770418800,2026-02-06,Polygon_ERC20Pred,legacy-escrow,24400924,0.000000,ok
1770418800,2026-02-06,Rootstock,native-oft,8501516,1490935.333797,ok
1770418800,2026-02-06,USDT0_lockbox,collateral,24400924,4348916111.490964,ok
1770418800,2026-02-06,Unichain,native-oft,39670441,36289182.246091,ok
1770418800,2026-02-06,XLayer,native-oft,51649764,45900292.686797,ok
1770591600,2026-02-08,Arbitrum,upgraded-in-place,430077724,957938928.089938,ok
1770591600,2026-02-08,Arbitrum_L1Gateway,legacy-escrow,24415195,138946.387741,ok
1770591600,2026-02-08,Berachain,native-oft,16788442,37261137.437428,ok
1770591600,2026-02-08,Flare,native-oft,55194441,37797174.744828,ok
1770591600,2026-02-08,HyperEVM,native-oft,26776437,141443857.851802,ok
1770591600,2026-02-08,Ink,native-oft,37093189,227038158.658735,ok
1770591600,2026-02-08,Mantle,native-oft,91230644,318002879.813985,ok
1770591600,2026-02-08,Optimism,native-oft,147496411,14580882.486282,ok
1770591600,2026-02-08,Optimism_L1Bridge,legacy-escrow,24415195,170715546.882376,ok
1770591600,2026-02-08,Plasma,native-oft,13659844,1515939744.826652,ok
1770591600,2026-02-08,Polygon,upgraded-in-place,82735788,903460257.072691,ok
1770591600,2026-02-08,Polygon_ERC20Pred,legacy-escrow,24415195,0.000000,ok
1770591600,2026-02-08,Rootstock,native-oft,8508326,1488855.385745,ok
1770591600,2026-02-08,USDT0_lockbox,collateral,24415195,4450639008.995012,ok
1770591600,2026-02-08,Unichain,native-oft,39843241,36227887.445393,ok
1770591600,2026-02-08,XLayer,native-oft,51822564,52719049.691136,ok
1770764400,2026-02-10,Arbitrum,upgraded-in-place,430771489,967708271.324743,ok
1770764400,2026-02-10,Arbitrum_L1Gateway,legacy-escrow,24429510,138945.387741,ok
1770764400,2026-02-10,Berachain,native-oft,16874842,32579296.262487,ok
1770764400,2026-02-10,Flare,native-oft,55304512,46806290.862870,ok
1770764400,2026-02-10,HyperEVM,native-oft,26952117,143328379.625825,ok
1770764400,2026-02-10,Ink,native-oft,37265989,238381329.118216,ok
1770764400,2026-02-10,Mantle,native-oft,91317044,321200145.834143,ok
1770764400,2026-02-10,Optimism,native-oft,147582811,14591381.775273,ok
1770764400,2026-02-10,Optimism_L1Bridge,legacy-escrow,24429510,155156745.472718,ok
1770764400,2026-02-10,Plasma,native-oft,13832644,1414865077.385737,ok
1770764400,2026-02-10,Polygon,upgraded-in-place,82822188,916933662.893809,ok
1770764400,2026-02-10,Polygon_ERC20Pred,legacy-escrow,24429510,0.000000,ok
1770764400,2026-02-10,Rootstock,native-oft,8515223,1444676.898757,ok
1770764400,2026-02-10,USDT0_lockbox,collateral,24429510,4406421474.509588,ok
1770764400,2026-02-10,Unichain,native-oft,40016041,36297006.481475,ok
1770764400,2026-02-10,XLayer,native-oft,51995364,52027067.147769,ok
1770937200,2026-02-12,Arbitrum,upgraded-in-place,431465674,975898309.057991,ok
1770937200,2026-02-12,Arbitrum_L1Gateway,legacy-escrow,24443838,138945.387741,ok
1770937200,2026-02-12,Berachain,native-oft,16961242,29072191.070558,ok
1770937200,2026-02-12,Flare,native-oft,55414314,49087461.687522,ok
1770937200,2026-02-12,HyperEVM,native-oft,27127797,143828640.636743,ok
1770937200,2026-02-12,Ink,native-oft,37438789,244885484.267923,ok
1770937200,2026-02-12,Mantle,native-oft,91403444,351817467.707103,ok
1770937200,2026-02-12,Optimism,native-oft,147669211,14562260.885481,ok
1770937200,2026-02-12,Optimism_L1Bridge,legacy-escrow,24443838,151162466.831257,ok
1770937200,2026-02-12,Plasma,native-oft,14005444,1441035772.128060,ok
1770937200,2026-02-12,Polygon,upgraded-in-place,82908588,916993308.565455,ok
1770937200,2026-02-12,Polygon_ERC20Pred,legacy-escrow,24443838,0.000000,ok
1770937200,2026-02-12,Rootstock,native-oft,8522115,1413314.508310,ok
1770937200,2026-02-12,USDT0_lockbox,collateral,24443838,4495991123.644251,ok
1770937200,2026-02-12,Unichain,native-oft,40188841,41552882.377046,ok
1770937200,2026-02-12,XLayer,native-oft,52168164,53198171.751152,ok
1771110000,2026-02-14,Arbitrum,upgraded-in-place,432158800,975949672.465205,ok
1771110000,2026-02-14,Arbitrum_L1Gateway,legacy-escrow,24458176,138945.387741,ok
1771110000,2026-02-14,Berachain,native-oft,17047642,28186943.143444,ok
1771110000,2026-02-14,Flare,native-oft,55521928,50063170.580023,ok
1771110000,2026-02-14,HyperEVM,native-oft,27303477,143204292.998845,ok
1771110000,2026-02-14,Ink,native-oft,37611589,231451516.385851,ok
1771110000,2026-02-14,Mantle,native-oft,91489844,347632986.480979,ok
1771110000,2026-02-14,Optimism,native-oft,147755611,9643817.021221,ok
1771110000,2026-02-14,Optimism_L1Bridge,legacy-escrow,24458176,151186807.391364,ok
1771110000,2026-02-14,Plasma,native-oft,14178244,1513358023.291293,ok
1771110000,2026-02-14,Polygon,upgraded-in-place,82994988,918070925.231403,ok
1771110000,2026-02-14,Polygon_ERC20Pred,legacy-escrow,24458176,0.000000,ok
1771110000,2026-02-14,Rootstock,native-oft,8529066,1418869.508310,ok
1771110000,2026-02-14,USDT0_lockbox,collateral,24458176,4543262471.275625,ok
1771110000,2026-02-14,Unichain,native-oft,40361641,37925423.122740,ok
1771110000,2026-02-14,XLayer,native-oft,52340964,50359147.464211,ok
1771282800,2026-02-16,Arbitrum,upgraded-in-place,432852227,951527812.286090,ok
1771282800,2026-02-16,Arbitrum_L1Gateway,legacy-escrow,24472526,138945.387741,ok
1771282800,2026-02-16,Berachain,native-oft,17134042,28092124.330202,ok
1771282800,2026-02-16,Flare,native-oft,55630972,49341893.045323,ok
1771282800,2026-02-16,HyperEVM,native-oft,27479072,144000842.218629,ok
1771282800,2026-02-16,Ink,native-oft,37784389,245539616.539110,ok
1771282800,2026-02-16,Mantle,native-oft,91576244,345727696.768708,ok
1771282800,2026-02-16,Optimism,native-oft,147842011,9635917.191278,ok
1771282800,2026-02-16,Optimism_L1Bridge,legacy-escrow,24472526,150246590.373940,ok
1771282800,2026-02-16,Plasma,native-oft,14351044,1447407431.282702,ok
1771282800,2026-02-16,Polygon,upgraded-in-place,83081388,924458129.312398,ok
1771282800,2026-02-16,Polygon_ERC20Pred,legacy-escrow,24472526,0.000000,ok
1771282800,2026-02-16,Rootstock,native-oft,8535987,1463956.008310,ok
1771282800,2026-02-16,USDT0_lockbox,collateral,24472526,4469693382.467802,ok
1771282800,2026-02-16,Unichain,native-oft,40534441,36806789.755895,ok
1771282800,2026-02-16,XLayer,native-oft,52513764,48683166.268792,ok
1771455600,2026-02-18,Arbitrum,upgraded-in-place,433545451,928608091.741460,ok
1771455600,2026-02-18,Arbitrum_L1Gateway,legacy-escrow,24486868,138945.387741,ok
1771455600,2026-02-18,Berachain,native-oft,17220442,27684524.648278,ok
1771455600,2026-02-18,Flare,native-oft,55736289,48164752.746385,ok
1771455600,2026-02-18,HyperEVM,native-oft,27654752,150150613.435031,ok
1771455600,2026-02-18,Ink,native-oft,37957189,240484631.200750,ok
1771455600,2026-02-18,Mantle,native-oft,91662644,464806072.070247,ok
1771455600,2026-02-18,Optimism,native-oft,147928411,9659700.216525,ok
1771455600,2026-02-18,Optimism_L1Bridge,legacy-escrow,24486868,150248523.537728,ok
1771455600,2026-02-18,Plasma,native-oft,14523844,1376741499.379574,ok
1771455600,2026-02-18,Polygon,upgraded-in-place,83167788,925912008.366311,ok
1771455600,2026-02-18,Polygon_ERC20Pred,legacy-escrow,24486868,0.000000,ok
1771455600,2026-02-18,Rootstock,native-oft,8542848,1425169.933382,ok
1771455600,2026-02-18,USDT0_lockbox,collateral,24486868,4493524465.818335,ok
1771455600,2026-02-18,Unichain,native-oft,40707241,35653653.376521,ok
1771455600,2026-02-18,XLayer,native-oft,52686564,50579172.726393,ok
1771628400,2026-02-20,Arbitrum,upgraded-in-place,434238679,903604316.016686,ok
1771628400,2026-02-20,Arbitrum_L1Gateway,legacy-escrow,24501212,138945.387741,ok
1771628400,2026-02-20,Berachain,native-oft,17306842,28252211.565465,ok
1771628400,2026-02-20,Flare,native-oft,55843676,48111957.601672,ok
1771628400,2026-02-20,HyperEVM,native-oft,27830431,152080359.787720,ok
1771628400,2026-02-20,Ink,native-oft,38129989,225986102.975732,ok
1771628400,2026-02-20,Mantle,native-oft,91749044,438412050.375995,ok
1771628400,2026-02-20,Optimism,native-oft,148014811,9548400.096863,ok
1771628400,2026-02-20,Optimism_L1Bridge,legacy-escrow,24501212,150268204.296200,ok
1771628400,2026-02-20,Plasma,native-oft,14696644,1305806703.660597,ok
1771628400,2026-02-20,Polygon,upgraded-in-place,83254188,923362912.330536,ok
1771628400,2026-02-20,Polygon_ERC20Pred,legacy-escrow,24501212,0.000000,ok
1771628400,2026-02-20,Rootstock,native-oft,8549729,1452595.651259,ok
1771628400,2026-02-20,USDT0_lockbox,collateral,24501212,4355706021.469869,ok
1771628400,2026-02-20,Unichain,native-oft,40880041,38411143.115685,ok
1771628400,2026-02-20,XLayer,native-oft,52859364,48290712.198714,ok
1771801200,2026-02-22,Arbitrum,upgraded-in-place,434931429,904650896.694421,ok
1771801200,2026-02-22,Arbitrum_L1Gateway,legacy-escrow,24515561,138945.387741,ok
1771801200,2026-02-22,Berachain,native-oft,17393242,24303394.320613,ok
1771801200,2026-02-22,Flare,native-oft,55947537,47956607.813385,ok
1771801200,2026-02-22,HyperEVM,native-oft,28006027,152404767.840210,ok
1771801200,2026-02-22,Ink,native-oft,38302789,223982272.480767,ok
1771801200,2026-02-22,Mantle,native-oft,91835444,439708178.842969,ok
1771801200,2026-02-22,Optimism,native-oft,148101211,9568550.105133,ok
1771801200,2026-02-22,Optimism_L1Bridge,legacy-escrow,24515561,144077863.694447,ok
1771801200,2026-02-22,Plasma,native-oft,14869444,1368657304.679074,ok
1771801200,2026-02-22,Polygon,upgraded-in-place,83340586,923003834.585891,ok
1771801200,2026-02-22,Polygon_ERC20Pred,legacy-escrow,24515561,0.000000,ok
1771801200,2026-02-22,Rootstock,native-oft,8556690,1452608.342023,ok
1771801200,2026-02-22,USDT0_lockbox,collateral,24515561,4414373460.924228,ok
1771801200,2026-02-22,Unichain,native-oft,41052841,37462346.769800,ok
1771801200,2026-02-22,XLayer,native-oft,53032164,47360961.831767,ok
1771974000,2026-02-24,Arbitrum,upgraded-in-place,435624935,904176120.969320,ok
1771974000,2026-02-24,Arbitrum_L1Gateway,legacy-escrow,24529906,138945.387741,ok
1771974000,2026-02-24,Berachain,native-oft,17479642,21081282.074241,ok
1771974000,2026-02-24,Flare,native-oft,56057846,53855527.433834,ok
1771974000,2026-02-24,HyperEVM,native-oft,28181707,152788570.657236,ok
1771974000,2026-02-24,Ink,native-oft,38475589,226379003.352973,ok
1771974000,2026-02-24,Mantle,native-oft,91921844,517122539.001127,ok
1771974000,2026-02-24,Optimism,native-oft,148187611,9557267.840387,ok
1771974000,2026-02-24,Optimism_L1Bridge,legacy-escrow,24529906,144079719.435773,ok
1771974000,2026-02-24,Plasma,native-oft,15042244,1242806891.535160,ok
1771974000,2026-02-24,Polygon,upgraded-in-place,83426986,910638685.485549,ok
1771974000,2026-02-24,Polygon_ERC20Pred,legacy-escrow,24529906,0.000000,ok
1771974000,2026-02-24,Rootstock,native-oft,8563541,1452979.464932,ok
1771974000,2026-02-24,USDT0_lockbox,collateral,24529906,4358911123.427267,ok
1771974000,2026-02-24,Unichain,native-oft,41225641,32838230.008119,ok
1771974000,2026-02-24,XLayer,native-oft,53204964,47907539.283988,ok
1772146800,2026-02-26,Arbitrum,upgraded-in-place,436317786,911670457.977028,ok
1772146800,2026-02-26,Arbitrum_L1Gateway,legacy-escrow,24544238,138945.387741,ok
1772146800,2026-02-26,Berachain,native-oft,17566042,45366997.481387,ok
1772146800,2026-02-26,Flare,native-oft,56167540,54321991.445272,ok
1772146800,2026-02-26,HyperEVM,native-oft,28357387,154721366.721218,ok
1772146800,2026-02-26,Ink,native-oft,38648389,210832684.152368,ok
1772146800,2026-02-26,Mantle,native-oft,92008244,562895396.951391,ok
1772146800,2026-02-26,Optimism,native-oft,148274011,9529030.385073,ok
1772146800,2026-02-26,Optimism_L1Bridge,legacy-escrow,24544238,145192457.991853,ok
1772146800,2026-02-26,Plasma,native-oft,15215044,1375646291.293669,ok
1772146800,2026-02-26,Polygon,upgraded-in-place,83513386,909152865.820049,ok
1772146800,2026-02-26,Polygon_ERC20Pred,legacy-escrow,24544238,0.000000,ok
1772146800,2026-02-26,Rootstock,native-oft,8570458,1378719.651534,ok
1772146800,2026-02-26,USDT0_lockbox,collateral,24544238,4502731521.187595,ok
1772146800,2026-02-26,Unichain,native-oft,41398441,34894287.719321,ok
1772146800,2026-02-26,XLayer,native-oft,53377764,48547807.986150,ok
1772319600,2026-02-28,Arbitrum,upgraded-in-place,437010635,918469006.691443,ok
1772319600,2026-02-28,Arbitrum_L1Gateway,legacy-escrow,24558568,138945.387741,ok
1772319600,2026-02-28,Berachain,native-oft,17652442,45224805.626006,ok
1772319600,2026-02-28,Flare,native-oft,56277078,49164023.810633,ok
1772319600,2026-02-28,HyperEVM,native-oft,28533067,155844213.790636,ok
1772319600,2026-02-28,Ink,native-oft,38821189,210288684.405326,ok
1772319600,2026-02-28,Mantle,native-oft,92094644,659531360.120560,ok
1772319600,2026-02-28,Optimism,native-oft,148360411,9477942.443079,ok
1772319600,2026-02-28,Optimism_L1Bridge,legacy-escrow,24558568,145189212.019506,ok
1772319600,2026-02-28,Plasma,native-oft,15387844,1323403150.839711,ok
1772319600,2026-02-28,Polygon,upgraded-in-place,83599784,910361262.048327,ok
1772319600,2026-02-28,Polygon_ERC20Pred,legacy-escrow,24558568,0.000000,ok
1772319600,2026-02-28,Rootstock,native-oft,8577308,1365371.866696,ok
1772319600,2026-02-28,USDT0_lockbox,collateral,24558568,4564391280.956322,ok
1772319600,2026-02-28,Unichain,native-oft,41571241,33610745.023515,ok
1772319600,2026-02-28,XLayer,native-oft,53550564,48371442.128535,ok
1772492400,2026-03-02,Arbitrum,upgraded-in-place,437703373,903014672.586263,ok
1772492400,2026-03-02,Arbitrum_L1Gateway,legacy-escrow,24572905,138945.387741,ok
1772492400,2026-03-02,Berachain,native-oft,17738842,46127360.192510,ok
1772492400,2026-03-02,Flare,native-oft,56387488,45368578.920332,ok
1772492400,2026-03-02,HyperEVM,native-oft,28708662,156824241.250056,ok
1772492400,2026-03-02,Ink,native-oft,38993989,261417384.394187,ok
1772492400,2026-03-02,Mantle,native-oft,92181044,615384187.674417,ok
1772492400,2026-03-02,Optimism,native-oft,148446811,9438547.964869,ok
1772492400,2026-03-02,Optimism_L1Bridge,legacy-escrow,24572905,145189482.577073,ok
1772492400,2026-03-02,Plasma,native-oft,15560644,1283588717.061437,ok
1772492400,2026-03-02,Polygon,upgraded-in-place,83686184,913763132.945461,ok
1772492400,2026-03-02,Polygon_ERC20Pred,legacy-escrow,24572905,0.000000,ok
1772492400,2026-03-02,Rootstock,native-oft,8584310,1314882.629559,ok
1772492400,2026-03-02,USDT0_lockbox,collateral,24572905,4511645452.702867,ok
1772492400,2026-03-02,Unichain,native-oft,41744041,35555220.102743,ok
1772492400,2026-03-02,XLayer,native-oft,53723364,50159377.176656,ok
1772665200,2026-03-04,Arbitrum,upgraded-in-place,438396358,905546447.742167,ok
1772665200,2026-03-04,Arbitrum_L1Gateway,legacy-escrow,24587239,138945.387741,ok
1772665200,2026-03-04,Berachain,native-oft,17825242,45928996.064338,ok
1772665200,2026-03-04,Flare,native-oft,56497360,40118713.052905,ok
1772665200,2026-03-04,HyperEVM,native-oft,28884342,162348868.398490,ok
1772665200,2026-03-04,Ink,native-oft,39166789,241362247.865457,ok
1772665200,2026-03-04,Mantle,native-oft,92267444,614757548.725623,ok
1772665200,2026-03-04,Optimism,native-oft,148533211,9444102.982536,ok
1772665200,2026-03-04,Optimism_L1Bridge,legacy-escrow,24587239,146298488.397616,ok
1772665200,2026-03-04,Plasma,native-oft,15733442,1259457904.447796,ok
1772665200,2026-03-04,Polygon,upgraded-in-place,83772584,908768859.344174,ok
1772665200,2026-03-04,Polygon_ERC20Pred,legacy-escrow,24587239,0.000000,ok
1772665200,2026-03-04,Rootstock,native-oft,8591195,1343763.204894,ok
1772665200,2026-03-04,USDT0_lockbox,collateral,24587239,4409110081.150110,ok
1772665200,2026-03-04,Unichain,native-oft,41916841,33759838.456755,ok
1772665200,2026-03-04,XLayer,native-oft,53896164,48200037.424612,ok
1772838000,2026-03-06,Arbitrum,upgraded-in-place,439089338,890621945.638776,ok
1772838000,2026-03-06,Arbitrum_L1Gateway,legacy-escrow,24601561,138945.387741,ok
1772838000,2026-03-06,Berachain,native-oft,17911642,45917425.800016,ok
1772838000,2026-03-06,Flare,native-oft,56600472,42920590.960741,ok
1772838000,2026-03-06,HyperEVM,native-oft,29060018,139944530.631282,ok
1772838000,2026-03-06,Ink,native-oft,39339589,240667309.411621,ok
1772838000,2026-03-06,Mantle,native-oft,92353844,586369697.406161,ok
1772838000,2026-03-06,Optimism,native-oft,148619611,9437833.756320,ok
1772838000,2026-03-06,Optimism_L1Bridge,legacy-escrow,24601561,146300777.187616,ok
1772838000,2026-03-06,Plasma,native-oft,15906242,1072203795.659551,ok
1772838000,2026-03-06,Polygon,upgraded-in-place,83858984,899399783.298048,ok
1772838000,2026-03-06,Polygon_ERC20Pred,legacy-escrow,24601561,0.000000,ok
1772838000,2026-03-06,Rootstock,native-oft,8598063,1325182.094352,ok
1772838000,2026-03-06,USDT0_lockbox,collateral,24601561,4152455707.494516,ok
1772838000,2026-03-06,Unichain,native-oft,42089641,32481817.641423,ok
1772838000,2026-03-06,XLayer,native-oft,54068964,51027119.997963,ok
1773010800,2026-03-08,Arbitrum,upgraded-in-place,439780985,890897471.718906,ok
1773010800,2026-03-08,Arbitrum_L1Gateway,legacy-escrow,24615890,138945.387741,ok
1773010800,2026-03-08,Berachain,native-oft,17998042,45669945.269467,ok
1773010800,2026-03-08,Flare,native-oft,56701103,43804043.591403,ok
1773010800,2026-03-08,HyperEVM,native-oft,29235698,140314497.428906,ok
1773010800,2026-03-08,Ink,native-oft,39512389,242913455.216031,ok
1773010800,2026-03-08,Mantle,native-oft,92440244,701415616.520908,ok
1773010800,2026-03-08,Optimism,native-oft,148706011,9389082.249883,ok
1773010800,2026-03-08,Optimism_L1Bridge,legacy-escrow,24615890,146434465.069089,ok
1773010800,2026-03-08,Plasma,native-oft,16079042,1077636980.433311,ok
1773010800,2026-03-08,Polygon,upgraded-in-place,83945383,897491719.519492,ok
1773010800,2026-03-08,Polygon_ERC20Pred,legacy-escrow,24615890,0.000000,ok
1773010800,2026-03-08,Rootstock,native-oft,8604996,1325382.094352,ok
1773010800,2026-03-08,USDT0_lockbox,collateral,24615890,4272747061.090452,ok
1773010800,2026-03-08,Unichain,native-oft,42262441,28688747.469626,ok
1773010800,2026-03-08,XLayer,native-oft,54241764,46638423.026975,ok
1773183600,2026-03-10,Arbitrum,upgraded-in-place,440472470,886525624.937580,ok
1773183600,2026-03-10,Arbitrum_L1Gateway,legacy-escrow,24630207,138945.387741,ok
1773183600,2026-03-10,Berachain,native-oft,18084442,48452980.844669,ok
1773183600,2026-03-10,Flare,native-oft,56803570,43913302.200978,ok
1773183600,2026-03-10,HyperEVM,native-oft,29411378,142954213.910154,ok
1773183600,2026-03-10,Ink,native-oft,39685189,234436268.389846,ok
1773183600,2026-03-10,Mantle,native-oft,92526644,734023428.226193,ok
1773183600,2026-03-10,Optimism,native-oft,148792411,14379945.553343,ok
1773183600,2026-03-10,Optimism_L1Bridge,legacy-escrow,24630207,149282081.799089,ok
1773183600,2026-03-10,Plasma,native-oft,16251842,1190806540.787401,ok
1773183600,2026-03-10,Polygon,upgraded-in-place,84031783,897048602.500725,ok
1773183600,2026-03-10,Polygon_ERC20Pred,legacy-escrow,24630207,0.000000,ok
1773183600,2026-03-10,Rootstock,native-oft,8611937,1325290.810852,ok
1773183600,2026-03-10,USDT0_lockbox,collateral,24630207,4416254233.605764,ok
1773183600,2026-03-10,Unichain,native-oft,42435241,28984700.830024,ok
1773183600,2026-03-10,XLayer,native-oft,54414564,48873687.590097,ok
1773356400,2026-03-12,Arbitrum,upgraded-in-place,441162960,893562497.684831,ok
1773356400,2026-03-12,Arbitrum_L1Gateway,legacy-escrow,24644523,138945.387741,ok
1773356400,2026-03-12,Berachain,native-oft,18170842,47842792.984630,ok
1773356400,2026-03-12,Flare,native-oft,56903184,42508493.050887,ok
1773356400,2026-03-12,HyperEVM,native-oft,29587058,147647502.497326,ok
1773356400,2026-03-12,Ink,native-oft,39857989,249139298.783005,ok
1773356400,2026-03-12,Mantle,native-oft,92613044,542780754.344372,ok
1773356400,2026-03-12,Optimism,native-oft,148878811,14298267.972666,ok
1773356400,2026-03-12,Optimism_L1Bridge,legacy-escrow,24644523,149282081.799089,ok
1773356400,2026-03-12,Plasma,native-oft,16424642,1220471860.199714,ok
1773356400,2026-03-12,Polygon,upgraded-in-place,84118183,898424248.038683,ok
1773356400,2026-03-12,Polygon_ERC20Pred,legacy-escrow,24644523,0.000000,ok
1773356400,2026-03-12,Rootstock,native-oft,8618879,1436369.391232,ok
1773356400,2026-03-12,USDT0_lockbox,collateral,24644523,4288272260.963992,ok
1773356400,2026-03-12,Unichain,native-oft,42608041,35433497.115481,ok
1773356400,2026-03-12,XLayer,native-oft,54587364,48428472.018406,ok
1773529200,2026-03-14,Arbitrum,upgraded-in-place,441853490,889250091.102116,ok
1773529200,2026-03-14,Arbitrum_L1Gateway,legacy-escrow,24658865,138945.387741,ok
1773529200,2026-03-14,Berachain,native-oft,18257242,48033208.870860,ok
1773529200,2026-03-14,Flare,native-oft,57007419,38295289.015030,ok
1773529200,2026-03-14,HyperEVM,native-oft,29762649,156220975.400298,ok
1773529200,2026-03-14,Ink,native-oft,40030789,239318599.169218,ok
1773529200,2026-03-14,Mantle,native-oft,92699444,524921113.199454,ok
1773529200,2026-03-14,Optimism,native-oft,148965211,14297408.244302,ok
1773529200,2026-03-14,Optimism_L1Bridge,legacy-escrow,24658865,149282080.589089,ok
1773529200,2026-03-14,Plasma,native-oft,16597442,1242016045.792804,ok
1773529200,2026-03-14,Polygon,upgraded-in-place,84204583,893929695.031528,ok
1773529200,2026-03-14,Polygon_ERC20Pred,legacy-escrow,24658865,0.000000,ok
1773529200,2026-03-14,Rootstock,native-oft,8625786,1685632.266434,ok
1773529200,2026-03-14,USDT0_lockbox,collateral,24658865,4277660553.729627,ok
1773529200,2026-03-14,Unichain,native-oft,42780841,34780820.850564,ok
1773529200,2026-03-14,XLayer,native-oft,54760164,49177095.947331,ok
1773702000,2026-03-16,Arbitrum,upgraded-in-place,442541733,905506131.033948,ok
1773702000,2026-03-16,Arbitrum_L1Gateway,legacy-escrow,24673200,138945.387741,ok
1773702000,2026-03-16,Berachain,native-oft,18343642,48079764.061395,ok
1773702000,2026-03-16,Flare,native-oft,57111620,39044992.299196,ok
1773702000,2026-03-16,HyperEVM,native-oft,29938329,156752733.402968,ok
1773702000,2026-03-16,Ink,native-oft,40203589,239021958.450185,ok
1773702000,2026-03-16,Mantle,native-oft,92785844,517867073.552134,ok
1773702000,2026-03-16,Optimism,native-oft,149051611,14215396.743378,ok
1773702000,2026-03-16,Optimism_L1Bridge,legacy-escrow,24673200,150336580.451739,ok
1773702000,2026-03-16,Plasma,native-oft,16770242,1139771537.215797,ok
1773702000,2026-03-16,Polygon,upgraded-in-place,84290983,895788110.452014,ok
1773702000,2026-03-16,Polygon_ERC20Pred,legacy-escrow,24673200,0.000000,ok
1773702000,2026-03-16,Rootstock,native-oft,8632685,1613314.890548,ok
1773702000,2026-03-16,USDT0_lockbox,collateral,24673200,4184809053.925942,ok
1773702000,2026-03-16,Unichain,native-oft,42953641,33246675.094374,ok
1773702000,2026-03-16,XLayer,native-oft,54932964,47142863.142277,ok
1773874800,2026-03-18,Arbitrum,upgraded-in-place,443231750,915103595.912664,ok
1773874800,2026-03-18,Arbitrum_L1Gateway,legacy-escrow,24687508,138945.387741,ok
1773874800,2026-03-18,Berachain,native-oft,18430042,48956969.057008,ok
1773874800,2026-03-18,Flare,native-oft,57220551,35811373.216913,ok
1773874800,2026-03-18,HyperEVM,native-oft,30114009,158643194.520860,ok
1773874800,2026-03-18,Ink,native-oft,40376389,232091851.483563,ok
1773874800,2026-03-18,Mantle,native-oft,92872244,512590816.206946,ok
1773874800,2026-03-18,Optimism,native-oft,149138011,14223969.900522,ok
1773874800,2026-03-18,Optimism_L1Bridge,legacy-escrow,24687508,151538606.411739,ok
1773874800,2026-03-18,Plasma,native-oft,16943042,1138688975.180231,ok
1773874800,2026-03-18,Polygon,upgraded-in-place,84377383,892041250.361949,ok
1773874800,2026-03-18,Polygon_ERC20Pred,legacy-escrow,24687508,0.000000,ok
1773874800,2026-03-18,Rootstock,native-oft,8639666,1614497.505203,ok
1773874800,2026-03-18,USDT0_lockbox,collateral,24687508,4177722620.406368,ok
1773874800,2026-03-18,Unichain,native-oft,43126441,31956442.539971,ok
1773874800,2026-03-18,XLayer,native-oft,55105764,48808222.709769,ok
1774047600,2026-03-20,Arbitrum,upgraded-in-place,443923805,892821199.652611,ok
1774047600,2026-03-20,Arbitrum_L1Gateway,legacy-escrow,24701857,138945.387741,ok
1774047600,2026-03-20,Berachain,native-oft,18516442,47926603.828449,ok
1774047600,2026-03-20,Flare,native-oft,57327909,35758996.035941,ok
1774047600,2026-03-20,HyperEVM,native-oft,30289689,156745583.875893,ok
1774047600,2026-03-20,Ink,native-oft,40549189,233950385.757298,ok
1774047600,2026-03-20,Mantle,native-oft,92958644,502198211.146856,ok
1774047600,2026-03-20,Optimism,native-oft,149224411,14282879.573262,ok
1774047600,2026-03-20,Optimism_L1Bridge,legacy-escrow,24701857,149922841.411739,ok
1774047600,2026-03-20,Plasma,native-oft,17115842,1059601027.626445,ok
1774047600,2026-03-20,Polygon,upgraded-in-place,84463783,894092985.860515,ok
1774047600,2026-03-20,Polygon_ERC20Pred,legacy-escrow,24701857,0.000000,ok
1774047600,2026-03-20,Rootstock,native-oft,8646644,1607130.538276,ok
1774047600,2026-03-20,USDT0_lockbox,collateral,24701857,4073684956.117685,ok
1774047600,2026-03-20,Unichain,native-oft,43299241,35049505.374997,ok
1774047600,2026-03-20,XLayer,native-oft,55278564,49429093.464785,ok
1774220400,2026-03-22,Arbitrum,upgraded-in-place,444615234,898434340.272070,ok
1774220400,2026-03-22,Arbitrum_L1Gateway,legacy-escrow,24716195,138945.387741,ok
1774220400,2026-03-22,Berachain,native-oft,18602842,47902311.295073,ok
1774220400,2026-03-22,Flare,native-oft,57434803,34615734.727784,ok
1774220400,2026-03-22,HyperEVM,native-oft,30465277,157892346.432230,ok
1774220400,2026-03-22,Ink,native-oft,40721989,233801657.287475,ok
1774220400,2026-03-22,Mantle,native-oft,93045044,491849437.837909,ok
1774220400,2026-03-22,Optimism,native-oft,149310811,14282113.453567,ok
1774220400,2026-03-22,Optimism_L1Bridge,legacy-escrow,24716195,149923767.185214,ok
1774220400,2026-03-22,Plasma,native-oft,17288642,1154321359.599689,ok
1774220400,2026-03-22,Polygon,upgraded-in-place,84550182,886940843.667703,ok
1774220400,2026-03-22,Polygon_ERC20Pred,legacy-escrow,24716195,0.000000,ok
1774220400,2026-03-22,Rootstock,native-oft,8653545,1558209.033445,ok
1774220400,2026-03-22,USDT0_lockbox,collateral,24716195,4156220385.083787,ok
1774220400,2026-03-22,Unichain,native-oft,43472041,33784314.743601,ok
1774220400,2026-03-22,XLayer,native-oft,55451364,49170827.429508,ok
1774393200,2026-03-24,Arbitrum,upgraded-in-place,445306683,898012559.965033,ok
1774393200,2026-03-24,Arbitrum_L1Gateway,legacy-escrow,24730541,138945.387741,ok
1774393200,2026-03-24,Berachain,native-oft,18689242,47696258.412669,ok
1774393200,2026-03-24,Flare,native-oft,57542146,33632150.823269,ok
1774393200,2026-03-24,HyperEVM,native-oft,30640957,158796704.051362,ok
1774393200,2026-03-24,Ink,native-oft,40894789,227277814.809766,ok
1774393200,2026-03-24,Mantle,native-oft,93131444,493716252.716050,ok
1774393200,2026-03-24,Optimism,native-oft,149397211,14779941.520590,ok
1774393200,2026-03-24,Optimism_L1Bridge,legacy-escrow,24730541,149986697.154159,ok
1774393200,2026-03-24,Plasma,native-oft,17461337,1115713264.041245,ok
1774393200,2026-03-24,Polygon,upgraded-in-place,84636582,898993958.783739,ok
1774393200,2026-03-24,Polygon_ERC20Pred,legacy-escrow,24730541,0.000000,ok
1774393200,2026-03-24,Rootstock,native-oft,8660490,1570506.506564,ok
1774393200,2026-03-24,USDT0_lockbox,collateral,24730541,4130465417.197565,ok
1774393200,2026-03-24,Unichain,native-oft,43644841,36794070.862691,ok
1774393200,2026-03-24,XLayer,native-oft,55624164,49078270.374482,ok
1774566000,2026-03-26,Arbitrum,upgraded-in-place,445999110,905542567.601413,ok
1774566000,2026-03-26,Arbitrum_L1Gateway,legacy-escrow,24744875,138945.387741,ok
1774566000,2026-03-26,Berachain,native-oft,18775642,46377921.066581,ok
1774566000,2026-03-26,Flare,native-oft,57648599,33327385.343001,ok
1774566000,2026-03-26,HyperEVM,native-oft,30816637,160508817.276586,ok
1774566000,2026-03-26,Ink,native-oft,41067589,236828900.684635,ok
1774566000,2026-03-26,Mantle,native-oft,93217844,484882451.016508,ok
1774566000,2026-03-26,Optimism,native-oft,149483611,14826987.774489,ok
1774566000,2026-03-26,Optimism_L1Bridge,legacy-escrow,24744875,148739373.517557,ok
1774566000,2026-03-26,Plasma,native-oft,17634137,1108113330.542740,ok
1774566000,2026-03-26,Polygon,upgraded-in-place,84722982,911768567.008442,ok
1774566000,2026-03-26,Polygon_ERC20Pred,legacy-escrow,24744875,0.000000,ok
1774566000,2026-03-26,Rootstock,native-oft,8667461,1754442.928533,ok
1774566000,2026-03-26,USDT0_lockbox,collateral,24744875,4148179881.845594,ok
1774566000,2026-03-26,Unichain,native-oft,43817641,40348458.382174,ok
1774566000,2026-03-26,XLayer,native-oft,55796964,50825745.771878,ok
1774738800,2026-03-28,Arbitrum,upgraded-in-place,446689787,903412068.584797,ok
1774738800,2026-03-28,Arbitrum_L1Gateway,legacy-escrow,24759219,138945.387741,ok
1774738800,2026-03-28,Berachain,native-oft,18862042,45176916.779166,ok
1774738800,2026-03-28,Flare,native-oft,57754108,33050292.306926,ok
1774738800,2026-03-28,HyperEVM,native-oft,30992317,162984645.755395,ok
1774738800,2026-03-28,Ink,native-oft,41240389,233466761.212237,ok
1774738800,2026-03-28,Mantle,native-oft,93304244,493430932.360458,ok
1774738800,2026-03-28,Optimism,native-oft,149570011,14826000.320694,ok
1774738800,2026-03-28,Optimism_L1Bridge,legacy-escrow,24759219,148741638.395617,ok
1774738800,2026-03-28,Plasma,native-oft,17806937,1171292735.372429,ok
1774738800,2026-03-28,Polygon,upgraded-in-place,84809382,908777183.783691,ok
1774738800,2026-03-28,Polygon_ERC20Pred,legacy-escrow,24759219,0.000000,ok
1774738800,2026-03-28,Rootstock,native-oft,8674415,1773409.004661,ok
1774738800,2026-03-28,USDT0_lockbox,collateral,24759219,4217271977.725884,ok
1774738800,2026-03-28,Unichain,native-oft,43990441,39635847.003871,ok
1774738800,2026-03-28,XLayer,native-oft,55969764,55275146.058778,ok
1774911600,2026-03-30,Arbitrum,upgraded-in-place,447377558,902213232.986816,ok
1774911600,2026-03-30,Arbitrum_L1Gateway,legacy-escrow,24773560,138945.387741,ok
1774911600,2026-03-30,Berachain,native-oft,18948441,44619883.017265,ok
1774911600,2026-03-30,Flare,native-oft,57862362,32447358.124191,ok
1774911600,2026-03-30,HyperEVM,native-oft,31167997,163403072.275136,ok
1774911600,2026-03-30,Ink,native-oft,41413189,253737238.434327,ok
1774911600,2026-03-30,Mantle,native-oft,93390644,486378528.629449,ok
1774911600,2026-03-30,Optimism,native-oft,149656411,14813338.641553,ok
1774911600,2026-03-30,Optimism_L1Bridge,legacy-escrow,24773560,150412339.185617,ok
1774911600,2026-03-30,Plasma,native-oft,17979737,1130886218.028305,ok
1774911600,2026-03-30,Polygon,upgraded-in-place,84895781,907339073.477106,ok
1774911600,2026-03-30,Polygon_ERC20Pred,legacy-escrow,24773560,0.000000,ok
1774911600,2026-03-30,Rootstock,native-oft,8681360,1903481.410407,ok
1774911600,2026-03-30,USDT0_lockbox,collateral,24773560,4189252437.401231,ok
1774911600,2026-03-30,Unichain,native-oft,44163241,46849195.790319,ok
1774911600,2026-03-30,XLayer,native-oft,56142564,52709428.500859,ok
1775084400,2026-04-01,Arbitrum,upgraded-in-place,448067812,937683852.088426,ok
1775084400,2026-04-01,Arbitrum_L1Gateway,legacy-escrow,24787894,138945.387741,ok
1775084400,2026-04-01,Berachain,native-oft,19034842,45403225.260342,ok
1775084400,2026-04-01,Flare,native-oft,57975092,31734393.567109,ok
1775084400,2026-04-01,HyperEVM,native-oft,31343677,163625589.519010,ok
1775084400,2026-04-01,Ink,native-oft,41585989,226559808.985668,ok
1775084400,2026-04-01,Mantle,native-oft,93477044,475501133.587767,ok
1775084400,2026-04-01,Optimism,native-oft,149742811,14553481.798456,ok
1775084400,2026-04-01,Optimism_L1Bridge,legacy-escrow,24787894,150560752.839877,ok
1775084400,2026-04-01,Plasma,native-oft,18152537,1144018191.193716,ok
1775084400,2026-04-01,Polygon,upgraded-in-place,84982181,866990614.883188,ok
1775084400,2026-04-01,Polygon_ERC20Pred,legacy-escrow,24787894,0.000000,ok
1775084400,2026-04-01,Rootstock,native-oft,8688303,1685369.866585,ok
1775084400,2026-04-01,USDT0_lockbox,collateral,24787894,4155215220.567319,ok
1775084400,2026-04-01,Unichain,native-oft,44336041,34410020.167692,ok
1775084400,2026-04-01,XLayer,native-oft,56315364,51217400.328403,ok
1775257200,2026-04-03,Arbitrum,upgraded-in-place,448758029,942219670.969569,ok
1775257200,2026-04-03,Arbitrum_L1Gateway,legacy-escrow,24802252,138945.387741,ok
1775257200,2026-04-03,Berachain,native-oft,19121242,45061395.746156,ok
1775257200,2026-04-03,Flare,native-oft,58086861,31027453.207886,ok
1775257200,2026-04-03,HyperEVM,native-oft,31519356,163820156.576735,ok
1775257200,2026-04-03,Ink,native-oft,41758789,238969720.070991,ok
1775257200,2026-04-03,Mantle,native-oft,93563444,482422254.998948,ok
1775257200,2026-04-03,Optimism,native-oft,149829211,14641987.068916,ok
1775257200,2026-04-03,Optimism_L1Bridge,legacy-escrow,24802252,150562063.562285,ok
1775257200,2026-04-03,Plasma,native-oft,18325337,1126840978.230322,ok
1775257200,2026-04-03,Polygon,upgraded-in-place,85068581,863143284.059195,ok
1775257200,2026-04-03,Polygon_ERC20Pred,legacy-escrow,24802252,0.000000,ok
1775257200,2026-04-03,Rootstock,native-oft,8695309,1721428.664363,ok
1775257200,2026-04-03,USDT0_lockbox,collateral,24802252,4154745404.014265,ok
1775257200,2026-04-03,Unichain,native-oft,44508841,40150967.619860,ok
1775257200,2026-04-03,XLayer,native-oft,56488164,48916098.864695,ok
1775430000,2026-04-05,Arbitrum,upgraded-in-place,449447620,944904059.832498,ok
1775430000,2026-04-05,Arbitrum_L1Gateway,legacy-escrow,24816607,138945.387741,ok
1775430000,2026-04-05,Berachain,native-oft,19207642,40096910.035156,ok
1775430000,2026-04-05,Flare,native-oft,58191199,30730994.063445,ok
1775430000,2026-04-05,HyperEVM,native-oft,31694953,162860023.398459,ok
1775430000,2026-04-05,Ink,native-oft,41931589,239193302.547114,ok
1775430000,2026-04-05,Mantle,native-oft,93649844,482228440.964977,ok
1775430000,2026-04-05,Optimism,native-oft,149915611,9786825.933411,ok
1775430000,2026-04-05,Optimism_L1Bridge,legacy-escrow,24816607,150562063.562285,ok
1775430000,2026-04-05,Plasma,native-oft,18498137,1065459222.650926,ok
1775430000,2026-04-05,Polygon,upgraded-in-place,85154981,863234674.743253,ok
1775430000,2026-04-05,Polygon_ERC20Pred,legacy-escrow,24816607,0.000000,ok
1775430000,2026-04-05,Rootstock,native-oft,8702228,1721129.964195,ok
1775430000,2026-04-05,USDT0_lockbox,collateral,24816607,4073177341.002355,ok
1775430000,2026-04-05,Unichain,native-oft,44681641,34862274.839874,ok
1775430000,2026-04-05,XLayer,native-oft,56660964,39624447.989659,ok
1775602800,2026-04-07,Arbitrum,upgraded-in-place,450139873,957871928.810534,ok
1775602800,2026-04-07,Arbitrum_L1Gateway,legacy-escrow,24830957,138945.387741,ok
1775602800,2026-04-07,Berachain,native-oft,19294042,40163011.272435,ok
1775602800,2026-04-07,Flare,native-oft,58300336,32718874.540682,ok
1775602800,2026-04-07,HyperEVM,native-oft,31870633,163752190.735755,ok
1775602800,2026-04-07,Ink,native-oft,42104389,236474796.276168,ok
1775602800,2026-04-07,Mantle,native-oft,93736244,466949231.015491,ok
1775602800,2026-04-07,Optimism,native-oft,150002011,9554476.359214,ok
1775602800,2026-04-07,Optimism_L1Bridge,legacy-escrow,24830957,150737314.906659,ok
1775602800,2026-04-07,Plasma,native-oft,18670937,1139311825.335366,ok
1775602800,2026-04-07,Polygon,upgraded-in-place,85241381,866476087.995956,ok
1775602800,2026-04-07,Polygon_ERC20Pred,legacy-escrow,24830957,0.000000,ok
1775602800,2026-04-07,Rootstock,native-oft,8709227,1783273.008728,ok
1775602800,2026-04-07,USDT0_lockbox,collateral,24830957,4141094238.641975,ok
1775602800,2026-04-07,Unichain,native-oft,44854441,33757029.398668,ok
1775602800,2026-04-07,XLayer,native-oft,56833764,38146022.961127,ok
1775775600,2026-04-09,Arbitrum,upgraded-in-place,450831472,983205156.272330,ok
1775775600,2026-04-09,Arbitrum_L1Gateway,legacy-escrow,24845307,138945.387741,ok
1775775600,2026-04-09,Berachain,native-oft,19380442,40009511.447421,ok
1775775600,2026-04-09,Flare,native-oft,58411428,29899423.444036,ok
1775775600,2026-04-09,HyperEVM,native-oft,32046313,165037352.416518,ok
1775775600,2026-04-09,Ink,native-oft,42277189,225411531.560699,ok
1775775600,2026-04-09,Mantle,native-oft,93822644,467110697.483648,ok
1775775600,2026-04-09,Optimism,native-oft,150088411,9553717.188009,ok
1775775600,2026-04-09,Optimism_L1Bridge,legacy-escrow,24845307,160423889.911732,ok
1775775600,2026-04-09,Plasma,native-oft,18843737,1041036105.257763,ok
1775775600,2026-04-09,Polygon,upgraded-in-place,85327781,853924339.012826,ok
1775775600,2026-04-09,Polygon_ERC20Pred,legacy-escrow,24845307,0.020000,ok
1775775600,2026-04-09,Rootstock,native-oft,8716224,1798348.485300,ok
1775775600,2026-04-09,USDT0_lockbox,collateral,24845307,4041737147.378369,ok
1775775600,2026-04-09,Unichain,native-oft,45027241,31756500.626860,ok
1775775600,2026-04-09,XLayer,native-oft,57006564,38063852.981046,ok
1775948400,2026-04-11,Arbitrum,upgraded-in-place,451522307,997658955.380548,ok
1775948400,2026-04-11,Arbitrum_L1Gateway,legacy-escrow,24859642,138945.387741,ok
1775948400,2026-04-11,Berachain,native-oft,19466842,40655578.214193,ok
1775948400,2026-04-11,Flare,native-oft,58521865,30713415.024048,ok
1775948400,2026-04-11,HyperEVM,native-oft,32221993,169928012.475259,ok
1775948400,2026-04-11,Ink,native-oft,42449989,230680143.331833,ok
1775948400,2026-04-11,Mantle,native-oft,93909044,457892485.924266,ok
1775948400,2026-04-11,Optimism,native-oft,150174811,9552712.511749,ok
1775948400,2026-04-11,Optimism_L1Bridge,legacy-escrow,24859642,161995705.549704,ok
1775948400,2026-04-11,Plasma,native-oft,19016537,1094623416.005324,ok
1775948400,2026-04-11,Polygon,upgraded-in-place,85414181,851667882.130306,ok
1775948400,2026-04-11,Polygon_ERC20Pred,legacy-escrow,24859642,0.020000,ok
1775948400,2026-04-11,Rootstock,native-oft,8723155,1775460.678616,ok
1775948400,2026-04-11,USDT0_lockbox,collateral,24859642,4113305378.911356,ok
1775948400,2026-04-11,Unichain,native-oft,45200041,36440282.523575,ok
1775948400,2026-04-11,XLayer,native-oft,57179364,39471821.611550,ok
1776121200,2026-04-13,Arbitrum,upgraded-in-place,452211966,1003517107.942045,ok
1776121200,2026-04-13,Arbitrum_L1Gateway,legacy-escrow,24874000,138945.387741,ok
1776121200,2026-04-13,Berachain,native-oft,19553242,40399000.666213,ok
1776121200,2026-04-13,Flare,native-oft,58631253,31170270.809073,ok
1776121200,2026-04-13,HyperEVM,native-oft,32397588,171337414.902828,ok
1776121200,2026-04-13,Ink,native-oft,42622789,221335840.706295,ok
1776121200,2026-04-13,Mantle,native-oft,93995444,442242082.623413,ok
1776121200,2026-04-13,Optimism,native-oft,150261211,9524592.439759,ok
1776121200,2026-04-13,Optimism_L1Bridge,legacy-escrow,24874000,171061601.902322,ok
1776121200,2026-04-13,Plasma,native-oft,19189337,1053830618.651001,ok
1776121200,2026-04-13,Polygon,upgraded-in-place,85500581,853126556.135162,ok
1776121200,2026-04-13,Polygon_ERC20Pred,legacy-escrow,24874000,0.020000,ok
1776121200,2026-04-13,Rootstock,native-oft,8730065,1817464.270467,ok
1776121200,2026-04-13,USDT0_lockbox,collateral,24874000,4050384091.331820,ok
1776121200,2026-04-13,Unichain,native-oft,45372841,32166076.103842,ok
1776121200,2026-04-13,XLayer,native-oft,57352164,39053628.536733,ok
1776294000,2026-04-15,Arbitrum,upgraded-in-place,452900959,1022634930.132590,ok
1776294000,2026-04-15,Arbitrum_L1Gateway,legacy-escrow,24888362,138945.387741,ok
1776294000,2026-04-15,Berachain,native-oft,19639642,39791816.169394,ok
1776294000,2026-04-15,Flare,native-oft,58769830,30825160.627026,ok
1776294000,2026-04-15,HyperEVM,native-oft,32573268,172268297.797378,ok
1776294000,2026-04-15,Ink,native-oft,42795589,225899575.629732,ok
1776294000,2026-04-15,Mantle,native-oft,94081844,423685872.064310,ok
1776294000,2026-04-15,Optimism,native-oft,150347611,9649512.142915,ok
1776294000,2026-04-15,Optimism_L1Bridge,legacy-escrow,24888362,172993743.789553,ok
1776294000,2026-04-15,Plasma,native-oft,19362137,1006667824.245585,ok
1776294000,2026-04-15,Polygon,upgraded-in-place,85586978,846310447.425844,ok
1776294000,2026-04-15,Polygon_ERC20Pred,legacy-escrow,24888362,0.020000,ok
1776294000,2026-04-15,Rootstock,native-oft,8736982,1899073.282733,ok
1776294000,2026-04-15,USDT0_lockbox,collateral,24888362,3996821564.881190,ok
1776294000,2026-04-15,Unichain,native-oft,45545641,31564469.926712,ok
1776294000,2026-04-15,XLayer,native-oft,57524964,36754948.993583,ok
1776466800,2026-04-17,Arbitrum,upgraded-in-place,453590025,1027216647.609152,ok
1776466800,2026-04-17,Arbitrum_L1Gateway,legacy-escrow,24902724,138945.387741,ok
1776466800,2026-04-17,Berachain,native-oft,19726042,40094594.956549,ok
1776466800,2026-04-17,Flare,native-oft,58923098,31641397.641541,ok
1776466800,2026-04-17,HyperEVM,native-oft,32748948,175958985.494882,ok
1776466800,2026-04-17,Ink,native-oft,42968389,229243517.550441,ok
1776466800,2026-04-17,Mantle,native-oft,94168244,440486760.307398,ok
1776466800,2026-04-17,Optimism,native-oft,150434011,9665783.259530,ok
1776466800,2026-04-17,Optimism_L1Bridge,legacy-escrow,24902724,177008726.110621,ok
1776466800,2026-04-17,Plasma,native-oft,19534937,959782280.757165,ok
1776466800,2026-04-17,Polygon,upgraded-in-place,85673378,839382832.902017,ok
1776466800,2026-04-17,Polygon_ERC20Pred,legacy-escrow,24902724,0.020000,ok
1776466800,2026-04-17,Rootstock,native-oft,8744033,1893280.336495,ok
1776466800,2026-04-17,USDT0_lockbox,collateral,24902724,3980498350.611942,ok
1776466800,2026-04-17,Unichain,native-oft,45718441,33753309.764469,ok
1776466800,2026-04-17,XLayer,native-oft,57697764,41435408.775484,ok
1776639600,2026-04-19,Arbitrum,upgraded-in-place,454279140,1033529308.310163,ok
1776639600,2026-04-19,Arbitrum_L1Gateway,legacy-escrow,24917077,138945.387741,ok
1776639600,2026-04-19,Berachain,native-oft,19812442,40024510.545533,ok
1776639600,2026-04-19,Flare,native-oft,59073352,28017792.177770,ok
1776639600,2026-04-19,HyperEVM,native-oft,32924545,175865966.624951,ok
1776639600,2026-04-19,Ink,native-oft,43141189,229337423.096740,ok
1776639600,2026-04-19,Mantle,native-oft,94254644,440171646.799912,ok
1776639600,2026-04-19,Optimism,native-oft,150520411,9640207.878784,ok
1776639600,2026-04-19,Optimism_L1Bridge,legacy-escrow,24917077,178335765.135658,ok
1776639600,2026-04-19,Plasma,native-oft,19707737,787404468.077616,ok
1776639600,2026-04-19,Polygon,upgraded-in-place,85759778,840122494.749176,ok
1776639600,2026-04-19,Polygon_ERC20Pred,legacy-escrow,24917077,0.020000,ok
1776639600,2026-04-19,Rootstock,native-oft,8750936,1893280.336495,ok
1776639600,2026-04-19,USDT0_lockbox,collateral,24917077,3900454137.980778,ok
1776639600,2026-04-19,Unichain,native-oft,45891241,33760715.702838,ok
1776639600,2026-04-19,XLayer,native-oft,57870564,41438441.594577,ok
1776812400,2026-04-21,Arbitrum,upgraded-in-place,454964950,1001384529.900341,ok
1776812400,2026-04-21,Arbitrum_L1Gateway,legacy-escrow,24931444,138945.387741,ok
1776812400,2026-04-21,Berachain,native-oft,19898842,39408301.959338,ok
1776812400,2026-04-21,Flare,native-oft,59224748,26018709.810467,ok
1776812400,2026-04-21,HyperEVM,native-oft,33100225,177424392.439104,ok
1776812400,2026-04-21,Ink,native-oft,43313989,161919910.486453,ok
1776812400,2026-04-21,Mantle,native-oft,94341044,360512636.081994,ok
1776812400,2026-04-21,Optimism,native-oft,150606811,9417668.096034,ok
1776812400,2026-04-21,Optimism_L1Bridge,legacy-escrow,24931444,180047493.633992,ok
1776812400,2026-04-21,Plasma,native-oft,19880537,911962521.117753,ok
1776812400,2026-04-21,Polygon,upgraded-in-place,85846178,814474353.646614,ok
1776812400,2026-04-21,Polygon_ERC20Pred,legacy-escrow,24931444,0.020000,ok
1776812400,2026-04-21,Rootstock,native-oft,8757965,1860105.078013,ok
1776812400,2026-04-21,USDT0_lockbox,collateral,24931444,3688970930.065194,ok
1776812400,2026-04-21,Unichain,native-oft,46064041,6451475.578145,ok
1776812400,2026-04-21,XLayer,native-oft,58043364,37777408.704697,ok
1776985200,2026-04-23,Arbitrum,upgraded-in-place,455656976,1027540340.644955,ok
1776985200,2026-04-23,Arbitrum_L1Gateway,legacy-escrow,24945795,138945.387741,ok
1776985200,2026-04-23,Berachain,native-oft,19985242,39039724.381920,ok
1776985200,2026-04-23,Flare,native-oft,59375639,27825103.480416,ok
1776985200,2026-04-23,HyperEVM,native-oft,33275905,177476081.713284,ok
1776985200,2026-04-23,Ink,native-oft,43486789,118505874.879284,ok
1776985200,2026-04-23,Mantle,native-oft,94427444,395485861.344987,ok
1776985200,2026-04-23,Optimism,native-oft,150693211,9542037.661031,ok
1776985200,2026-04-23,Optimism_L1Bridge,legacy-escrow,24945795,182661040.701908,ok
1776985200,2026-04-23,Plasma,native-oft,20053337,925896113.617540,ok
1776985200,2026-04-23,Polygon,upgraded-in-place,85932578,815010494.797502,ok
1776985200,2026-04-23,Polygon_ERC20Pred,legacy-escrow,24945795,0.020000,ok
1776985200,2026-04-23,Rootstock,native-oft,8764989,1836751.354698,ok
1776985200,2026-04-23,USDT0_lockbox,collateral,24945795,3732222869.731106,ok
1776985200,2026-04-23,Unichain,native-oft,46236841,6461784.544193,ok
1776985200,2026-04-23,XLayer,native-oft,58216164,37957739.771056,ok
1777158000,2026-04-25,Arbitrum,upgraded-in-place,456344843,1037225755.996182,ok
1777158000,2026-04-25,Arbitrum_L1Gateway,legacy-escrow,24960163,138945.387741,ok
1777158000,2026-04-25,Berachain,native-oft,20071642,38988219.657065,ok
1777158000,2026-04-25,Flare,native-oft,59522861,30133749.905766,ok
1777158000,2026-04-25,HyperEVM,native-oft,33451501,176613557.720442,ok
1777158000,2026-04-25,Ink,native-oft,43659589,121377567.491403,ok
1777158000,2026-04-25,Mantle,native-oft,94513844,430742415.591569,ok
1777158000,2026-04-25,Optimism,native-oft,150779611,9518412.565580,ok
1777158000,2026-04-25,Optimism_L1Bridge,legacy-escrow,24960163,183432015.797529,ok
1777158000,2026-04-25,Plasma,native-oft,20226137,922258763.196377,ok
1777158000,2026-04-25,Polygon,upgraded-in-place,86018978,810854995.557017,ok
1777158000,2026-04-25,Polygon_ERC20Pred,legacy-escrow,24960163,0.020000,ok
1777158000,2026-04-25,Rootstock,native-oft,8771959,1702972.744176,ok
1777158000,2026-04-25,USDT0_lockbox,collateral,24960163,3767913748.768159,ok
1777158000,2026-04-25,Unichain,native-oft,46409641,6447053.404309,ok
1777158000,2026-04-25,XLayer,native-oft,58388964,37873945.645366,ok
1777330800,2026-04-27,Arbitrum,upgraded-in-place,457036071,1048098914.609172,ok
1777330800,2026-04-27,Arbitrum_L1Gateway,legacy-escrow,24974529,138945.387741,ok
1777330800,2026-04-27,Berachain,native-oft,20158042,38764074.077196,ok
1777330800,2026-04-27,Flare,native-oft,59666335,31348353.958180,ok
1777330800,2026-04-27,HyperEVM,native-oft,33627181,177139755.135517,ok
1777330800,2026-04-27,Ink,native-oft,43832389,117911490.573309,ok
1777330800,2026-04-27,Mantle,native-oft,94600244,418296192.947299,ok
1777330800,2026-04-27,Optimism,native-oft,150866011,9642025.294121,ok
1777330800,2026-04-27,Optimism_L1Bridge,legacy-escrow,24974529,184804463.160619,ok
1777330800,2026-04-27,Plasma,native-oft,20398937,911978736.319682,ok
1777330800,2026-04-27,Polygon,upgraded-in-place,86105378,812549574.709639,ok
1777330800,2026-04-27,Polygon_ERC20Pred,legacy-escrow,24974529,0.020000,ok
1777330800,2026-04-27,Rootstock,native-oft,8778974,1830042.013837,ok
1777330800,2026-04-27,USDT0_lockbox,collateral,24974529,3800352502.094432,ok
1777330800,2026-04-27,Unichain,native-oft,46582441,7097079.714547,ok
1777330800,2026-04-27,XLayer,native-oft,58561764,83126709.834750,ok
1777503600,2026-04-29,Arbitrum,upgraded-in-place,457725876,1089295631.610417,ok
1777503600,2026-04-29,Arbitrum_L1Gateway,legacy-escrow,24988892,138945.387741,ok
1777503600,2026-04-29,Berachain,native-oft,20244442,38891836.489193,ok
1777503600,2026-04-29,Flare,native-oft,59810593,28846987.953852,ok
1777503600,2026-04-29,HyperEVM,native-oft,33802861,178175619.658000,ok
1777503600,2026-04-29,Ink,native-oft,44005189,124175637.370788,ok
1777503600,2026-04-29,Mantle,native-oft,94686644,358607912.959990,ok
1777503600,2026-04-29,Optimism,native-oft,150952411,9005743.098322,ok
1777503600,2026-04-29,Optimism_L1Bridge,legacy-escrow,24988892,180554247.789953,ok
1777503600,2026-04-29,Plasma,native-oft,20571737,890759631.069327,ok
1777503600,2026-04-29,Polygon,upgraded-in-place,86191778,810780293.355392,ok
1777503600,2026-04-29,Polygon_ERC20Pred,legacy-escrow,24988892,0.020000,ok
1777503600,2026-04-29,Rootstock,native-oft,8786007,1821257.604703,ok
1777503600,2026-04-29,USDT0_lockbox,collateral,24988892,3768883932.456777,ok
1777503600,2026-04-29,Unichain,native-oft,46755241,7061497.711304,ok
1777503600,2026-04-29,XLayer,native-oft,58734564,83712880.199306,ok
1777676400,2026-05-01,Arbitrum,upgraded-in-place,458415395,1044748068.019543,ok
1777676400,2026-05-01,Arbitrum_L1Gateway,legacy-escrow,25003246,138945.387741,ok
1777676400,2026-05-01,Berachain,native-oft,20330842,38426293.057860,ok
1777676400,2026-05-01,Flare,native-oft,59952986,21497683.655142,ok
1777676400,2026-05-01,HyperEVM,native-oft,33978541,177653039.978733,ok
1777676400,2026-05-01,Ink,native-oft,44177989,133078918.007060,ok
1777676400,2026-05-01,Mantle,native-oft,94773044,349629805.201330,ok
1777676400,2026-05-01,Optimism,native-oft,151038811,9370283.460878,ok
1777676400,2026-05-01,Optimism_L1Bridge,legacy-escrow,25003246,182755739.944227,ok
1777676400,2026-05-01,Plasma,native-oft,20744537,845889652.717552,ok
1777676400,2026-05-01,Polygon,upgraded-in-place,86278178,809944171.672338,ok
1777676400,2026-05-01,Polygon_ERC20Pred,legacy-escrow,25003246,0.020000,ok
1777676400,2026-05-01,Rootstock,native-oft,8792963,1881188.710444,ok
1777676400,2026-05-01,USDT0_lockbox,collateral,25003246,3673758750.135240,ok
1777676400,2026-05-01,Unichain,native-oft,46928041,7400649.704546,ok
1777676400,2026-05-01,XLayer,native-oft,58907364,83560780.330840,ok
1777849200,2026-05-03,Arbitrum,upgraded-in-place,459098508,1050653109.371284,ok
1777849200,2026-05-03,Arbitrum_L1Gateway,legacy-escrow,25017615,138895.282741,ok
1777849200,2026-05-03,Berachain,native-oft,20417242,38359812.682976,ok
1777849200,2026-05-03,Flare,native-oft,60096215,22131232.054669,ok
1777849200,2026-05-03,HyperEVM,native-oft,34154140,178608299.634901,ok
1777849200,2026-05-03,Ink,native-oft,44350789,133365601.346448,ok
1777849200,2026-05-03,Mantle,native-oft,94859444,364402494.960426,ok
1777849200,2026-05-03,Optimism,native-oft,151125211,9349333.655942,ok
1777849200,2026-05-03,Optimism_L1Bridge,legacy-escrow,25017615,186237118.494434,ok
1777849200,2026-05-03,Plasma,native-oft,20917337,858568090.388228,ok
1777849200,2026-05-03,Polygon,upgraded-in-place,86364578,816170464.473234,ok
1777849200,2026-05-03,Polygon_ERC20Pred,legacy-escrow,25017615,0.020000,ok
1777849200,2026-05-03,Rootstock,native-oft,8799895,1907321.704498,ok
1777849200,2026-05-03,USDT0_lockbox,collateral,25017615,3713918787.399128,ok
1777849200,2026-05-03,Unichain,native-oft,47100841,7483364.873509,ok
1777849200,2026-05-03,XLayer,native-oft,59080164,83538478.723760,ok
1778022000,2026-05-05,Arbitrum,upgraded-in-place,459787989,1062692992.388167,ok
1778022000,2026-05-05,Arbitrum_L1Gateway,legacy-escrow,25031955,138856.807741,ok
1778022000,2026-05-05,Berachain,native-oft,20503642,38296245.439287,ok
1778022000,2026-05-05,Flare,native-oft,60236793,21678930.810023,ok
1778022000,2026-05-05,HyperEVM,native-oft,34329820,181590825.401817,ok
1778022000,2026-05-05,Ink,native-oft,44523589,134658006.038223,ok
1778022000,2026-05-05,Mantle,native-oft,94945844,363362592.197424,ok
1778022000,2026-05-05,Optimism,native-oft,151211611,9368723.321252,ok
1778022000,2026-05-05,Optimism_L1Bridge,legacy-escrow,25031955,188080883.735768,ok
1778022000,2026-05-05,Plasma,native-oft,21090137,842569815.727649,ok
1778022000,2026-05-05,Polygon,upgraded-in-place,86450978,845078579.209651,ok
1778022000,2026-05-05,Polygon_ERC20Pred,legacy-escrow,25031955,0.020000,ok
1778022000,2026-05-05,Rootstock,native-oft,8806828,2010365.250023,ok
1778022000,2026-05-05,USDT0_lockbox,collateral,25031955,3743535325.456252,ok
1778022000,2026-05-05,Unichain,native-oft,47273641,7561589.092349,ok
1778022000,2026-05-05,XLayer,native-oft,59252964,83534651.659059,ok
1778194800,2026-05-07,Arbitrum,upgraded-in-place,460477066,1001667869.227517,ok
1778194800,2026-05-07,Arbitrum_L1Gateway,legacy-escrow,25046305,138856.246154,ok
1778194800,2026-05-07,Berachain,native-oft,20590042,38139649.179768,ok
1778194800,2026-05-07,Flare,native-oft,60371632,21905767.373917,ok
1778194800,2026-05-07,HyperEVM,native-oft,34505417,181386784.155592,ok
1778194800,2026-05-07,Ink,native-oft,44696389,134015795.564446,ok
1778194800,2026-05-07,Mantle,native-oft,95032244,368404958.459828,ok
1778194800,2026-05-07,Optimism,native-oft,151298011,9357492.611119,ok
1778194800,2026-05-07,Optimism_L1Bridge,legacy-escrow,25046305,197367755.947079,ok
1778194800,2026-05-07,Plasma,native-oft,21262937,828738446.261128,ok
1778194800,2026-05-07,Polygon,upgraded-in-place,86545767,833871716.627436,ok
1778194800,2026-05-07,Polygon_ERC20Pred,legacy-escrow,25046305,0.020000,ok
1778194800,2026-05-07,Rootstock,native-oft,8813760,2032917.652894,ok
1778194800,2026-05-07,USDT0_lockbox,collateral,25046305,3651561513.213239,ok
1778194800,2026-05-07,Unichain,native-oft,47446441,7529752.466444,ok
1778194800,2026-05-07,XLayer,native-oft,59425764,83108835.791812,ok
1778367600,2026-05-09,Arbitrum,upgraded-in-place,461166106,1001001523.293199,ok
1778367600,2026-05-09,Arbitrum_L1Gateway,legacy-escrow,25060664,138852.213145,ok
1778367600,2026-05-09,Berachain,native-oft,20676442,38038396.573197,ok
1778367600,2026-05-09,Flare,native-oft,60508571,22325356.816469,ok
1778367600,2026-05-09,HyperEVM,native-oft,34681097,183821215.607695,ok
1778367600,2026-05-09,Ink,native-oft,44869189,133054945.061357,ok
1778367600,2026-05-09,Mantle,native-oft,95118644,347569773.297305,ok
1778367600,2026-05-09,Optimism,native-oft,151384411,9387146.232518,ok
1778367600,2026-05-09,Optimism_L1Bridge,legacy-escrow,25060664,204871365.931471,ok
1778367600,2026-05-09,Plasma,native-oft,21435737,843457241.085055,ok
1778367600,2026-05-09,Polygon,upgraded-in-place,86644509,831196551.521085,ok
1778367600,2026-05-09,Polygon_ERC20Pred,legacy-escrow,25060664,0.020000,ok
1778367600,2026-05-09,Rootstock,native-oft,8820662,2019382.697613,ok
1778367600,2026-05-09,USDT0_lockbox,collateral,25060664,3633418352.133703,ok
1778367600,2026-05-09,Unichain,native-oft,47619241,6754634.872096,ok
1778367600,2026-05-09,XLayer,native-oft,59598564,84271995.633336,ok
1778540400,2026-05-11,Arbitrum,upgraded-in-place,461855654,954337631.196029,ok
1778540400,2026-05-11,Arbitrum_L1Gateway,legacy-escrow,25075006,138852.213145,ok
1778540400,2026-05-11,Berachain,native-oft,20762842,37608524.878728,ok
1778540400,2026-05-11,Flare,native-oft,60641514,22569733.298867,ok
1778540400,2026-05-11,HyperEVM,native-oft,34856777,184119772.666567,ok
1778540400,2026-05-11,Ink,native-oft,45041989,120329287.022774,ok
1778540400,2026-05-11,Mantle,native-oft,95205044,350110704.564867,ok
1778540400,2026-05-11,Optimism,native-oft,151470811,9384698.622284,ok
1778540400,2026-05-11,Optimism_L1Bridge,legacy-escrow,25075006,204557062.088599,ok
1778540400,2026-05-11,Plasma,native-oft,21608537,826823166.314661,ok
1778540400,2026-05-11,Polygon,upgraded-in-place,86743252,836477257.594634,ok
1778540400,2026-05-11,Polygon_ERC20Pred,legacy-escrow,25075006,0.020000,ok
1778540400,2026-05-11,Rootstock,native-oft,8827615,1942750.649669,ok
1778540400,2026-05-11,USDT0_lockbox,collateral,25075006,3570468986.919054,ok
1778540400,2026-05-11,Unichain,native-oft,47792041,6749359.593841,ok
1778540400,2026-05-11,XLayer,native-oft,59771364,84480507.778758,ok
1778713200,2026-05-13,Arbitrum,upgraded-in-place,462545415,969830006.251103,ok
1778713200,2026-05-13,Arbitrum_L1Gateway,legacy-escrow,25089347,138852.213145,ok
1778713200,2026-05-13,Berachain,native-oft,20849242,37220129.466062,ok
1778713200,2026-05-13,Flare,native-oft,60773354,23258303.712260,ok
1778713200,2026-05-13,HyperEVM,native-oft,35032457,184302590.728878,ok
1778713200,2026-05-13,Ink,native-oft,45214789,125497381.346186,ok
1778713200,2026-05-13,Mantle,native-oft,95291444,352503141.510231,ok
1778713200,2026-05-13,Optimism,native-oft,151557211,9474227.902655,ok
1778713200,2026-05-13,Optimism_L1Bridge,legacy-escrow,25089347,210935636.128511,ok
1778713200,2026-05-13,Plasma,native-oft,21781337,837500009.692246,ok
1778713200,2026-05-13,Polygon,upgraded-in-place,86841995,834241372.473411,ok
1778713200,2026-05-13,Polygon_ERC20Pred,legacy-escrow,25089347,0.020000,ok
1778713200,2026-05-13,Rootstock,native-oft,8834701,1941244.462761,ok
1778713200,2026-05-13,USDT0_lockbox,collateral,25089347,3590435641.273189,ok
1778713200,2026-05-13,Unichain,native-oft,47964841,6738941.147593,ok
1778713200,2026-05-13,XLayer,native-oft,59944164,86728395.329744,ok
1778886000,2026-05-15,Arbitrum,upgraded-in-place,463236200,972465234.620443,ok
1778886000,2026-05-15,Arbitrum_L1Gateway,legacy-escrow,25103700,138852.213145,ok
1778886000,2026-05-15,Berachain,native-oft,20935642,37690241.730515,ok
1778886000,2026-05-15,Flare,native-oft,60906119,23719410.043042,ok
1778886000,2026-05-15,HyperEVM,native-oft,35208137,188040586.605378,ok
1778886000,2026-05-15,Ink,native-oft,45387589,121967797.474605,ok
1778886000,2026-05-15,Mantle,native-oft,95377844,354897967.655575,ok
1778886000,2026-05-15,Optimism,native-oft,151643611,9504723.958924,ok
1778886000,2026-05-15,Optimism_L1Bridge,legacy-escrow,25103700,214638666.001372,ok
1778886000,2026-05-15,Plasma,native-oft,21954137,874491415.383072,ok
1778886000,2026-05-15,Polygon,upgraded-in-place,86940738,834664725.907895,ok
1778886000,2026-05-15,Polygon_ERC20Pred,legacy-escrow,25103700,0.020000,ok
1778886000,2026-05-15,Rootstock,native-oft,8841692,1833137.066035,ok
1778886000,2026-05-15,USDT0_lockbox,collateral,25103700,3632195913.654458,ok
1778886000,2026-05-15,Unichain,native-oft,48137641,6684630.837309,ok
1778886000,2026-05-15,XLayer,native-oft,60116964,88163421.006750,ok
1779058800,2026-05-17,Arbitrum,upgraded-in-place,463921875,979452093.334767,ok
1779058800,2026-05-17,Arbitrum_L1Gateway,legacy-escrow,25118058,138852.213145,ok
1779058800,2026-05-17,Berachain,native-oft,21022042,37615764.732254,ok
1779058800,2026-05-17,Flare,native-oft,61043167,23398845.167768,ok
1779058800,2026-05-17,HyperEVM,native-oft,35383817,188907099.720907,ok
1779058800,2026-05-17,Ink,native-oft,45560389,122672357.606594,ok
1779058800,2026-05-17,Mantle,native-oft,95464244,355383588.464370,ok
1779058800,2026-05-17,Optimism,native-oft,151730011,9553552.765138,ok
1779058800,2026-05-17,Optimism_L1Bridge,legacy-escrow,25118058,215900847.884041,ok
1779058800,2026-05-17,Plasma,native-oft,22126937,826575583.996927,ok
1779058800,2026-05-17,Polygon,upgraded-in-place,87039481,843126435.773932,ok
1779058800,2026-05-17,Polygon_ERC20Pred,legacy-escrow,25118058,0.020000,ok
1779058800,2026-05-17,Rootstock,native-oft,8848615,1843973.552361,ok
1779058800,2026-05-17,USDT0_lockbox,collateral,25118058,3601515266.298606,ok
1779058800,2026-05-17,Unichain,native-oft,48310441,6671002.903912,ok
1779058800,2026-05-17,XLayer,native-oft,60289764,89381665.745947,ok
1779231600,2026-05-19,Arbitrum,upgraded-in-place,464610577,978382184.575092,ok
1779231600,2026-05-19,Arbitrum_L1Gateway,legacy-escrow,25132418,138852.213145,ok
1779231600,2026-05-19,Berachain,native-oft,21108442,37512633.084876,ok
1779231600,2026-05-19,Flare,native-oft,61181427,23761732.729968,ok
1779231600,2026-05-19,HyperEVM,native-oft,35559497,189487686.411981,ok
1779231600,2026-05-19,Ink,native-oft,45733189,120681572.135479,ok
1779231600,2026-05-19,Mantle,native-oft,95550644,348527018.455196,ok
1779231600,2026-05-19,Optimism,native-oft,151816411,9514247.665295,ok
1779231600,2026-05-19,Optimism_L1Bridge,legacy-escrow,25132418,208561969.221730,ok
1779231600,2026-05-19,Plasma,native-oft,22299632,803773502.616289,ok
1779231600,2026-05-19,Polygon,upgraded-in-place,87138224,851855977.162531,ok
1779231600,2026-05-19,Polygon_ERC20Pred,legacy-escrow,25132418,0.020000,ok
1779231600,2026-05-19,Rootstock,native-oft,8855623,1837104.990287,ok
1779231600,2026-05-19,USDT0_lockbox,collateral,25132418,3586267428.906227,ok
1779231600,2026-05-19,Unichain,native-oft,48483241,6691606.431636,ok
1779231600,2026-05-19,XLayer,native-oft,60462564,89855586.967040,ok
1779404400,2026-05-21,Arbitrum,upgraded-in-place,465300076,979223244.147020,ok
1779404400,2026-05-21,Arbitrum_L1Gateway,legacy-escrow,25146771,138852.213145,ok
1779404400,2026-05-21,Berachain,native-oft,21194842,38481740.732211,ok
1779404400,2026-05-21,Flare,native-oft,61316585,25382283.185746,ok
1779404400,2026-05-21,HyperEVM,native-oft,35735177,188073915.942824,ok
1779404400,2026-05-21,Ink,native-oft,45905989,115562669.170556,ok
1779404400,2026-05-21,Mantle,native-oft,95637044,348060517.470324,ok
1779404400,2026-05-21,Optimism,native-oft,151902811,9494505.022750,ok
1779404400,2026-05-21,Optimism_L1Bridge,legacy-escrow,25146771,180306498.412497,ok
1779404400,2026-05-21,Plasma,native-oft,22472432,873534552.376254,ok
1779404400,2026-05-21,Polygon,upgraded-in-place,87236966,860078368.081504,ok
1779404400,2026-05-21,Polygon_ERC20Pred,legacy-escrow,25146771,0.020000,ok
1779404400,2026-05-21,Rootstock,native-oft,8862585,1822724.445204,ok
1779404400,2026-05-21,USDT0_lockbox,collateral,25146771,3661533303.740462,ok
1779404400,2026-05-21,Unichain,native-oft,48656041,6849889.721088,ok
1779404400,2026-05-21,XLayer,native-oft,60635364,90160319.681600,ok
1779577200,2026-05-23,Arbitrum,upgraded-in-place,465987084,980679796.781868,ok
1779577200,2026-05-23,Arbitrum_L1Gateway,legacy-escrow,25161119,138852.213145,ok
1779577200,2026-05-23,Berachain,native-oft,21281242,37674324.812590,ok
1779577200,2026-05-23,Flare,native-oft,61452082,25699001.883583,ok
1779577200,2026-05-23,HyperEVM,native-oft,35910770,193169094.164757,ok
1779577200,2026-05-23,Ink,native-oft,46078789,116365919.231539,ok
1779577200,2026-05-23,Mantle,native-oft,95723444,338972013.067856,ok
1779577200,2026-05-23,Optimism,native-oft,151989211,9466489.192387,ok
1779577200,2026-05-23,Optimism_L1Bridge,legacy-escrow,25161119,182207134.622002,ok
1779577200,2026-05-23,Plasma,native-oft,22640773,806674831.233343,ok
1779577200,2026-05-23,Polygon,upgraded-in-place,87335709,858229885.185222,ok
1779577200,2026-05-23,Polygon_ERC20Pred,legacy-escrow,25161119,0.020000,ok
1779577200,2026-05-23,Rootstock,native-oft,8869491,1755471.841439,ok
1779577200,2026-05-23,USDT0_lockbox,collateral,25161119,3593094926.614532,ok
1779577200,2026-05-23,Unichain,native-oft,48828841,6786753.180213,ok
1779577200,2026-05-23,XLayer,native-oft,60808164,94248852.349439,ok
1779750000,2026-05-25,Arbitrum,upgraded-in-place,466669893,984964467.757889,ok
1779750000,2026-05-25,Arbitrum_L1Gateway,legacy-escrow,25175464,138852.213145,ok
1779750000,2026-05-25,Berachain,native-oft,21367642,36998926.890631,ok
1779750000,2026-05-25,Flare,native-oft,61587213,25834075.557830,ok
1779750000,2026-05-25,HyperEVM,native-oft,36086445,192397049.374392,ok
1779750000,2026-05-25,Ink,native-oft,46251589,114290205.426871,ok
1779750000,2026-05-25,Mantle,native-oft,95809844,337881973.129587,ok
1779750000,2026-05-25,Optimism,native-oft,152075611,9503134.615314,ok
1779750000,2026-05-25,Optimism_L1Bridge,legacy-escrow,25175464,183612072.333756,ok
1779750000,2026-05-25,Plasma,native-oft,22813573,769543556.164769,ok
1779750000,2026-05-25,Polygon,upgraded-in-place,87434452,861884776.511190,ok
1779750000,2026-05-25,Polygon_ERC20Pred,legacy-escrow,25175464,0.020000,ok
1779750000,2026-05-25,Rootstock,native-oft,8876533,1757321.040405,ok
1779750000,2026-05-25,USDT0_lockbox,collateral,25175464,3561400712.622754,ok
1779750000,2026-05-25,Unichain,native-oft,49001641,6788015.319551,ok
1779750000,2026-05-25,XLayer,native-oft,60980964,94526341.855016,ok
1779922800,2026-05-27,Arbitrum,upgraded-in-place,467358232,984327420.781023,ok
1779922800,2026-05-27,Arbitrum_L1Gateway,legacy-escrow,25189816,138852.213145,ok
1779922800,2026-05-27,Berachain,native-oft,21454042,36233079.312336,ok
1779922800,2026-05-27,Flare,native-oft,61724793,25077109.839945,ok
1779922800,2026-05-27,HyperEVM,native-oft,36262125,194398334.424530,ok
1779922800,2026-05-27,Ink,native-oft,46424389,115208930.582629,ok
1779922800,2026-05-27,Mantle,native-oft,95896244,341343554.417339,ok
1779922800,2026-05-27,Optimism,native-oft,152162011,9667946.911123,ok
1779922800,2026-05-27,Optimism_L1Bridge,legacy-escrow,25189816,185585427.528004,ok
1779922800,2026-05-27,Plasma,native-oft,22983703,764952284.805169,ok
1779922800,2026-05-27,Polygon,upgraded-in-place,87533188,867069665.131714,ok
1779922800,2026-05-27,Polygon_ERC20Pred,legacy-escrow,25189816,0.020000,ok
1779922800,2026-05-27,Rootstock,native-oft,8883628,1753834.429234,ok
1779922800,2026-05-27,USDT0_lockbox,collateral,25189816,3575186980.449432,ok
1779922800,2026-05-27,Unichain,native-oft,49174441,6625489.204089,ok
1779922800,2026-05-27,XLayer,native-oft,61153764,95233234.535603,ok
1780095600,2026-05-29,Arbitrum,upgraded-in-place,468048065,992154037.960017,ok
1780095600,2026-05-29,Arbitrum_L1Gateway,legacy-escrow,25204166,138852.213145,ok
1780095600,2026-05-29,Berachain,native-oft,21540442,36232673.409304,ok
1780095600,2026-05-29,Flare,native-oft,61858913,26006447.376111,ok
1780095600,2026-05-29,HyperEVM,native-oft,36437805,199360967.385330,ok
1780095600,2026-05-29,Ink,native-oft,46597189,112358074.045539,ok
1780095600,2026-05-29,Mantle,native-oft,95982644,339180331.013181,ok
1780095600,2026-05-29,Optimism,native-oft,152248411,9712811.486576,ok
1780095600,2026-05-29,Optimism_L1Bridge,legacy-escrow,25204166,185380292.335536,ok
1780095600,2026-05-29,Plasma,native-oft,23155707,761333445.988568,ok
1780095600,2026-05-29,Polygon,upgraded-in-place,87631930,858681913.403032,ok
1780095600,2026-05-29,Polygon_ERC20Pred,legacy-escrow,25204166,0.020000,ok
1780095600,2026-05-29,Rootstock,native-oft,8890686,1636975.493724,ok
1780095600,2026-05-29,USDT0_lockbox,collateral,25204166,3585012259.392532,ok
1780095600,2026-05-29,Unichain,native-oft,49347241,6791780.375305,ok
1780095600,2026-05-29,XLayer,native-oft,61326564,104595911.192790,ok
1780268400,2026-05-31,Arbitrum,upgraded-in-place,468733907,1001587777.672603,ok
1780268400,2026-05-31,Arbitrum_L1Gateway,legacy-escrow,25218497,138852.213145,ok
1780268400,2026-05-31,Berachain,native-oft,21626842,36025871.857460,ok
1780268400,2026-05-31,Flare,native-oft,61994487,24250784.788984,ok
1780268400,2026-05-31,HyperEVM,native-oft,36613396,200267756.109828,ok
1780268400,2026-05-31,Ink,native-oft,46769989,114365192.638148,ok
1780268400,2026-05-31,Mantle,native-oft,96069044,335190032.807506,ok
1780268400,2026-05-31,Optimism,native-oft,152334811,9709441.885977,ok
1780268400,2026-05-31,Optimism_L1Bridge,legacy-escrow,25218497,185454457.571830,ok
1780268400,2026-05-31,Plasma,native-oft,23328507,773053932.351295,ok
1780268400,2026-05-31,Polygon,upgraded-in-place,87730673,868044535.197667,ok
1780268400,2026-05-31,Polygon_ERC20Pred,legacy-escrow,25218497,0.020000,ok
1780268400,2026-05-31,Rootstock,native-oft,8897658,1543691.214499,ok
1780268400,2026-05-31,USDT0_lockbox,collateral,25218497,3610801808.305799,ok
1780268400,2026-05-31,Unichain,native-oft,49520041,6805112.096802,ok
1780268400,2026-05-31,XLayer,native-oft,61499364,105053339.631910,ok
1780441200,2026-06-02,Arbitrum,upgraded-in-place,469424032,986121024.129603,ok
1780441200,2026-06-02,Arbitrum_L1Gateway,legacy-escrow,25232838,138852.213145,ok
1780441200,2026-06-02,Berachain,native-oft,21713242,35529222.028428,ok
1780441200,2026-06-02,Flare,native-oft,62128424,25866029.690132,ok
1780441200,2026-06-02,HyperEVM,native-oft,36789076,201549086.468985,ok
1780441200,2026-06-02,Ink,native-oft,46942789,83360631.102665,ok
1780441200,2026-06-02,Mantle,native-oft,96155444,345941250.691454,ok
1780441200,2026-06-02,Optimism,native-oft,152421211,9525028.704181,ok
1780441200,2026-06-02,Optimism_L1Bridge,legacy-escrow,25232838,188646103.946453,ok
1780441200,2026-06-02,Plasma,native-oft,23501307,781414164.645802,ok
1780441200,2026-06-02,Polygon,upgraded-in-place,87829416,871393953.299891,ok
1780441200,2026-06-02,Polygon_ERC20Pred,legacy-escrow,25232838,0.020000,ok
1780441200,2026-06-02,Rootstock,native-oft,8904702,1637305.771818,ok
1780441200,2026-06-02,USDT0_lockbox,collateral,25232838,3593013794.437516,ok
1780441200,2026-06-02,Unichain,native-oft,49692841,6601121.766579,ok
1780441200,2026-06-02,XLayer,native-oft,61672164,105646364.348735,ok
1780614000,2026-06-04,Arbitrum,upgraded-in-place,470115684,1003654489.560478,ok
1780614000,2026-06-04,Arbitrum_L1Gateway,legacy-escrow,25247162,138852.213145,ok
1780614000,2026-06-04,Berachain,native-oft,21799642,35330748.050551,ok
1780614000,2026-06-04,Flare,native-oft,62264935,25296381.674549,ok
1780614000,2026-06-04,HyperEVM,native-oft,36964756,209186670.800044,ok
1780614000,2026-06-04,Ink,native-oft,47115589,79477657.264691,ok
1780614000,2026-06-04,Mantle,native-oft,96241844,341355590.517384,ok
1780614000,2026-06-04,Optimism,native-oft,152507611,9479514.049446,ok
1780614000,2026-06-04,Optimism_L1Bridge,legacy-escrow,25247162,193410035.347209,ok
1780614000,2026-06-04,Plasma,native-oft,23674107,810039873.995888,ok
1780614000,2026-06-04,Polygon,upgraded-in-place,87939343,874236944.020952,ok
1780614000,2026-06-04,Polygon_ERC20Pred,legacy-escrow,25247162,0.020000,ok
1780614000,2026-06-04,Rootstock,native-oft,8911747,1480846.963733,ok
1780614000,2026-06-04,USDT0_lockbox,collateral,25247162,3629941997.507465,ok
1780614000,2026-06-04,Unichain,native-oft,49865641,6586186.158671,ok
1780614000,2026-06-04,XLayer,native-oft,61844964,105696567.550593,ok
1780786800,2026-06-06,Arbitrum,upgraded-in-place,470806471,1017990468.381044,ok
1780786800,2026-06-06,Arbitrum_L1Gateway,legacy-escrow,25261500,138801.494111,ok
1780786800,2026-06-06,Berachain,native-oft,21886042,36272288.602257,ok
1780786800,2026-06-06,Flare,native-oft,62399619,22833772.613568,ok
1780786800,2026-06-06,HyperEVM,native-oft,37140348,210114200.723772,ok
1780786800,2026-06-06,Ink,native-oft,47288389,105452060.505546,ok
1780786800,2026-06-06,Mantle,native-oft,96328244,335106372.186067,ok
1780786800,2026-06-06,Optimism,native-oft,152594011,9321984.302404,ok
1780786800,2026-06-06,Optimism_L1Bridge,legacy-escrow,25261500,195298788.717948,ok
1780786800,2026-06-06,Plasma,native-oft,23846907,835932547.516347,ok
1780786800,2026-06-06,Polygon,upgraded-in-place,88054543,884356330.478002,ok
1780786800,2026-06-06,Polygon_ERC20Pred,legacy-escrow,25261500,0.020000,ok
1780786800,2026-06-06,Rootstock,native-oft,8918729,1313828.234436,ok
1780786800,2026-06-06,USDT0_lockbox,collateral,25261500,3696139673.009368,ok
1780786800,2026-06-06,Unichain,native-oft,50038441,6518210.119608,ok
1780786800,2026-06-06,XLayer,native-oft,62017764,105910820.088126,ok
1780959600,2026-06-08,Arbitrum,upgraded-in-place,471493424,970678167.292560,ok
1780959600,2026-06-08,Arbitrum_L1Gateway,legacy-escrow,25275843,138801.494111,ok
1780959600,2026-06-08,Berachain,native-oft,21972442,36242956.605541,ok
1780959600,2026-06-08,Flare,native-oft,62533845,23040747.567629,ok
1780959600,2026-06-08,HyperEVM,native-oft,37316028,213287579.303925,ok
1780959600,2026-06-08,Ink,native-oft,47461189,103233555.247902,ok
1780959600,2026-06-08,Mantle,native-oft,96414644,331155747.876090,ok
1780959600,2026-06-08,Optimism,native-oft,152680411,9372787.613485,ok
1780959600,2026-06-08,Optimism_L1Bridge,legacy-escrow,25275843,197521538.995088,ok
1780959600,2026-06-08,Plasma,native-oft,24019707,804061122.332234,ok
1780959600,2026-06-08,Polygon,upgraded-in-place,88169743,884838098.890283,ok
1780959600,2026-06-08,Polygon_ERC20Pred,legacy-escrow,25275843,0.020000,ok
1780959600,2026-06-08,Rootstock,native-oft,8925763,1305030.212096,ok
1780959600,2026-06-08,USDT0_lockbox,collateral,25275843,3614895828.036208,ok
1780959600,2026-06-08,Unichain,native-oft,50211241,6510791.803637,ok
1780959600,2026-06-08,XLayer,native-oft,62190564,105847982.605218,ok
1781132400,2026-06-10,Arbitrum,upgraded-in-place,472181546,999541300.660405,ok
1781132400,2026-06-10,Arbitrum_L1Gateway,legacy-escrow,25290193,138801.494111,ok
1781132400,2026-06-10,Berachain,native-oft,22058842,36438454.894351,ok
1781132400,2026-06-10,Flare,native-oft,62665884,22769870.879875,ok
1781132400,2026-06-10,HyperEVM,native-oft,37491708,200221848.624599,ok
1781132400,2026-06-10,Ink,native-oft,47633989,93874223.749656,ok
1781132400,2026-06-10,Mantle,native-oft,96501044,330563948.560899,ok
1781132400,2026-06-10,Optimism,native-oft,152766811,9425892.614225,ok
1781132400,2026-06-10,Optimism_L1Bridge,legacy-escrow,25290193,201713840.120971,ok
1781132400,2026-06-10,Plasma,native-oft,24192507,830227838.735973,ok
1781132400,2026-06-10,Polygon,upgraded-in-place,88284943,888913726.773379,ok
1781132400,2026-06-10,Polygon_ERC20Pred,legacy-escrow,25290193,0.020000,ok
1781132400,2026-06-10,Rootstock,native-oft,8932738,1392741.428917,ok
1781132400,2026-06-10,USDT0_lockbox,collateral,25290193,3622736062.397174,ok
1781132400,2026-06-10,Unichain,native-oft,50384041,6459513.998371,ok
1781132400,2026-06-10,XLayer,native-oft,62363364,105821265.363668,ok
1781305200,2026-06-12,Arbitrum,upgraded-in-place,472870155,998522599.387006,ok
1781305200,2026-06-12,Arbitrum_L1Gateway,legacy-escrow,25304530,138801.494111,ok
1781305200,2026-06-12,Berachain,native-oft,22145242,37001353.068179,ok
1781305200,2026-06-12,Flare,native-oft,62802154,23007470.029781,ok
1781305200,2026-06-12,HyperEVM,native-oft,37667388,192332499.204642,ok
1781305200,2026-06-12,Ink,native-oft,47806789,68980501.888816,ok
1781305200,2026-06-12,Mantle,native-oft,96587444,360288198.566980,ok
1781305200,2026-06-12,Optimism,native-oft,152853211,9403752.316527,ok
1781305200,2026-06-12,Optimism_L1Bridge,legacy-escrow,25304530,203849367.677979,ok
1781305200,2026-06-12,Plasma,native-oft,24365307,882778605.226789,ok
1781305200,2026-06-12,Polygon,upgraded-in-place,88400143,881364633.299012,ok
1781305200,2026-06-12,Polygon_ERC20Pred,legacy-escrow,25304530,0.020000,ok
1781305200,2026-06-12,Rootstock,native-oft,8939673,1393930.551137,ok
1781305200,2026-06-12,USDT0_lockbox,collateral,25304530,3668288228.676370,ok
1781305200,2026-06-12,Unichain,native-oft,50556841,6472432.785310,ok
1781305200,2026-06-12,XLayer,native-oft,62536164,107094730.817663,ok
1781478000,2026-06-14,Arbitrum,upgraded-in-place,473554930,1008172267.212403,ok
1781478000,2026-06-14,Arbitrum_L1Gateway,legacy-escrow,25318872,138801.494111,ok
1781478000,2026-06-14,Berachain,native-oft,22231642,37681056.304998,ok
1781478000,2026-06-14,Flare,native-oft,62944774,23011942.697885,ok
1781478000,2026-06-14,HyperEVM,native-oft,37842982,181815229.301874,ok
1781478000,2026-06-14,Ink,native-oft,47979589,64568257.436895,ok
1781478000,2026-06-14,Mantle,native-oft,96673844,359473740.556917,ok
1781478000,2026-06-14,Optimism,native-oft,152939611,9326961.500424,ok
1781478000,2026-06-14,Optimism_L1Bridge,legacy-escrow,25318872,205271465.735596,ok
1781478000,2026-06-14,Plasma,native-oft,24538107,904027195.807753,ok
1781478000,2026-06-14,Polygon,upgraded-in-place,88515343,881842183.482356,ok
1781478000,2026-06-14,Polygon_ERC20Pred,legacy-escrow,25318872,0.020000,ok
1781478000,2026-06-14,Rootstock,native-oft,8946609,1435932.030479,ok
1781478000,2026-06-14,USDT0_lockbox,collateral,25318872,3697224320.007614,ok
1781478000,2026-06-14,Unichain,native-oft,50729641,6459206.271241,ok
1781478000,2026-06-14,XLayer,native-oft,62708964,107515462.167847,ok
1781650800,2026-06-16,Arbitrum,upgraded-in-place,474242091,971628176.657839,ok
1781650800,2026-06-16,Arbitrum_L1Gateway,legacy-escrow,25333237,138801.494111,ok
1781650800,2026-06-16,Berachain,native-oft,22318042,37644216.720626,ok
1781650800,2026-06-16,Flare,native-oft,63080727,25449208.289455,ok
1781650800,2026-06-16,HyperEVM,native-oft,38018662,167956044.112529,ok
1781650800,2026-06-16,Ink,native-oft,48152389,63893473.108836,ok
1781650800,2026-06-16,Mantle,native-oft,96760244,380936975.938699,ok
1781650800,2026-06-16,Optimism,native-oft,153026011,9597711.489116,ok
1781650800,2026-06-16,Optimism_L1Bridge,legacy-escrow,25333237,205231663.883372,ok
1781650800,2026-06-16,Plasma,native-oft,24710905,903379137.906801,ok
1781650800,2026-06-16,Polygon,upgraded-in-place,88630542,890992984.223517,ok
1781650800,2026-06-16,Polygon_ERC20Pred,legacy-escrow,25333237,0.020000,ok
1781650800,2026-06-16,Rootstock,native-oft,8953561,1487537.289992,ok
1781650800,2026-06-16,USDT0_lockbox,collateral,25333237,3669149147.822083,ok
1781650800,2026-06-16,Unichain,native-oft,50902441,6448901.879905,ok
1781650800,2026-06-16,XLayer,native-oft,62881764,107088294.457055,ok
1781823600,2026-06-18,Arbitrum,upgraded-in-place,474929406,981835683.647429,ok
1781823600,2026-06-18,Arbitrum_L1Gateway,legacy-escrow,25347593,138801.494111,ok
1781823600,2026-06-18,Berachain,native-oft,22404442,37636079.913744,ok
1781823600,2026-06-18,Flare,native-oft,63214029,25224857.809682,ok
1781823600,2026-06-18,HyperEVM,native-oft,38194342,167541851.274805,ok
1781823600,2026-06-18,Ink,native-oft,48325189,63547004.363433,ok
1781823600,2026-06-18,Mantle,native-oft,96846644,364785246.485343,ok
1781823600,2026-06-18,Optimism,native-oft,153112411,9529369.290138,ok
1781823600,2026-06-18,Optimism_L1Bridge,legacy-escrow,25347593,210650040.888891,ok
1781823600,2026-06-18,Plasma,native-oft,24883705,922118387.648082,ok
1781823600,2026-06-18,Polygon,upgraded-in-place,88745736,900527465.710901,ok
1781823600,2026-06-18,Polygon_ERC20Pred,legacy-escrow,25347593,0.020000,ok
1781823600,2026-06-18,Rootstock,native-oft,8960489,1473398.827726,ok
1781823600,2026-06-18,USDT0_lockbox,collateral,25347593,3694768122.315372,ok
1781823600,2026-06-18,Unichain,native-oft,51075241,6468497.725938,ok
1781823600,2026-06-18,XLayer,native-oft,63054564,107812757.709878,ok
1781996400,2026-06-20,Arbitrum,upgraded-in-place,475617469,978533902.764939,ok
1781996400,2026-06-20,Arbitrum_L1Gateway,legacy-escrow,25361943,138801.494111,ok
1781996400,2026-06-20,Berachain,native-oft,22490842,37441977.618337,ok
1781996400,2026-06-20,Flare,native-oft,63348249,24243105.565712,ok
1781996400,2026-06-20,HyperEVM,native-oft,38369929,163401879.087198,ok
1781996400,2026-06-20,Ink,native-oft,48497989,65464634.495318,ok
1781996400,2026-06-20,Mantle,native-oft,96933044,368325900.701553,ok
1781996400,2026-06-20,Optimism,native-oft,153198811,9596935.630086,ok
1781996400,2026-06-20,Optimism_L1Bridge,legacy-escrow,25361943,191686548.356342,ok
1781996400,2026-06-20,Plasma,native-oft,25056505,904231654.518942,ok
1781996400,2026-06-20,Polygon,upgraded-in-place,88860936,898751488.990660,ok
1781996400,2026-06-20,Polygon_ERC20Pred,legacy-escrow,25361943,0.020000,ok
1781996400,2026-06-20,Rootstock,native-oft,8967474,1451246.021750,ok
1781996400,2026-06-20,USDT0_lockbox,collateral,25361943,3662627296.834215,ok
1781996400,2026-06-20,Unichain,native-oft,51248041,6413717.725795,ok
1781996400,2026-06-20,XLayer,native-oft,63227364,107729158.931494,ok
1782169200,2026-06-22,Arbitrum,upgraded-in-place,476307431,961546537.629978,ok
1782169200,2026-06-22,Arbitrum_L1Gateway,legacy-escrow,25376288,138801.494111,ok
1782169200,2026-06-22,Berachain,native-oft,22577242,37389851.736821,ok
1782169200,2026-06-22,Flare,native-oft,63484164,24809399.382152,ok
1782169200,2026-06-22,HyperEVM,native-oft,38545609,161258384.994966,ok
1782169200,2026-06-22,Ink,native-oft,48670789,67832945.072617,ok
1782169200,2026-06-22,Mantle,native-oft,97019444,352536313.573574,ok
1782169200,2026-06-22,Optimism,native-oft,153285211,9517703.219447,ok
1782169200,2026-06-22,Optimism_L1Bridge,legacy-escrow,25376288,193484380.098869,ok
1782169200,2026-06-22,Plasma,native-oft,25229305,932267153.320516,ok
1782169200,2026-06-22,Polygon,upgraded-in-place,88976136,881823581.940997,ok
1782169200,2026-06-22,Polygon_ERC20Pred,legacy-escrow,25376288,0.020000,ok
1782169200,2026-06-22,Rootstock,native-oft,8974524,1360677.512931,ok
1782169200,2026-06-22,USDT0_lockbox,collateral,25376288,3642998206.561960,ok
1782169200,2026-06-22,Unichain,native-oft,51420841,6397695.630745,ok
1782169200,2026-06-22,XLayer,native-oft,63400164,108718137.101067,ok
1782342000,2026-06-24,Arbitrum,upgraded-in-place,476998966,960603324.458422,ok
1782342000,2026-06-24,Arbitrum_L1Gateway,legacy-escrow,25390611,138801.494111,ok
1782342000,2026-06-24,Berachain,native-oft,22663642,37353266.419623,ok
1782342000,2026-06-24,Flare,native-oft,63629255,24197800.649539,ok
1782342000,2026-06-24,HyperEVM,native-oft,38721289,162301100.459279,ok
1782342000,2026-06-24,Ink,native-oft,48843589,69533270.489225,ok
1782342000,2026-06-24,Mantle,native-oft,97105844,366995904.612969,ok
1782342000,2026-06-24,Optimism,native-oft,153371611,9657565.623942,ok
1782342000,2026-06-24,Optimism_L1Bridge,legacy-escrow,25390611,197524045.958319,ok
1782342000,2026-06-24,Plasma,native-oft,25401673,917446282.994514,ok
1782342000,2026-06-24,Polygon,upgraded-in-place,89091336,888564549.974411,ok
1782342000,2026-06-24,Polygon_ERC20Pred,legacy-escrow,25390611,0.020000,ok
1782342000,2026-06-24,Rootstock,native-oft,8981531,1459923.504610,ok
1782342000,2026-06-24,USDT0_lockbox,collateral,25390611,3650212874.317912,ok
1782342000,2026-06-24,Unichain,native-oft,51593641,6115420.591198,ok
1782342000,2026-06-24,XLayer,native-oft,63572964,108864554.294205,ok
1782514800,2026-06-26,Arbitrum,upgraded-in-place,477691386,950913257.127600,ok
1782514800,2026-06-26,Arbitrum_L1Gateway,legacy-escrow,25404951,138801.494111,ok
1782514800,2026-06-26,Berachain,native-oft,22750042,37300600.454635,ok
1782514800,2026-06-26,Flare,native-oft,63769662,24514344.920171,ok
1782514800,2026-06-26,HyperEVM,native-oft,38896969,154625179.525536,ok
1782514800,2026-06-26,Ink,native-oft,49016389,67566717.626300,ok
1782514800,2026-06-26,Mantle,native-oft,97192244,373500784.941485,ok
1782514800,2026-06-26,Optimism,native-oft,153458011,9765523.389452,ok
1782514800,2026-06-26,Optimism_L1Bridge,legacy-escrow,25404951,213554964.498422,ok
1782514800,2026-06-26,Plasma,native-oft,25574471,927421656.536645,ok
1782514800,2026-06-26,Polygon,upgraded-in-place,89206536,896536026.117512,ok
1782514800,2026-06-26,Polygon_ERC20Pred,legacy-escrow,25404951,0.020000,ok
1782514800,2026-06-26,Rootstock,native-oft,8988572,1489371.989283,ok
1782514800,2026-06-26,USDT0_lockbox,collateral,25404951,3654643525.914072,ok
1782514800,2026-06-26,Unichain,native-oft,51766441,6103583.394047,ok
1782514800,2026-06-26,XLayer,native-oft,63745764,109257103.948029,ok
1782687600,2026-06-28,Arbitrum,upgraded-in-place,478383080,956596823.700002,ok
1782687600,2026-06-28,Arbitrum_L1Gateway,legacy-escrow,25419298,138801.494111,ok
1782687600,2026-06-28,Berachain,native-oft,22836442,38277759.113646,ok
1782687600,2026-06-28,Flare,native-oft,63911506,24263327.300897,ok
1782687600,2026-06-28,HyperEVM,native-oft,39072561,155494289.121242,ok
1782687600,2026-06-28,Ink,native-oft,49189189,67820758.025461,ok
1782687600,2026-06-28,Mantle,native-oft,97278644,381332654.269017,ok
1782687600,2026-06-28,Optimism,native-oft,153544411,9839779.938678,ok
1782687600,2026-06-28,Optimism_L1Bridge,legacy-escrow,25419298,216287117.286271,ok
1782687600,2026-06-28,Plasma,native-oft,25747271,922096940.700197,ok
1782687600,2026-06-28,Polygon,upgraded-in-place,89321736,897593223.391205,ok
1782687600,2026-06-28,Polygon_ERC20Pred,legacy-escrow,25419298,0.020000,ok
1782687600,2026-06-28,Rootstock,native-oft,8995854,1490874.877875,ok
1782687600,2026-06-28,USDT0_lockbox,collateral,25419298,3666776436.702182,ok
1782687600,2026-06-28,Unichain,native-oft,51939241,6075656.850980,ok
1782687600,2026-06-28,XLayer,native-oft,63918564,109279406.681617,ok
1782860400,2026-06-30,Arbitrum,upgraded-in-place,479075308,962551124.725551,ok
1782860400,2026-06-30,Arbitrum_L1Gateway,legacy-escrow,25433639,138801.494111,ok
1782860400,2026-06-30,Berachain,native-oft,22922842,38207340.995035,ok
1782860400,2026-06-30,Flare,native-oft,64051926,23058281.039200,ok
1782860400,2026-06-30,HyperEVM,native-oft,39248241,157166088.902553,ok
1782860400,2026-06-30,Ink,native-oft,49361989,65416365.283443,ok
1782860400,2026-06-30,Mantle,native-oft,97365044,375252488.261325,ok
1782860400,2026-06-30,Optimism,native-oft,153630811,9875853.509249,ok
1782860400,2026-06-30,Optimism_L1Bridge,legacy-escrow,25433639,216623610.627523,ok
1782860400,2026-06-30,Plasma,native-oft,25920065,888386491.142503,ok
1782860400,2026-06-30,Polygon,upgraded-in-place,89436936,897442230.548152,ok
1782860400,2026-06-30,Polygon_ERC20Pred,legacy-escrow,25433639,0.020000,ok
1782860400,2026-06-30,Rootstock,native-oft,9002984,1608902.964363,ok
1782860400,2026-06-30,USDT0_lockbox,collateral,25433639,3629664509.233764,ok
1782860400,2026-06-30,Unichain,native-oft,52112041,6077723.312399,ok
1782860400,2026-06-30,XLayer,native-oft,64091364,110283037.300754,ok
1783033200,2026-07-02,Arbitrum,upgraded-in-place,479767292,969696882.274429,ok
1783033200,2026-07-02,Arbitrum_L1Gateway,legacy-escrow,25447971,138801.494111,ok
1783033200,2026-07-02,Berachain,native-oft,23009242,38137657.963934,ok
1783033200,2026-07-02,Flare,native-oft,64197613,24286222.579729,ok
1783033200,2026-07-02,HyperEVM,native-oft,39423920,149175213.412947,ok
1783033200,2026-07-02,Ink,native-oft,49534789,65905987.206048,ok
1783033200,2026-07-02,Mantle,native-oft,97451444,374528113.277400,ok
1783033200,2026-07-02,Optimism,native-oft,153717211,9666499.709212,ok
1783033200,2026-07-02,Optimism_L1Bridge,legacy-escrow,25447971,211542860.462986,ok
1783033200,2026-07-02,Plasma,native-oft,26092865,909035005.662673,ok
1783033200,2026-07-02,Polygon,upgraded-in-place,89552136,906175006.079829,ok
1783033200,2026-07-02,Polygon_ERC20Pred,legacy-escrow,25447971,0.020000,ok
1783033200,2026-07-02,Rootstock,native-oft,9010076,1642821.168024,ok
1783033200,2026-07-02,USDT0_lockbox,collateral,25447971,3673437190.770510,ok
1783033200,2026-07-02,Unichain,native-oft,52284841,6088849.356921,ok
1783033200,2026-07-02,XLayer,native-oft,64264164,109951959.914436,ok
1783206000,2026-07-04,Arbitrum,upgraded-in-place,480458308,978105207.740273,ok
1783206000,2026-07-04,Arbitrum_L1Gateway,legacy-escrow,25462299,138801.494111,ok
1783206000,2026-07-04,Berachain,native-oft,23095642,37611497.135343,ok
1783206000,2026-07-04,Flare,native-oft,64344974,24300831.616464,ok
1783206000,2026-07-04,HyperEVM,native-oft,39599511,139533296.504848,ok
1783206000,2026-07-04,Ink,native-oft,49707589,65544317.649663,ok
1783206000,2026-07-04,Mantle,native-oft,97537844,375470039.478881,ok
1783206000,2026-07-04,Optimism,native-oft,153803611,9841983.116198,ok
1783206000,2026-07-04,Optimism_L1Bridge,legacy-escrow,25462299,207873282.685001,ok
1783206000,2026-07-04,Plasma,native-oft,26265665,928366470.459598,ok
1783206000,2026-07-04,Polygon,upgraded-in-place,89667336,897678768.906115,ok
1783206000,2026-07-04,Polygon_ERC20Pred,legacy-escrow,25462299,0.020000,ok
1783206000,2026-07-04,Rootstock,native-oft,9017227,1660351.116725,ok
1783206000,2026-07-04,USDT0_lockbox,collateral,25462299,3680108986.866869,ok
1783206000,2026-07-04,Unichain,native-oft,52457641,6097281.716236,ok
1783206000,2026-07-04,XLayer,native-oft,64436964,110020788.460935,ok
1783378800,2026-07-06,Arbitrum,upgraded-in-place,481149755,987551539.409928,ok
1783378800,2026-07-06,Arbitrum_L1Gateway,legacy-escrow,25476642,138801.494111,ok
1783378800,2026-07-06,Berachain,native-oft,23182042,37617918.191964,ok
1783378800,2026-07-06,Flare,native-oft,64492080,23563952.904106,ok
1783378800,2026-07-06,HyperEVM,native-oft,39775191,124447792.966012,ok
1783378800,2026-07-06,Ink,native-oft,49880389,65894712.463086,ok
1783378800,2026-07-06,Mantle,native-oft,97624244,375546362.473833,ok
1783378800,2026-07-06,Optimism,native-oft,153890011,9738601.244289,ok
1783378800,2026-07-06,Optimism_L1Bridge,legacy-escrow,25476642,209508475.765803,ok
1783378800,2026-07-06,Plasma,native-oft,26438461,900237981.601873,ok
1783378800,2026-07-06,Polygon,upgraded-in-place,89782536,896816126.541366,ok
1783378800,2026-07-06,Polygon_ERC20Pred,legacy-escrow,25476642,0.020000,ok
1783378800,2026-07-06,Rootstock,native-oft,9024288,1651185.727958,ok
1783378800,2026-07-06,USDT0_lockbox,collateral,25476642,3692534069.982672,ok
1783378800,2026-07-06,Unichain,native-oft,52630441,6084946.155229,ok
1783378800,2026-07-06,XLayer,native-oft,64609764,110168825.228220,ok
1783551600,2026-07-08,Arbitrum,upgraded-in-place,481841550,952452292.258905,ok
1783551600,2026-07-08,Arbitrum_L1Gateway,legacy-escrow,25490996,138801.494111,ok
1783551600,2026-07-08,Berachain,native-oft,23268442,37563390.078740,ok
1783551600,2026-07-08,Flare,native-oft,64639693,23741662.685082,ok
1783551600,2026-07-08,HyperEVM,native-oft,39950871,124523575.329508,ok
1783551600,2026-07-08,Ink,native-oft,50053189,63314376.273983,ok
1783551600,2026-07-08,Mantle,native-oft,97710644,401529369.940616,ok
1783551600,2026-07-08,Optimism,native-oft,153976411,9764141.014283,ok
1783551600,2026-07-08,Optimism_L1Bridge,legacy-escrow,25490996,212262851.594159,ok
1783551600,2026-07-08,Plasma,native-oft,26611251,838641825.312131,ok
1783551600,2026-07-08,Polygon,upgraded-in-place,89897736,901578046.675960,ok
1783551600,2026-07-08,Polygon_ERC20Pred,legacy-escrow,25490996,0.020000,ok
1783551600,2026-07-08,Rootstock,native-oft,9031422,1702374.276795,ok
1783551600,2026-07-08,USDT0_lockbox,collateral,25490996,3588830172.914037,ok
1783551600,2026-07-08,Unichain,native-oft,52803241,6148236.378128,ok
1783551600,2026-07-08,XLayer,native-oft,64782564,110282552.263504,ok
1783724400,2026-07-10,Arbitrum,upgraded-in-place,482533683,950223749.213235,ok
1783724400,2026-07-10,Arbitrum_L1Gateway,legacy-escrow,25505341,138801.494111,ok
1783724400,2026-07-10,Berachain,native-oft,23354842,38551570.682058,ok
1783724400,2026-07-10,Flare,native-oft,64793216,24055864.376991,ok
1783724400,2026-07-10,HyperEVM,native-oft,40126551,125716898.933772,ok
1783724400,2026-07-10,Ink,native-oft,50225989,62909160.322582,ok
1783724400,2026-07-10,Mantle,native-oft,97797044,407205244.501007,ok
1783724400,2026-07-10,Optimism,native-oft,154062811,9569527.491931,ok
1783724400,2026-07-10,Optimism_L1Bridge,legacy-escrow,25505341,213468161.139947,ok
1783724400,2026-07-10,Plasma,native-oft,26784047,827123453.061909,ok
1783724400,2026-07-10,Polygon,upgraded-in-place,90012936,908080535.041998,ok
1783724400,2026-07-10,Polygon_ERC20Pred,legacy-escrow,25505341,0.020000,ok
1783724400,2026-07-10,Rootstock,native-oft,9038575,1665443.050268,ok
1783724400,2026-07-10,USDT0_lockbox,collateral,25505341,3583103662.360572,ok
1783724400,2026-07-10,Unichain,native-oft,52976041,6137379.788008,ok
1783724400,2026-07-10,XLayer,native-oft,64955364,110416167.454953,ok
1783897200,2026-07-12,Arbitrum,upgraded-in-place,483224685,953116707.828523,ok
1783897200,2026-07-12,Arbitrum_L1Gateway,legacy-escrow,25519688,138801.494111,ok
1783897200,2026-07-12,Berachain,native-oft,23441242,38545127.871081,ok
1783897200,2026-07-12,Flare,native-oft,64944337,24037555.098352,ok
1783897200,2026-07-12,HyperEVM,native-oft,40302144,127292720.570522,ok
1783897200,2026-07-12,Ink,native-oft,50398789,64821753.679328,ok
1783897200,2026-07-12,Mantle,native-oft,97883444,407137517.461534,ok
1783897200,2026-07-12,Optimism,native-oft,154149211,9843338.398350,ok
1783897200,2026-07-12,Optimism_L1Bridge,legacy-escrow,25519688,219271712.699738,ok
1783897200,2026-07-12,Plasma,native-oft,26956847,825525488.364367,ok
1783897200,2026-07-12,Polygon,upgraded-in-place,90128136,909504384.518889,ok
1783897200,2026-07-12,Polygon_ERC20Pred,legacy-escrow,25519688,0.020000,ok
1783897200,2026-07-12,Rootstock,native-oft,9045640,1652583.997884,ok
1783897200,2026-07-12,USDT0_lockbox,collateral,25519688,3606786323.819634,ok
1783897200,2026-07-12,Unichain,native-oft,53148841,6139807.313037,ok
1783897200,2026-07-12,XLayer,native-oft,65128164,110816072.758130,ok
1784070000,2026-07-14,Arbitrum,upgraded-in-place,483916624,965159164.110622,ok
1784070000,2026-07-14,Arbitrum_L1Gateway,legacy-escrow,25534024,138801.494111,ok
1784070000,2026-07-14,Berachain,native-oft,23527642,38339002.859439,ok
1784070000,2026-07-14,Flare,native-oft,65082153,24309629.811955,ok
1784070000,2026-07-14,HyperEVM,native-oft,40477824,128811831.590875,ok
1784070000,2026-07-14,Ink,native-oft,50571589,65567083.460089,ok
1784070000,2026-07-14,Mantle,native-oft,97969844,407154702.109973,ok
1784070000,2026-07-14,Optimism,native-oft,154235611,9799492.366055,ok
1784070000,2026-07-14,Optimism_L1Bridge,legacy-escrow,25534024,222088356.025098,ok
1784070000,2026-07-14,Plasma,native-oft,27129647,790441686.464976,ok
1784070000,2026-07-14,Polygon,upgraded-in-place,90243336,912054784.551421,ok
1784070000,2026-07-14,Polygon_ERC20Pred,legacy-escrow,25534024,0.020000,ok
1784070000,2026-07-14,Rootstock,native-oft,9052677,1683285.956142,ok
1784070000,2026-07-14,USDT0_lockbox,collateral,25534024,3615636751.502214,ok
1784070000,2026-07-14,Unichain,native-oft,53321641,6080735.119146,ok
1784070000,2026-07-14,XLayer,native-oft,65300964,110896929.338969,ok
1784242800,2026-07-16,Arbitrum,upgraded-in-place,484607903,962591073.702466,ok
1784242800,2026-07-16,Arbitrum_L1Gateway,legacy-escrow,25548376,138801.494111,ok
1784242800,2026-07-16,Berachain,native-oft,23614042,38334777.061745,ok
1784242800,2026-07-16,Flare,native-oft,65233586,24108306.608512,ok
1784242800,2026-07-16,HyperEVM,native-oft,40653504,129853109.341724,ok
1784242800,2026-07-16,Ink,native-oft,50744389,70504657.077744,ok
1784242800,2026-07-16,Mantle,native-oft,98056244,407127853.679817,ok
1784242800,2026-07-16,Optimism,native-oft,154322011,9481539.720149,ok
1784242800,2026-07-16,Optimism_L1Bridge,legacy-escrow,25548376,214211238.269840,ok
1784242800,2026-07-16,Plasma,native-oft,27302447,795524237.533930,ok
1784242800,2026-07-16,Polygon,upgraded-in-place,90358536,919600041.056070,ok
1784242800,2026-07-16,Polygon_ERC20Pred,legacy-escrow,25548376,0.020000,ok
1784242800,2026-07-16,Rootstock,native-oft,9059775,1727066.000863,ok
1784242800,2026-07-16,USDT0_lockbox,collateral,25548376,3613256407.971046,ok
1784242800,2026-07-16,Unichain,native-oft,53494441,6043575.601798,ok
1784242800,2026-07-16,XLayer,native-oft,65473764,111202992.397722,ok
1784415600,2026-07-18,Arbitrum,upgraded-in-place,485298559,917493378.572833,ok
1784415600,2026-07-18,Arbitrum_L1Gateway,legacy-escrow,25562732,138801.494111,ok
1784415600,2026-07-18,Berachain,native-oft,23700442,38294870.305671,ok
1784415600,2026-07-18,Flare,native-oft,65381055,23822015.027786,ok
1784415600,2026-07-18,HyperEVM,native-oft,40829094,126261864.941073,ok
1784415600,2026-07-18,Ink,native-oft,50917189,70353288.747881,ok
1784415600,2026-07-18,Mantle,native-oft,98142644,413692436.314254,ok
1784415600,2026-07-18,Optimism,native-oft,154408411,9519870.287308,ok
1784415600,2026-07-18,Optimism_L1Bridge,legacy-escrow,25562732,215839765.605046,ok
1784415600,2026-07-18,Plasma,native-oft,27475247,748767774.449994,ok
1784415600,2026-07-18,Polygon,upgraded-in-place,90473735,917009057.633442,ok
1784415600,2026-07-18,Polygon_ERC20Pred,legacy-escrow,25562732,0.020000,ok
1784415600,2026-07-18,Rootstock,native-oft,9067027,1660204.316729,ok
1784415600,2026-07-18,USDT0_lockbox,collateral,25562732,3516948472.276393,ok
1784415600,2026-07-18,Unichain,native-oft,53667241,6020859.719854,ok
1784415600,2026-07-18,XLayer,native-oft,65646564,111382007.828002,ok
1784588400,2026-07-20,Arbitrum,upgraded-in-place,485989334,922055336.461943,ok
1784588400,2026-07-20,Arbitrum_L1Gateway,legacy-escrow,25577069,138801.494111,ok
1784588400,2026-07-20,Berachain,native-oft,23786842,38282765.466163,ok
1784588400,2026-07-20,Flare,native-oft,65530946,23492282.544015,ok
1784588400,2026-07-20,HyperEVM,native-oft,41004774,127922852.254536,ok
1784588400,2026-07-20,Ink,native-oft,51089989,70149072.765276,ok
1784588400,2026-07-20,Mantle,native-oft,98229044,405453047.706549,ok
1784588400,2026-07-20,Optimism,native-oft,154494811,9502629.532328,ok
1784588400,2026-07-20,Optimism_L1Bridge,legacy-escrow,25577069,217786980.589145,ok
1784588400,2026-07-20,Plasma,native-oft,27648047,724991624.082703,ok
1784588400,2026-07-20,Polygon,upgraded-in-place,90588935,910184233.342471,ok
1784588400,2026-07-20,Polygon_ERC20Pred,legacy-escrow,25577069,0.020000,ok
1784588400,2026-07-20,Rootstock,native-oft,9074153,1651688.937427,ok
1784588400,2026-07-20,USDT0_lockbox,collateral,25577069,3474458615.634488,ok
1784588400,2026-07-20,Unichain,native-oft,53840041,5973391.116934,ok
1784588400,2026-07-20,XLayer,native-oft,65819364,111448127.264357,ok
1784761200,2026-07-22,Arbitrum,upgraded-in-place,486680292,910348450.642175,ok
1784761200,2026-07-22,Arbitrum_L1Gateway,legacy-escrow,25591408,138794.985167,ok
1784761200,2026-07-22,Berachain,native-oft,23873242,38276538.305864,ok
1784761200,2026-07-22,Flare,native-oft,65680139,23552728.040663,ok
1784761200,2026-07-22,HyperEVM,native-oft,41180454,106055810.746369,ok
1784761200,2026-07-22,Ink,native-oft,51262789,69526825.196904,ok
1784761200,2026-07-22,Mantle,native-oft,98315444,400487632.255867,ok
1784761200,2026-07-22,Optimism,native-oft,154581211,9347886.102188,ok
1784761200,2026-07-22,Optimism_L1Bridge,legacy-escrow,25591408,220530994.793294,ok
1784761200,2026-07-22,Plasma,native-oft,27820847,742843346.991947,ok
1784761200,2026-07-22,Polygon,upgraded-in-place,90704135,905951742.303150,ok
1784761200,2026-07-22,Polygon_ERC20Pred,legacy-escrow,25591408,0.020000,ok
1784761200,2026-07-22,Rootstock,native-oft,9081267,1658291.923770,ok
1784761200,2026-07-22,USDT0_lockbox,collateral,25591408,3472596504.077898,ok
1784761200,2026-07-22,Unichain,native-oft,54012841,6023502.739840,ok
1784761200,2026-07-22,XLayer,native-oft,65992164,111853404.682288,ok
1784934000,2026-07-24,Arbitrum,upgraded-in-place,487370577,881843012.559709,ok
1784934000,2026-07-24,Arbitrum_L1Gateway,legacy-escrow,25605752,138794.985167,ok
1784934000,2026-07-24,Berachain,native-oft,23959642,38281679.853679,ok
1784934000,2026-07-24,Flare,native-oft,65830482,23270373.157260,ok
1784934000,2026-07-24,HyperEVM,native-oft,41356134,106926184.394539,ok
1784934000,2026-07-24,Ink,native-oft,51435589,67112332.940978,ok
1784934000,2026-07-24,Mantle,native-oft,98401844,392824631.877875,ok
1784934000,2026-07-24,Optimism,native-oft,154667611,9663318.880131,ok
1784934000,2026-07-24,Optimism_L1Bridge,legacy-escrow,25605752,214082120.060671,ok
1784934000,2026-07-24,Plasma,native-oft,27993644,742462519.962384,ok
1784934000,2026-07-24,Polygon,upgraded-in-place,90819335,869614810.094819,ok
1784934000,2026-07-24,Polygon_ERC20Pred,legacy-escrow,25605752,0.020000,ok
1784934000,2026-07-24,Rootstock,native-oft,9088504,1733905.932487,ok
1784934000,2026-07-24,USDT0_lockbox,collateral,25605752,3388193513.070329,ok
1784934000,2026-07-24,Unichain,native-oft,54185641,5937961.853329,ok
1784934000,2026-07-24,XLayer,native-oft,66164964,111975799.225083,ok
